time,d2m,fdir,sp,ssrd,strd,t2m,tcc,tp,u10,v10
2022-01-01 00:00:00,264.4365,0.0,80826.055,0.0625,798910.5,275.67462,0.0,0.0,0.6907561,-0.379998
2022-01-01 01:00:00,265.02075,0.0,80814.83,0.0625,791857.4,275.36975,0.0,0.0,0.757004,-0.35798538
2022-01-01 02:00:00,265.01797,0.0,80801.85,0.0625,787867.6,274.80527,0.0,0.0,0.7236091,-0.20856193
2022-01-01 03:00:00,265.12076,0.0,80797.63,0.0625,785981.2,274.74088,0.0,0.0,0.7708039,-0.27299625
2022-01-01 04:00:00,265.0144,0.0,80797.37,0.0625,785430.3,275.15353,0.0,0.0,0.77559847,-0.31315833
2022-01-01 05:00:00,264.50922,0.0,80776.484,0.0625,784720.8,274.01797,0.0,0.0,0.61854625,-0.28305498
2022-01-01 06:00:00,264.28705,0.0,80795.8,0.0625,782525.6,273.3834,0.021393806,0.0,0.6464796,-0.23283413
2022-01-01 07:00:00,263.89493,,80819.63,,,273.2579,0.23099813,,0.68587816,-0.24216399
2022-01-01 08:00:00,263.7704,,80848.37,,,273.5535,0.2718783,,0.6782069,-0.22139049
2022-01-01 09:00:00,263.97675,,80851.875,,,274.0952,0.28295666,,0.6300948,-0.16162111
2022-01-01 10:00:00,264.02972,,80873.38,,,274.30963,0.21348023,,0.47525227,-0.13647422
2022-01-01 11:00:00,265.19388,,80864.31,,,274.964,0.40553614,,0.40091616,-0.20659393
2022-01-01 12:00:00,265.92322,,80812.81,,,275.62402,0.40202647,,0.3879501,-0.1277275
2022-01-01 13:00:00,265.37613,,80785.06,,,276.38196,0.30688357,,0.42005262,-0.24668312
2022-01-01 14:00:00,263.93445,,80744.875,,,276.90784,0.10310835,,0.41767618,-0.19981518
2022-01-01 15:00:00,263.0897,,80725.484,,,275.7938,0.008942068,,0.42743203,-0.07262303
2022-01-01 16:00:00,263.32806,,80726.56,,,274.2258,0.0,,0.44886148,-0.14631431
2022-01-01 17:00:00,262.57816,,80726.56,,,273.57596,0.0,,0.44623494,-0.29923645
2022-01-01 18:00:00,262.48605,,80718.88,,,273.47174,0.0,,0.33295888,-0.3114819
2022-01-01 19:00:00,262.57382,,80736.8,,,273.0989,0.035463065,,0.24190444,-0.16694203
2022-01-01 20:00:00,262.37537,,80736.88,,,273.1444,0.1413944,,0.21697286,0.036711194
2022-01-01 21:00:00,262.32635,,80704.016,,,272.4224,0.010284901,,0.054208875,0.40188754
2022-01-01 22:00:00,263.0952,,80677.89,,,273.4298,0.22330734,,0.27213085,0.47791126
2022-01-01 23:00:00,263.34586,,80649.06,,,273.63403,0.6629484,,0.19470957,0.4229526
2022-01-02 00:00:00,263.4,,80607.305,,,273.82092,0.75812185,,0.09898567,0.36937883
2022-01-02 01:00:00,263.181,,80596.58,,,273.62717,0.82993305,,0.16394114,0.20231612
2022-01-02 02:00:00,263.07388,,80580.55,,,273.1022,0.54805976,,0.1761151,0.28460836
2022-01-02 03:00:00,262.7118,,80530.89,,,272.5871,0.10637388,,0.30131495,0.3701806
2022-01-02 04:00:00,262.83392,,80483.38,,,272.72546,0.03993407,,0.34142226,0.5260912
2022-01-02 05:00:00,262.9952,,80446.3,,,272.50595,0.51134545,,0.28730658,0.4811184
2022-01-02 06:00:00,262.8699,,80420.88,,,271.95343,0.91933835,,0.16990304,0.41318542
2022-01-02 07:00:00,263.06793,,80435.93,,,271.61414,0.93331605,,0.23869419,0.30013382
2022-01-02 08:00:00,263.11102,,80427.62,,,272.01694,0.8348008,,0.27017134,0.23730306
2022-01-02 09:00:00,263.73245,,80444.95,,,272.96265,0.92600673,,0.37906978,0.10500865
2022-01-02 10:00:00,266.19638,,80475.89,,,272.83356,0.63485575,,0.6445618,-0.045508146
2022-01-02 11:00:00,267.45303,,80453.88,,,274.34558,0.7324554,,0.32024294,-0.35696492
2022-01-02 12:00:00,265.90463,,80414.33,,,276.99707,0.9883875,,0.55429953,-0.37402108
2022-01-02 13:00:00,265.71686,,80328.75,,,276.94345,0.6318496,,0.5341625,0.15887398
2022-01-02 14:00:00,265.74652,,80302.445,,,276.37866,0.064593405,,0.795944,0.095387235
2022-01-02 15:00:00,265.47296,,80319.01,,,275.7965,0.97688186,,1.0668559,0.17228565
2022-01-02 16:00:00,265.46863,,80355.336,,,276.31128,0.96682584,,0.94624215,-0.2420182
2022-01-02 17:00:00,265.32077,,80312.766,,,276.06033,0.675507,,0.8669448,-0.11963676
2022-01-02 18:00:00,265.5805,,80342.49,,,276.00403,0.8477866,,0.8206671,-0.03763608
2022-01-02 19:00:00,265.8513,,80277.61,,,275.99866,0.96819925,,0.57948124,0.15632284
2022-01-02 20:00:00,265.69473,,80282.1,,,275.82166,0.9777822,,1.5219197,-0.3086392
2022-01-02 21:00:00,265.7489,,80309.266,,,275.5707,0.9634688,,1.1715019,0.19386093
2022-01-02 22:00:00,267.0443,,80277.7,,,274.6726,0.83338165,,0.8636928,0.53126633
2022-01-02 23:00:00,267.23682,,80245.24,,,273.95447,0.75188076,,1.0344199,0.44394478
2022-01-03 00:00:00,267.8448,,80211.92,,,273.891,0.8447805,,1.1743785,0.37732378
2022-01-03 01:00:00,268.29108,,80191.67,,,273.84937,0.98321456,,1.182967,0.54037756
2022-01-03 02:00:00,268.6931,,80153.65,,,273.45316,0.9066577,,1.2183632,0.2975098
2022-01-03 03:00:00,269.56396,,80127.38,,,274.13086,0.23963499,,1.2533841,0.1593842
2022-01-03 04:00:00,269.75885,,80066.68,,,273.87213,0.9850457,,1.1712934,-0.07043636
2022-01-03 05:00:00,269.66714,,80068.11,,,273.11267,0.948545,,1.122139,-0.123062566
2022-01-03 06:00:00,269.57227,,80029.86,,,272.70032,0.9581127,,1.0588928,-0.1845084
2022-01-03 07:00:00,269.4252,,80029.23,,,273.3211,0.99291956,,0.9668795,-0.41155916
2022-01-03 08:00:00,268.9564,,79993.94,,,272.3613,0.81470406,,0.80253124,-0.23487502
2022-01-03 09:00:00,269.04532,,80048.18,,,272.09778,0.9595776,,1.080906,-0.38262203
2022-01-03 10:00:00,269.76398,,80027.75,,,273.16388,0.9740131,,0.8238357,-0.4418812
2022-01-03 11:00:00,269.4181,,79950.48,,,272.983,0.88006043,,0.6729955,0.2051588
2022-01-03 12:00:00,268.62747,,79916.89,,,273.54062,0.8097447,,1.1546167,0.09101386
2022-01-03 13:00:00,268.65396,,79817.125,,,273.4852,0.9345826,,0.8175819,0.37258595
2022-01-03 14:00:00,268.58795,,79750.68,,,273.20462,0.8519982,,0.98380625,0.681273
2022-01-03 15:00:00,268.6512,,79756.195,,,272.96774,0.99375886,,1.0208285,0.19808853
2022-01-03 16:00:00,268.68323,,79696.89,,,272.40292,0.99555945,,0.72402596,0.64023614
2022-01-03 17:00:00,269.0643,,79670.89,,,272.74673,1.0,,0.98514044,0.6576568
2022-01-03 18:00:00,268.66464,,79655.13,,,272.4344,1.0,,0.8727816,0.26645887
2022-01-03 19:00:00,268.71246,,79618.445,,,272.63052,0.9996643,,0.62630093,0.4327198
2022-01-03 20:00:00,268.79272,,79501.08,,,272.28256,0.9773396,,0.5598862,0.8365276
2022-01-03 21:00:00,268.85953,,79466.016,,,272.1415,0.99700916,,0.46703905,0.50910795
2022-01-03 22:00:00,269.4438,,79396.516,,,272.61166,1.0,,0.22689548,1.5698687
2022-01-03 23:00:00,269.83633,,79356.414,,,272.8081,1.0,,0.25653818,1.3563025
2022-01-04 00:00:00,270.4194,,79266.17,,,272.77548,0.99804676,,0.23048094,1.6132379
2022-01-04 01:00:00,270.75223,,79187.375,,,273.16388,0.9993439,,0.623174,1.6711122
2022-01-04 02:00:00,271.27167,,79176.87,,,273.3837,1.0,,0.38753316,1.734526
2022-01-04 03:00:00,271.49026,,79099.15,,,273.37592,1.0,,0.45265543,1.6139668
2022-01-04 04:00:00,271.8575,,79025.016,,,273.2208,0.99949646,,0.48817664,1.4952298
2022-01-04 05:00:00,272.2975,,78997.49,,,273.44687,0.9986877,,0.51010644,1.3958814
2022-01-04 06:00:00,273.06635,,78972.4,,,273.90656,0.9598523,,0.07342875,1.5555094
2022-01-04 07:00:00,273.09717,,78930.73,,,274.0509,0.96941996,,-0.010079503,1.6274514
2022-01-04 08:00:00,272.34332,,78907.6,,,273.58823,0.99949646,,0.023273766,1.7705334
2022-01-04 09:00:00,272.5821,,78890.63,,,273.85925,0.99819934,,-0.2061134,2.0619457
2022-01-04 10:00:00,272.92917,,78865.76,,,274.82114,0.9643996,,0.45907593,2.0921948
2022-01-04 11:00:00,272.8849,,78844.93,,,275.3527,0.6105779,,-0.39397573,1.5920999
2022-01-04 12:00:00,272.68765,,78730.3,,,275.83994,0.7780813,,0.06454843,1.815652
2022-01-04 13:00:00,272.65128,,78659.18,,,276.04266,0.7046526,,-0.3847202,1.9740409
2022-01-04 14:00:00,272.05515,,78628.875,,,275.38562,0.69932705,,-0.028048575,2.1924179
2022-01-04 15:00:00,271.83023,,78611.05,,,275.24158,0.712908,,-0.50883603,2.0997024
2022-01-04 16:00:00,271.06296,,78564.08,,,274.52527,0.6738895,,-0.5808791,2.024116
2022-01-04 17:00:00,270.76172,,78557.125,,,274.3905,0.86390066,,-0.44346356,2.2452626
2022-01-04 18:00:00,270.43442,,78559.14,,,273.835,0.99771106,,-0.3904736,2.022804
2022-01-04 19:00:00,269.91696,,78534.805,,,273.40286,0.8683564,,-0.33285582,1.9046501
2022-01-04 20:00:00,269.86084,,78524.305,,,273.487,0.9864191,,-0.5319748,1.9951788
2022-01-04 21:00:00,269.7612,,78483.76,,,272.93448,0.9996643,,-0.44554818,1.8572719
2022-01-04 22:00:00,269.74344,,78450.625,,,272.41852,0.9929806,,-0.24376088,1.1880007
2022-01-04 23:00:00,269.8972,,78424.76,,,272.38617,1.0,,-0.20507109,1.1673
2022-01-05 00:00:00,269.41257,,78411.875,,,271.56204,0.99475074,,-0.2313785,0.79614675
2022-01-05 01:00:00,269.98575,,78345.914,,,271.38623,1.0,,0.18828905,0.16995318
2022-01-05 02:00:00,269.93475,,78364.51,,,270.66183,1.0,,0.9022992,-0.80443347
2022-01-05 03:00:00,269.4181,,78392.3,,,270.04703,1.0,,1.0330024,-1.22158
2022-01-05 04:00:00,268.95282,,78373.26,,,269.6014,1.0,,1.0576004,-1.0814136
2022-01-05 05:00:00,268.90143,,78390.77,,,269.399,1.0,,1.0925796,-1.2287233
2022-01-05 06:00:00,268.39307,,78395.58,,,269.23935,0.9993439,,1.2520499,-1.1207011
2022-01-05 07:00:00,267.72107,,78415.375,,,268.96713,0.9202692,,1.3789592,-1.3620381
2022-01-05 08:00:00,267.63608,,78466.74,,,268.74884,0.970244,,1.313962,-1.3102865
2022-01-05 09:00:00,266.97867,,78516.67,,,268.44998,0.88636255,,1.2120677,-1.7581196
2022-01-05 10:00:00,265.58563,,78546.93,,,267.56445,0.7042559,,1.0284163,-2.1486614
2022-01-05 11:00:00,264.7128,,78587.25,,,266.87476,0.81711507,,1.1036696,-1.9987278
2022-01-05 12:00:00,264.00204,,78595.555,,,266.66064,0.886622,,1.0751109,-2.1091554
2022-01-05 13:00:00,263.3336,,78634.93,,,266.19617,0.7921047,,1.1163439,-1.9673123
2022-01-05 14:00:00,263.08417,,78636.51,,,265.70474,0.5164116,,1.2017282,-1.9918761
2022-01-05 15:00:00,262.6841,,78642.43,,,264.93002,0.46831366,,1.0855755,-1.7876399
2022-01-05 16:00:00,262.5173,,78679.83,,,264.4419,0.37857264,,0.844473,-1.4212973
2022-01-05 17:00:00,261.98404,,78690.695,,,263.62973,0.7760823,,0.7555031,-1.4194021
2022-01-05 18:00:00,261.93106,,78723.61,,,263.10477,0.6354966,,0.64577085,-1.5908382
2022-01-05 19:00:00,260.64435,,78755.305,,,261.83264,0.82384443,,0.5136085,-1.4817955
2022-01-05 20:00:00,260.39648,,78777.484,,,261.92307,0.56142706,,0.5307021,-1.2048883
2022-01-05 21:00:00,260.2767,,78808.016,,,262.09167,0.6317428,,0.64364463,-1.2658969
2022-01-05 22:00:00,260.88705,,78841.42,,,262.00244,0.5078205,,0.4353534,-2.0740955
2022-01-05 23:00:00,260.73407,,78875.46,,,261.86676,0.5836754,,0.76004755,-1.5788114
2022-01-06 00:00:00,260.64594,,78874.24,,,262.21506,0.4674744,,0.48233986,-0.9389875
2022-01-06 01:00:00,260.57516,,78883.766,,,261.98987,0.6664429,,0.7979452,-1.1995674
2022-01-06 02:00:00,260.82776,,78947.92,,,262.43427,0.8645873,,0.647647,-0.7234533
2022-01-06 03:00:00,261.0017,,78967.86,,,262.70407,0.8803351,,0.671036,-0.82724786
2022-01-06 04:00:00,261.3875,,79008.13,,,262.86252,0.87801564,,0.701721,-0.6891953
2022-01-06 05:00:00,261.85715,,79049.484,,,262.99725,0.84798497,,0.58527637,-0.60333145
2022-01-06 06:00:00,261.78796,,79064.57,,,262.66904,0.7004868,,0.5207795,-0.80647445
2022-01-06 07:00:00,261.65277,,79114.19,,,262.55826,0.6605527,,0.352137,-0.5781845
2022-01-06 08:00:00,261.6757,,79148.94,,,262.68372,0.68142766,,0.22201756,-0.29325953
2022-01-06 09:00:00,262.54456,,79165.82,,,263.55307,0.4328201,,0.32324472,-0.6405051
2022-01-06 10:00:00,261.96466,,79177.984,,,263.58063,0.9106405,,0.20459047,-1.3771992
2022-01-06 11:00:00,261.65512,,79217.19,,,263.88818,0.7952024,,0.19900379,-1.424067
2022-01-06 12:00:00,261.5824,,79223.29,,,264.45868,0.79395115,,0.0670082,-1.2000048
2022-01-06 13:00:00,261.31122,,79224.95,,,264.1005,0.8016877,,0.052291095,-1.3368183
2022-01-06 14:00:00,261.0598,,79250.19,,,263.58392,0.81278133,,0.12312508,-1.6115389
2022-01-06 15:00:00,261.65317,,79284.445,,,263.89957,0.77850854,,0.15485239,-1.4497242
2022-01-06 16:00:00,262.0623,,79315.29,,,263.8208,0.72192633,,0.10327989,-0.9528365
2022-01-06 17:00:00,262.43192,,79352.83,,,263.55966,0.53769857,,0.22956374,-0.5676155
2022-01-06 18:00:00,261.71326,,79369.7,,,262.94156,0.6204202,,0.29230958,-0.24413201
2022-01-06 19:00:00,260.63684,,79374.914,,,262.0923,0.6705324,,0.3844897,-0.19449425
2022-01-06 20:00:00,258.9477,,79388.38,,,260.1044,0.70762825,,0.24265489,0.0304427
2022-01-06 21:00:00,258.0492,,79390.766,,,260.08316,0.7015397,,0.09981948,0.42280683
2022-01-06 22:00:00,257.71396,,79379.13,,,259.80194,0.74127537,,0.29543644,0.33264253
2022-01-06 23:00:00,256.4154,,79396.83,,,258.823,0.7549937,,0.30969498,0.15435484
2022-01-07 00:00:00,255.74219,,79385.555,,,258.40073,0.7859857,,0.17282146,0.3542907
2022-01-07 01:00:00,255.06622,,79378.51,,,257.59396,0.7281522,,0.20492399,0.4832322
2022-01-07 02:00:00,254.54285,,79390.0,,,257.4002,0.8521508,,0.22164232,0.6082376
2022-01-07 03:00:00,255.18996,,79366.875,,,257.8126,0.93325496,,0.20409018,0.6414753
2022-01-07 04:00:00,255.20024,,79359.56,,,257.6922,0.9615613,,0.2504095,0.36507833
2022-01-07 05:00:00,254.85197,,79375.45,,,257.37207,0.97138846,,0.39462075,0.10282196
2022-01-07 06:00:00,255.2785,,79369.62,,,258.04556,0.86928725,,0.50898075,0.09946905
2022-01-07 07:00:00,255.23936,,79391.44,,,258.38696,0.7834984,,0.55413276,0.09742814
2022-01-07 08:00:00,255.62044,,79395.7,,,259.5953,0.7251156,,0.546795,0.072791494
2022-01-07 09:00:00,256.58655,,79386.45,,,260.82584,0.50325793,,0.48717606,-0.0019202307
2022-01-07 10:00:00,255.64929,,79347.88,,,262.9206,0.15892756,,0.63113713,0.56362927
2022-01-07 11:00:00,257.1886,,79340.48,,,264.66858,0.53009933,,0.85627174,0.18423952
2022-01-07 12:00:00,256.6913,,79318.43,,,264.96176,0.7984374,,1.0510964,-0.10279928
2022-01-07 13:00:00,257.24554,,79256.516,,,265.9018,0.95364165,,1.0448427,-0.31250235
2022-01-07 14:00:00,258.0741,,79238.06,,,265.46518,0.9733875,,1.0758196,-0.22765899
2022-01-07 15:00:00,258.98407,,79236.266,,,265.08334,0.9740436,,0.92301995,-0.15302014
2022-01-07 16:00:00,260.0079,,79235.055,,,264.90097,0.99851984,,1.0678148,-0.048933953
2022-01-07 17:00:00,261.03726,,79255.484,,,264.34247,0.99771106,,1.1865108,-0.059721597
2022-01-07 18:00:00,261.7844,,79254.49,,,263.69324,0.9768361,,1.1421093,-0.12335412
2022-01-07 19:00:00,262.34454,,79268.33,,,263.91632,0.87775624,,1.3225088,-0.21694422
2022-01-07 20:00:00,262.68805,,79270.26,,,263.63602,0.78444445,,1.1145511,-0.5536208
2022-01-07 21:00:00,262.17654,,79260.875,,,263.2548,0.7948667,,0.954914,-0.40944538
2022-01-07 22:00:00,262.3817,,79226.12,,,263.60248,0.6651916,,0.83405006,0.17753369
2022-01-07 23:00:00,262.22397,,79181.67,,,263.8136,0.5720934,,0.87424076,0.43323
2022-01-08 00:00:00,261.54407,,79090.3,,,263.20688,0.75615335,,0.69296575,0.5932225
2022-01-08 01:00:00,260.74673,,79037.01,,,262.42886,0.9876245,,0.60804,0.6467233
2022-01-08 02:00:00,260.77875,,79014.734,,,262.48816,0.94811773,,0.6875042,0.32032418
2022-01-08 03:00:00,261.32584,,78998.08,,,263.26468,0.9322326,,0.6198387,0.34226394
2022-01-08 04:00:00,261.37488,,78958.92,,,263.03888,0.9795675,,0.63776606,0.22673409
2022-01-08 05:00:00,261.50412,,78999.695,,,263.09637,0.9593029,,0.75245965,0.11258915
2022-01-08 06:00:00,260.71985,,79050.25,,,263.18503,0.8486717,,0.7518343,0.16660026
2022-01-08 07:00:00,260.09726,,79095.42,,,262.9769,0.7291441,,1.3439382,-0.26592597
2022-01-08 08:00:00,260.2178,,79130.08,,,263.1416,0.7439763,,1.0264568,0.03073426
2022-01-08 09:00:00,261.1527,,79171.61,,,263.56805,0.92944014,,0.91555715,-0.09259476
2022-01-08 10:00:00,261.0855,,79217.945,,,263.6549,0.9641707,,1.0572668,-0.42139924
2022-01-08 11:00:00,261.72867,,79195.01,,,264.63174,0.98651063,,1.0154085,0.029276468
2022-01-08 12:00:00,261.56976,,79165.055,,,264.9579,0.95271087,,1.1072551,-0.02961824
2022-01-08 13:00:00,261.30054,,79132.87,,,264.91086,0.97625625,,0.97225773,0.024247095
2022-01-08 14:00:00,260.1759,,79093.086,,,263.72617,0.95278716,,1.1388156,-0.16380778
2022-01-08 15:00:00,259.3442,,78979.17,,,263.13293,1.0,,1.0585176,0.12804171
2022-01-08 16:00:00,259.8415,,78890.19,,,263.30722,0.9976958,,1.0111977,0.32068864
2022-01-08 17:00:00,260.28226,,78849.234,,,263.374,0.87185085,,0.8309232,0.43118912
2022-01-08 18:00:00,261.34164,,78810.625,,,264.16757,0.92570156,,0.7708039,0.7644398
2022-01-08 19:00:00,262.30185,,78776.766,,,264.90817,1.0,,0.6813755,1.1016266
2022-01-08 20:00:00,263.00903,,78651.32,,,265.20944,1.0,,0.16823542,1.6702375
2022-01-08 21:00:00,262.90863,,78485.87,,,264.58682,1.0,,-0.24717963,2.0634763
2022-01-08 22:00:00,263.0063,,78370.39,,,264.57697,0.9961851,,-0.6836072,2.398039
2022-01-08 23:00:00,264.25424,,78265.234,,,265.69128,0.99105793,,-0.63386905,2.3460689
2022-01-09 00:00:00,264.8626,,78203.32,,,266.15753,0.985534,,-0.6394558,2.4519043
2022-01-09 01:00:00,263.80914,,78181.81,,,265.3454,0.9825431,,-0.43445826,2.0569162
2022-01-09 02:00:00,263.4261,,78157.7,,,265.24985,1.0,,0.024232626,1.9948872
2022-01-09 03:00:00,263.05728,,78164.44,,,264.86505,0.99105793,,0.6139185,1.4676776
2022-01-09 04:00:00,262.80072,,78156.94,,,265.21243,0.99949646,,0.9336513,0.944404
2022-01-09 05:00:00,262.69043,,78165.24,,,265.34897,0.99983215,,1.5602759,-0.08683649
2022-01-09 06:00:00,261.74686,,78244.984,,,264.32748,1.0,,2.0485678,-0.43247843
2022-01-09 07:00:00,261.40018,,78288.984,,,264.17896,0.9856866,,1.6889778,-0.85552907
2022-01-09 08:00:00,261.1867,,78328.32,,,264.102,0.71206874,,1.327887,-0.9159545
2022-01-09 09:00:00,261.5492,,78353.19,,,264.58325,0.79556865,,1.6356959,-0.9139135
2022-01-09 10:00:00,263.07468,,78365.0,,,264.9381,0.598645,,1.2098998,-0.58824325
2022-01-09 11:00:00,263.44308,,78330.61,,,265.28967,0.7106954,,1.5775778,-1.1019684
2022-01-09 12:00:00,263.42648,,78318.93,,,265.15372,0.74530387,,1.5091203,-1.2789441
2022-01-09 13:00:00,263.71545,,78306.54,,,265.3385,0.9482856,,1.1907216,-1.1535013
2022-01-09 14:00:00,263.20157,,78300.7,,,264.73447,0.9571361,,0.7893567,-1.0300266
2022-01-09 15:00:00,263.31976,,78313.81,,,264.7743,0.92112374,,0.6503986,-1.0628997
2022-01-09 16:00:00,263.77948,,78347.67,,,264.86804,0.8429189,,0.8103276,-0.7534108
2022-01-09 17:00:00,263.91586,,78392.88,,,264.8174,0.97949123,,0.454198,-0.5297859
2022-01-09 18:00:00,264.11432,,78388.7,,,265.15253,0.9812614,,0.26133272,-0.29551908
2022-01-09 19:00:00,264.02576,,78428.305,,,265.2229,0.970305,,0.46699733,-0.18414396
2022-01-09 20:00:00,263.86407,,78443.125,,,265.13217,0.9552134,,0.379987,-0.17219007
2022-01-09 21:00:00,263.74667,,78443.08,,,264.92343,0.9704577,,0.58444256,-0.12736304
2022-01-09 22:00:00,262.68805,,78459.6,,,263.86154,0.9893794,,1.0246223,-0.8851222
2022-01-09 23:00:00,262.35956,,78497.0,,,263.77527,0.99752796,,1.0870347,-0.9491192
2022-01-10 00:00:00,262.22162,,78534.805,,,263.85074,0.9856866,,0.87407404,-0.5808815
2022-01-10 01:00:00,262.24533,,78540.734,,,264.08194,0.95483196,,0.9217692,-0.8897871
2022-01-10 02:00:00,261.97058,,78592.82,,,264.01843,0.67292815,,0.5884866,-0.85407126
2022-01-10 03:00:00,261.90417,,78628.11,,,264.00107,0.90212566,,0.5583436,-0.8566953
2022-01-10 04:00:00,262.42322,,78673.055,,,263.8187,0.9518716,,0.43218485,-1.0772588
2022-01-10 05:00:00,262.57184,,78707.984,,,263.79623,0.9322784,,0.48183954,-1.3347775
2022-01-10 06:00:00,262.42953,,78769.31,,,263.84177,0.882563,,0.4617442,-1.4170697
2022-01-10 07:00:00,262.46234,,78837.2,,,263.8241,0.89448065,,0.43964767,-1.5170741
2022-01-10 08:00:00,262.23743,,78936.43,,,263.72076,0.9177361,,0.29335186,-1.231493
2022-01-10 09:00:00,262.96478,,79005.484,,,264.64673,0.8993026,,0.31065387,-1.2239125
2022-01-10 10:00:00,262.68332,,79082.805,,,264.81262,0.41717914,,0.16948617,-1.3734089
2022-01-10 11:00:00,262.06625,,79140.14,,,264.17657,0.52900064,,-0.022128403,-1.5557784
2022-01-10 12:00:00,262.7707,,79170.49,,,265.01868,0.6159645,,0.009723961,-1.7898995
2022-01-10 13:00:00,262.9193,,79213.32,,,265.18967,0.61564404,,-0.0601511,-2.1084993
2022-01-10 14:00:00,262.36945,,79272.055,,,264.37302,0.5856439,,-0.05160433,-2.050625
2022-01-10 15:00:00,262.22083,,79355.695,,,264.18375,0.4344071,,0.067466855,-1.9493816
2022-01-10 16:00:00,262.8201,,79414.83,,,264.25592,0.48903605,,-0.06327802,-1.7854532
2022-01-10 17:00:00,262.8553,,79478.45,,,264.48233,0.7190423,,-0.15287322,-1.4309187
2022-01-10 18:00:00,261.6567,,79540.73,,,263.34164,0.87540627,,-0.15879345,-1.3734089
2022-01-10 19:00:00,261.26654,,79600.58,,,263.19012,0.8093327,,-0.020669162,-1.246071
2022-01-10 20:00:00,260.40875,,79643.68,,,262.4594,0.77319825,,0.10165393,-0.969674
2022-01-10 21:00:00,259.0655,,79678.57,,,261.1079,0.7037523,,0.09231502,-0.7590233
2022-01-10 22:00:00,259.14297,,79731.73,,,261.3993,0.8035951,,-0.053730607,-1.2271925
2022-01-10 23:00:00,258.49588,,79739.0,,,260.81235,0.8338089,,0.09752649,-1.0222273
2022-01-11 00:00:00,257.76062,,79732.445,,,260.29785,0.8526849,,0.1725713,-0.9631139
2022-01-11 01:00:00,257.2404,,79766.125,,,259.62018,0.87664235,,0.10282129,-0.9859283
2022-01-11 02:00:00,256.8712,,79781.25,,,259.2165,0.78037024,,0.08581114,-0.81646025
2022-01-11 03:00:00,256.84747,,79784.664,,,259.0949,0.6960615,,0.12003994,-0.7289928
2022-01-11 04:00:00,256.08453,,79783.54,,,258.50946,0.7484626,,0.17332178,-0.668859
2022-01-11 05:00:00,255.43149,,79788.26,,,257.88925,0.71586835,,0.24398902,-0.64334774
2022-01-11 06:00:00,255.14766,,79820.63,,,257.8042,0.7583355,,0.24895033,-0.64917886
2022-01-11 07:00:00,254.99547,,79864.945,,,257.76138,0.6744541,,0.16798526,-0.5642626
2022-01-11 08:00:00,255.24292,,79921.12,,,258.22525,0.9189416,,0.18670478,-0.58889925
2022-01-11 09:00:00,256.88422,,79965.875,,,260.29306,0.6930554,,0.18341115,-0.4935598
2022-01-11 10:00:00,257.86893,,80014.5,,,261.52808,0.35676682,,0.34046337,-0.6999829
2022-01-11 11:00:00,257.81833,,80056.08,,,265.15643,0.07690781,,0.19400081,-0.9991213
2022-01-11 12:00:00,258.08673,,80050.06,,,266.97958,0.1317504,,0.19337544,-1.24075
2022-01-11 13:00:00,258.45477,,80074.94,,,267.52283,0.102986276,,0.16156477,-1.3305498
2022-01-11 14:00:00,259.22797,,80065.64,,,267.36978,0.13715228,,0.20471555,-1.1495652
2022-01-11 15:00:00,259.06116,,80080.15,,,266.76877,0.086292416,,0.21822363,-0.98293984
2022-01-11 16:00:00,259.15088,,80102.414,,,266.14197,0.065600544,,0.22105864,-0.6897783
2022-01-11 17:00:00,258.4271,,80140.9,,,264.91116,0.02951184,,0.19571015,-0.55383945
2022-01-11 18:00:00,257.38983,,80159.71,,,263.52673,0.035478324,,0.21330401,-0.5872228
2022-01-11 19:00:00,256.5012,,80195.94,,,262.5325,0.010727435,,0.28989145,-0.60785055
2022-01-11 20:00:00,255.35321,,80212.33,,,262.10455,0.017899394,,0.3580572,-0.57505023
2022-01-11 21:00:00,254.07362,,80227.64,,,262.03867,0.008362204,,0.38765824,-0.56302357
2022-01-11 22:00:00,253.0063,,80244.25,,,261.38193,0.06199929,,0.5131499,-0.6781889
2022-01-11 23:00:00,251.41086,,80277.07,,,261.03455,0.1004532,,0.57539546,-0.75683665
2022-01-12 00:00:00,250.78273,,80290.14,,,260.97287,0.1502144,,0.40295905,-0.7953223
2022-01-12 01:00:00,249.83954,,80309.18,,,261.06628,0.09569225,,0.39916512,-0.7519531
2022-01-12 02:00:00,248.4611,,80328.8,,,261.33194,0.056795806,,0.5236979,-0.72549415
2022-01-12 03:00:00,248.14487,,80319.64,,,261.52478,0.06349474,,0.44323313,-0.7843889
2022-01-12 04:00:00,247.19179,,80335.17,,,262.0842,0.1004532,,0.44444218,-0.7369379
2022-01-12 05:00:00,247.26808,,80355.016,,,262.0776,0.08107367,,0.39299476,-0.78220224
2022-01-12 06:00:00,247.3938,,80408.13,,,262.00302,0.11922237,,0.38719964,-0.80035174
2022-01-12 07:00:00,247.33173,,80466.14,,,261.65506,0.19181177,,0.30235726,-0.70042014
2022-01-12 08:00:00,247.79424,,80523.39,,,261.51282,0.47835442,,0.2737568,-0.63532984
2022-01-12 09:00:00,248.94891,,80569.234,,,262.32495,0.77309144,,0.24144584,-0.62067914
2022-01-12 10:00:00,249.86523,,80628.81,,,261.76135,0.14552975,,0.34951043,-0.18844444
2022-01-12 11:00:00,253.6036,,80616.375,,,263.37668,0.084049255,,0.30673486,-0.34100214
2022-01-12 12:00:00,256.20114,,80605.42,,,265.5056,0.118688285,,0.22139218,-0.8066931
2022-01-12 13:00:00,256.35373,,80615.88,,,266.03986,0.09083974,,0.18632954,-0.93424964
2022-01-12 14:00:00,254.5306,,80625.58,,,266.1324,0.082797974,,0.21626413,-0.78642976
2022-01-12 15:00:00,252.27263,,80648.12,,,265.7748,0.1100972,,0.24002832,-0.70493937
2022-01-12 16:00:00,251.5168,,80682.6,,,264.58383,0.013260484,,0.30289924,-0.71441495
2022-01-12 17:00:00,249.91266,,80712.055,,,263.0991,0.051302403,,0.24494794,-0.45667776
2022-01-12 18:00:00,248.70303,,80737.42,,,262.37018,0.010956317,,0.27621663,-0.64976203
2022-01-12 19:00:00,248.68288,,80775.37,,,261.89282,0.0035707355,,0.3759846,-0.5518714
2022-01-12 20:00:00,248.2275,,80801.27,,,261.16544,0.0,,0.29827148,-0.3864123
2022-01-12 21:00:00,248.70462,,80806.57,,,261.17322,0.0,,0.2351504,-0.17787546
2022-01-12 22:00:00,249.92531,,80820.89,,,261.02316,0.0,,0.5688916,-0.7118639
2022-01-12 23:00:00,250.09845,,80858.516,,,261.5595,0.017289013,,0.5557587,-0.72870135
2022-01-13 00:00:00,250.8776,,80836.11,,,261.79282,0.03012222,,0.4905114,-0.46717384
2022-01-13 01:00:00,250.44276,,80862.83,,,262.21835,0.0029908717,,0.40208352,-0.50595105
2022-01-13 02:00:00,250.50087,,80892.375,,,262.12283,0.0,,0.44202405,-0.37569752
2022-01-13 03:00:00,250.31786,,80887.07,,,261.33432,0.004760951,,0.36931396,-0.30958676
2022-01-13 04:00:00,250.57677,,80887.39,,,261.1891,0.012512773,,0.31911728,-0.20630234
2022-01-13 05:00:00,249.60828,,80884.24,,,260.7875,0.12291518,,0.27392358,-0.15280147
2022-01-13 06:00:00,250.95667,,80895.38,,,260.76712,0.108388156,,0.2540784,-0.057753578
2022-01-13 07:00:00,251.42825,,80918.5,,,261.1046,0.026826173,,0.25028446,-0.06212695
2022-01-13 08:00:00,250.8515,,80943.195,,,261.1693,0.00953719,,0.22622842,-0.092740536
2022-01-13 09:00:00,251.71129,,80987.555,,,262.6361,0.008942068,,0.16356593,0.07235415
2022-01-13 10:00:00,253.75816,,80973.73,,,261.9584,0.013107896,,0.18595433,-0.10571486
2022-01-13 11:00:00,255.39828,,80983.38,,,262.982,0.020264596,,0.099736094,-0.062272727
2022-01-13 12:00:00,257.1313,,80971.89,,,264.3278,0.04832679,,-0.17167616,-0.03559518
2022-01-13 13:00:00,257.3309,,80965.516,,,264.9363,0.10771671,,-0.09066939,0.18700932
2022-01-13 14:00:00,256.3142,,80997.39,,,265.07077,0.005081415,,-0.09204519,0.281547
2022-01-13 15:00:00,255.12433,,80980.33,,,265.53644,0.0,,-0.058191597,0.45116082
2022-01-13 16:00:00,254.87727,,80990.74,,,265.004,0.0059664547,,0.22072512,0.5180005
2022-01-13 17:00:00,253.7645,,81028.19,,,264.22717,0.0936017,,0.03198731,0.4916874
2022-01-13 18:00:00,253.73564,,81052.57,,,263.9334,0.31498635,,-0.08270627,0.6314894
2022-01-13 19:00:00,254.43492,,81077.0,,,263.72617,0.39137533,,-0.077911735,0.5921291
2022-01-13 20:00:00,254.68793,,81083.195,,,263.85883,0.17107412,,-0.06915653,0.5617342
2022-01-13 21:00:00,254.97176,,81088.18,,,264.08792,0.0,,0.022815108,0.5107844
2022-01-13 22:00:00,254.89624,,81073.18,,,264.2658,0.0,,0.2074672,0.609331
2022-01-13 23:00:00,255.06267,,81084.81,,,263.90915,0.0,,0.039616823,0.5007257
2022-01-14 00:00:00,254.98836,,81073.31,,,263.61478,0.0,,0.03173715,0.47317344
2022-01-14 01:00:00,254.89467,,81087.55,,,263.40274,0.0,,0.11115962,0.44977593
2022-01-14 02:00:00,254.94052,,81099.31,,,263.30212,0.0,,0.10982549,0.36252722
2022-01-14 03:00:00,254.79822,,81071.875,,,263.24042,0.0,,0.18908119,0.26026326
2022-01-14 04:00:00,254.56578,,81059.76,,,263.035,0.0029908717,,0.2882655,-0.035084948
2022-01-14 05:00:00,254.10722,,81050.51,,,262.95264,0.008942068,,0.31715778,-0.20827037
2022-01-14 06:00:00,253.91866,,81026.76,,,263.0907,0.008942068,,0.3606004,-0.2212447
2022-01-14 07:00:00,253.83803,,81020.914,,,263.06824,0.0029908717,,0.37560937,-0.15943442
2022-01-14 08:00:00,254.15979,,81031.2,,,263.35452,0.0,,0.4072533,-0.257325
2022-01-14 09:00:00,255.1366,,81033.04,,,264.33917,0.0,,0.37927824,-0.28903192
2022-01-14 10:00:00,255.72638,,81017.64,,,265.34958,0.0,,0.18382806,0.511076
2022-01-14 11:00:00,256.21854,,80981.23,,,265.76404,0.0,,0.30811068,0.049831305
2022-01-14 12:00:00,256.8008,,80936.51,,,267.7627,0.0,,0.2871815,-0.33517098
2022-01-14 13:00:00,256.74667,,80887.93,,,269.2756,0.0,,0.27258945,-0.5089395
2022-01-14 14:00:00,256.12167,,80847.92,,,270.03085,0.0,,0.18095136,-0.52395475
2022-01-14 15:00:00,255.79477,,80825.875,,,269.9593,0.0029908717,,0.16936105,-0.47358814
2022-01-14 16:00:00,256.72174,,80819.99,,,267.5303,0.0077365637,,0.20221406,-0.38991097
2022-01-14 17:00:00,257.04077,,80796.11,,,265.80356,0.0029908717,,0.20025453,-0.18093681
2022-01-14 18:00:00,257.35583,,80790.49,,,265.3397,0.0035707355,,0.17949212,-0.068176776
2022-01-14 19:00:00,257.8116,,80773.08,,,264.97583,0.0,,0.19162437,-0.090262294
2022-01-14 20:00:00,257.87247,,80746.36,,,264.13824,0.0029908717,,0.20292279,-0.11293092
2022-01-14 21:00:00,258.3939,,80702.31,,,263.94537,0.0,,0.1819936,-0.088877395
2022-01-14 22:00:00,259.54343,,80664.1,,,266.0686,0.0,,0.28980806,0.09968771
2022-01-14 23:00:00,259.7909,,80636.9,,,266.26056,0.0,,0.31628224,-0.10673532
2022-01-15 00:00:00,259.57465,,80569.19,,,266.2839,0.0,,0.30740193,-0.12021987
2022-01-15 01:00:00,259.48254,,80559.58,,,266.21234,0.0,,0.2158055,-0.0024304613
2022-01-15 02:00:00,259.22638,,80506.87,,,265.9,0.0,,0.10327989,0.14845079
2022-01-15 03:00:00,259.14023,,80479.39,,,265.98117,0.0,,-0.026255846,0.34751198
2022-01-15 04:00:00,259.20227,,80435.7,,,266.32016,0.0,,0.008890152,0.30742276
2022-01-15 05:00:00,259.09238,,80423.266,,,266.65137,0.0,,0.016894937,0.30960944
2022-01-15 06:00:00,258.73938,,80412.625,,,266.5187,0.0,,0.0268175,0.30698544
2022-01-15 07:00:00,258.47452,,80392.82,,,266.31268,0.0,,-0.0029919744,0.36216277
2022-01-15 08:00:00,258.5959,,80418.64,,,266.7379,0.0,,-0.006285608,0.38359228
2022-01-15 09:00:00,258.70816,,80410.74,,,267.4111,0.0,,-0.062027276,0.5094724
2022-01-15 10:00:00,257.68866,,80409.305,,,266.70767,0.0,,0.18728846,0.5672009
2022-01-15 11:00:00,258.6378,,80390.94,,,267.39703,0.0,,0.271839,0.52929837
2022-01-15 12:00:00,259.6225,,80320.805,,,268.5862,0.0,,0.25516236,0.43118912
2022-01-15 13:00:00,259.00464,,80297.5,,,268.85486,0.0,,0.23552564,0.34080616
2022-01-15 14:00:00,259.09317,,80259.836,,,269.51517,0.0,,0.2653768,0.29656222
2022-01-15 15:00:00,259.44025,,80250.945,,,269.2702,0.0,,0.28980806,0.4172672
2022-01-15 16:00:00,259.53946,,80255.25,,,267.7606,0.0,,0.17494774,0.4054591
2022-01-15 17:00:00,258.8477,,80257.945,,,266.17462,0.0,,0.10603154,0.4436532
2022-01-15 18:00:00,258.4757,,80252.11,,,265.88412,0.0,,0.068800986,0.459616
2022-01-15 19:00:00,257.70566,,80260.195,,,264.95038,0.0,,0.07943231,0.45844978
2022-01-15 20:00:00,257.74164,,80274.875,,,264.92224,0.0,,0.122749865,0.4471519
2022-01-15 21:00:00,257.57086,,80229.305,,,264.72458,0.0,,0.13971835,0.4687272
2022-01-15 22:00:00,258.51562,,80238.19,,,265.7886,0.0,,0.16990304,0.5766765
2022-01-15 23:00:00,258.3251,,80234.82,,,265.71103,0.0,,0.14422107,0.42193213
2022-01-16 00:00:00,258.3421,,80204.29,,,265.81885,0.0,,0.20467386,0.29583335
2022-01-16 01:00:00,258.01044,,80187.32,,,265.7305,0.0,,0.18687153,0.02621511
2022-01-16 02:00:00,258.2571,,80218.88,,,265.97006,0.0,,0.33170813,0.087004945
2022-01-16 03:00:00,258.92398,,80190.195,,,265.87665,0.0,,0.2937688,0.08044489
2022-01-16 04:00:00,258.35632,,80140.9,,,265.99045,0.0,,0.35080287,0.10595621
2022-01-16 05:00:00,258.00452,,80134.38,,,265.74847,0.0,,0.42530575,-0.017299913
2022-01-16 06:00:00,257.89343,,80163.7,,,265.8973,0.008942068,,0.5260743,-0.15826818
2022-01-16 07:00:00,257.62424,,80217.49,,,265.64276,0.010727435,,0.6242163,-0.1748141
2022-01-16 08:00:00,257.35107,,80229.88,,,265.4505,0.0119329095,,0.59419835,-0.10214327
2022-01-16 09:00:00,256.3312,,80253.55,,,265.13098,0.00953719,,0.694967,-0.1595073
2022-01-16 10:00:00,255.37813,,80260.64,,,264.89438,0.012512773,,0.5024352,-0.084868476
2022-01-16 11:00:00,256.4842,,80281.38,,,266.90082,0.0,,0.83379996,-0.28188875
2022-01-16 12:00:00,257.47324,,80224.45,,,267.474,0.008942068,,0.91518193,-0.35047776
2022-01-16 13:00:00,257.31866,,80234.96,,,268.0496,0.0,,1.1380651,-0.4340091
2022-01-16 14:00:00,256.6269,,80243.58,,,267.72495,0.0,,1.0415492,-0.5141876
2022-01-16 15:00:00,257.42816,,80251.75,,,268.46854,0.0,,1.0398815,-0.5908673
2022-01-16 16:00:00,258.16025,,80291.664,,,268.00467,0.023240209,,0.84693277,-0.6343094
2022-01-16 17:00:00,258.6852,,80338.945,,,266.53247,0.0,,0.9572071,-0.7945205
2022-01-16 18:00:00,258.2413,,80378.234,,,265.7392,0.014908522,,0.9168496,-0.8756465
2022-01-16 19:00:00,257.99384,,80423.266,,,264.95517,0.066470325,,0.9551225,-0.75938785
2022-01-16 20:00:00,257.4582,,80469.195,,,264.31104,0.12090093,,0.90484244,-0.6064657
2022-01-16 21:00:00,257.02496,,80473.82,,,263.44885,0.18279341,,0.8637345,-0.432114
2022-01-16 22:00:00,259.19202,,80470.945,,,262.40582,0.23995546,,0.8553545,-0.51316714
2022-01-16 23:00:00,259.57822,,80514.77,,,262.89633,0.42165017,,0.93327606,-0.73380363
2022-01-17 00:00:00,259.78418,,80527.38,,,263.10687,0.6724551,,0.99931556,-0.6504909
2022-01-17 01:00:00,260.52338,,80534.93,,,264.57547,0.6971755,,0.99139416,-0.6452428
2022-01-17 02:00:00,260.2352,,80557.83,,,264.7614,0.77954614,,1.0422996,-0.5478625
2022-01-17 03:00:00,260.85345,,80556.8,,,265.35287,0.8286512,,0.97254956,-0.59210646
2022-01-17 04:00:00,260.98627,,80548.31,,,264.86444,0.8026185,,0.9600421,-0.6238862
2022-01-17 05:00:00,261.31003,,80534.93,,,264.95667,0.9103047,,1.0550156,-0.44312033
2022-01-17 06:00:00,261.78677,,80576.375,,,265.1151,0.8054415,,1.0174931,-0.77352834
2022-01-17 07:00:00,262.26706,,80634.516,,,265.03784,0.88686615,,1.0574336,-0.5916691
2022-01-17 08:00:00,261.78677,,80632.18,,,264.85425,0.8148109,,0.94065547,-0.47832593
2022-01-17 09:00:00,262.12317,,80681.39,,,265.22202,0.7971251,,0.7330314,-1.0451146
2022-01-17 10:00:00,262.45563,,80747.8,,,265.5679,0.4235118,,0.7118521,-1.6380706
2022-01-17 11:00:00,263.52728,,80769.62,,,267.539,0.3548136,,0.7829362,-1.1615192
2022-01-17 12:00:00,263.68463,,80741.734,,,268.68713,0.3440404,,0.8463074,-0.9986111
2022-01-17 13:00:00,263.39447,,80703.57,,,269.3328,0.26804817,,0.8008219,-0.91930735
2022-01-17 14:00:00,263.60358,,80643.54,,,269.2184,0.18340379,,0.9132641,-0.9132575
2022-01-17 15:00:00,262.83908,,80663.3,,,268.22177,0.2527429,,1.0805308,-1.2075853
2022-01-17 16:00:00,262.70425,,80686.87,,,266.6801,0.15975156,,0.9790118,-1.1512417
2022-01-17 17:00:00,262.43347,,80699.484,,,266.13898,0.23192894,,0.74920774,-1.3105053
2022-01-17 18:00:00,262.21408,,80706.31,,,265.6712,0.41548532,,0.81345445,-1.4839094
2022-01-17 19:00:00,262.67184,,80704.11,,,265.632,0.47588238,,0.5277003,-1.3513962
2022-01-17 20:00:00,262.84024,,80697.42,,,265.19986,0.42311507,,0.49134523,-0.9852724
2022-01-17 21:00:00,262.57343,,80711.2,,,264.67728,0.3648696,,0.5035192,-1.1267508
2022-01-17 22:00:00,262.30145,,80703.39,,,264.41644,0.40364397,,0.2579557,-1.1380488
2022-01-17 23:00:00,262.22714,,80715.11,,,264.2604,0.31829765,,0.100695014,-0.7243279
2022-01-18 00:00:00,261.90616,,80695.445,,,264.20233,0.26899424,,0.10803276,-0.48721847
2022-01-18 01:00:00,261.96188,,80676.766,,,264.33887,0.11026505,,0.06992662,-0.42970863
2022-01-18 02:00:00,261.8014,,80679.055,,,264.17926,0.17256954,,0.061546624,-0.32467487
2022-01-18 03:00:00,261.6646,,80653.375,,,263.72107,0.0861398,,0.0412845,-0.26271883
2022-01-18 04:00:00,261.0705,,80648.3,,,263.09518,0.03427282,,0.052374482,-0.30995122
2022-01-18 05:00:00,260.16525,,80656.38,,,262.752,0.02145484,,0.16060585,-0.4168072
2022-01-18 06:00:00,260.0158,,80658.76,,,262.73193,0.00953719,,0.07126075,-0.36316055
2022-01-18 07:00:00,259.82092,,80671.06,,,262.93527,0.004760951,,-0.004200995,-0.036396958
2022-01-18 08:00:00,259.2853,,80694.01,,,263.23294,0.0029908717,,-0.070073724,0.19510005
2022-01-18 09:00:00,259.72842,,80717.94,,,265.02377,0.0,,-0.11430848,0.23351282
2022-01-18 10:00:00,260.64435,,80736.8,,,266.26385,0.0,,0.02114749,0.21171886
2022-01-18 11:00:00,261.4397,,80724.31,,,268.0493,0.013107896,,-0.033927143,0.40042976
2022-01-18 12:00:00,262.35086,,80690.87,,,270.07968,0.0,,-0.5452328,0.6674968
2022-01-18 13:00:00,262.49042,,80676.18,,,270.36896,0.0,,-0.62094474,1.1196303
2022-01-18 14:00:00,262.42282,,80695.31,,,270.21832,0.0,,-0.56749606,1.350617
2022-01-18 15:00:00,261.6595,,80685.74,,,269.24475,0.0,,-0.24876386,1.364539
2022-01-18 16:00:00,261.1207,,80705.95,,,267.23053,0.0,,0.018437505,1.363227
2022-01-18 17:00:00,261.1867,,80709.5,,,266.566,0.0,,0.17557311,1.3517104
2022-01-18 18:00:00,261.23138,,80743.08,,,266.48755,0.0,,0.3001476,1.3076851
2022-01-18 19:00:00,261.3472,,80741.375,,,266.59506,0.0,,0.30690163,1.2617648
2022-01-18 20:00:00,260.41547,,80749.82,,,265.92816,0.0,,0.3292483,1.3191289
2022-01-18 21:00:00,260.0486,,80737.02,,,265.76645,0.0,,0.34959382,1.3430365
2022-01-18 22:00:00,259.72803,,80712.055,,,265.90778,0.4760655,,0.3715236,0.56632626
2022-01-18 23:00:00,259.7802,,80687.45,,,266.16354,0.34942698,,0.37206557,0.5136271
2022-01-19 00:00:00,260.1858,,80656.2,,,266.5831,0.32635468,,0.23306581,0.39758706
2022-01-19 01:00:00,259.9676,,80673.484,,,266.22583,0.23810905,,0.23535886,0.36726502
2022-01-19 02:00:00,259.68335,,80631.375,,,265.8434,0.5065997,,0.24448931,0.42258814
2022-01-19 03:00:00,259.71893,,80582.43,,,265.53375,0.5115438,,0.33900416,0.6014589
2022-01-19 04:00:00,259.7047,,80528.06,,,265.5137,0.5065997,,0.3372531,0.6868855
2022-01-19 05:00:00,259.7221,,80522.445,,,265.43164,0.46520072,,0.29756272,0.69905794
2022-01-19 06:00:00,259.7632,,80487.61,,,265.70624,0.37341493,,0.2153886,0.63542545
2022-01-19 07:00:00,259.4525,,80470.766,,,265.32202,0.331314,,0.15647835,0.6008029
2022-01-19 08:00:00,259.4371,,80445.445,,,265.14563,0.36096317,,0.18020087,0.4556071
2022-01-19 09:00:00,260.066,,80441.945,,,265.17468,0.24894327,,0.23048094,0.27717364
2022-01-19 10:00:00,260.2032,,80407.19,,,263.775,0.523141,,0.021189153,0.73922014
2022-01-19 11:00:00,261.63736,,80344.695,,,266.03415,0.06766057,,0.13784224,1.1635827
2022-01-19 12:00:00,262.82285,,80255.88,,,268.6114,0.0018006265,,-0.03138393,1.1862513
2022-01-19 13:00:00,263.27112,,80173.266,,,269.02405,0.0,,0.14492983,1.0284456
2022-01-19 14:00:00,263.36246,,80113.734,,,268.67188,0.0,,0.2564965,0.85671794
2022-01-19 15:00:00,263.00113,,80062.37,,,267.9783,0.0035707355,,0.24473947,0.32834205
2022-01-19 16:00:00,262.83472,,80040.68,,,267.0739,0.0035707355,,0.17724079,0.11455717
2022-01-19 17:00:00,262.45444,,80020.79,,,266.17102,0.012528032,,0.35780707,-0.082463115
2022-01-19 18:00:00,261.9935,,80005.7,,,265.37802,0.020859718,,0.3888256,-0.068031
2022-01-19 19:00:00,261.65317,,79972.39,,,264.8866,0.05006638,,0.3942455,-0.14441918
2022-01-19 20:00:00,262.20935,,79939.25,,,265.2253,0.3257748,,0.4329353,-0.31257522
2022-01-19 21:00:00,262.71533,,79937.19,,,265.33072,0.8603451,,0.7690112,-0.44333896
2022-01-19 22:00:00,261.51123,,79935.39,,,264.42123,0.94653076,,0.52207196,-0.34020033
2022-01-19 23:00:00,262.4991,,79920.484,,,264.60092,0.9890437,,0.68020815,-0.50886667
2022-01-20 00:00:00,263.5079,,79914.195,,,264.8839,0.98954725,,0.91343087,-0.6224284
2022-01-20 01:00:00,263.56958,,79894.17,,,265.18277,0.9911342,,0.7656759,-0.6284783
2022-01-20 02:00:00,263.66843,,79902.75,,,265.2253,0.92928755,,0.87061363,-0.49501762
2022-01-20 03:00:00,263.89966,,79887.26,,,265.15823,0.9372072,,1.071567,-0.7747675
2022-01-20 04:00:00,263.85025,,79857.445,,,264.80664,0.9755085,,1.1122164,-0.82593584
2022-01-20 05:00:00,264.20523,,79870.42,,,265.0091,0.9577007,,1.1208882,-0.6079234
2022-01-20 06:00:00,263.0731,,79900.73,,,264.05078,0.96777195,,1.1214302,-0.73577166
2022-01-20 07:00:00,262.62164,,79920.76,,,264.12357,0.96385026,,0.7950268,-0.077943966
2022-01-20 08:00:00,263.06638,,79910.07,,,264.6021,0.91248685,,0.7967361,-0.12984128
2022-01-20 09:00:00,263.88623,,79955.33,,,265.39362,0.8903911,,0.98835063,-0.42540815
2022-01-20 10:00:00,264.27795,,79972.75,,,265.6131,0.58935195,,0.84172136,-1.207148
2022-01-20 11:00:00,265.0733,,79971.266,,,266.48965,0.79475987,,1.1525321,-0.99401903
2022-01-20 12:00:00,265.10654,,79922.51,,,266.66544,0.8374254,,1.3362253,-1.3312788
2022-01-20 13:00:00,265.1251,,79894.445,,,266.5861,0.8600247,,1.1687919,-1.0240495
2022-01-20 14:00:00,265.18085,,79884.79,,,266.66513,0.71963745,,1.0835326,-1.1489092
2022-01-20 15:00:00,264.21985,,79839.125,,,265.92065,0.85083854,,1.0852002,-1.1727442
2022-01-20 16:00:00,263.80243,,79886.945,,,265.42294,0.980712,,1.1971004,-1.2024101
2022-01-20 17:00:00,264.37994,,79884.3,,,265.99643,0.996704,,0.9784697,-1.2880553
2022-01-20 18:00:00,264.32422,,79920.44,,,265.8344,0.98031527,,0.85456234,-1.3978269
2022-01-20 19:00:00,263.51028,,79901.94,,,265.27173,0.92794466,,0.9595001,-1.1045196
2022-01-20 20:00:00,262.70663,,79902.93,,,264.50867,0.88704926,,0.8459322,-1.471664
2022-01-20 21:00:00,262.39792,,79904.45,,,264.67517,0.9950559,,0.6079983,-1.3329552
2022-01-20 22:00:00,261.56223,,79910.83,,,264.58594,0.79582804,,0.5911966,-2.0092967
2022-01-20 23:00:00,261.46063,,79939.57,,,264.39636,0.9256558,,0.5652644,-2.3247626
2022-01-21 00:00:00,261.14005,,79941.0,,,264.0909,0.9949033,,0.5605116,-2.069285
2022-01-21 01:00:00,260.78232,,79944.33,,,263.8106,0.94752264,,0.19400081,-1.4870436
2022-01-21 02:00:00,260.3455,,79940.64,,,263.22995,0.96465904,,0.26671094,-1.356207
2022-01-21 03:00:00,259.51062,,79903.6,,,262.366,0.9416782,,0.18666309,-1.2387091
2022-01-21 04:00:00,259.28726,,79901.445,,,262.0653,0.89455694,,0.08747882,-1.1494924
2022-01-21 05:00:00,259.23904,,79930.36,,,261.89014,0.8252331,,0.008348167,-0.9412471
2022-01-21 06:00:00,259.03824,,79923.67,,,261.49963,0.8235545,,0.0146436095,-0.8057455
2022-01-21 07:00:00,258.88208,,79981.32,,,261.47955,0.78726745,,0.059628785,-0.74284184
2022-01-21 08:00:00,259.36633,,80011.27,,,262.04614,0.73112786,,0.0492059,-0.5318997
2022-01-21 09:00:00,260.18896,,80060.39,,,263.00476,0.583828,,0.06350613,-0.72163105
2022-01-21 10:00:00,260.00357,,80084.68,,,263.68335,0.295973,,-0.24959773,-1.2245685
2022-01-21 11:00:00,259.38925,,80122.76,,,264.827,0.28884685,,-0.029841363,-1.2253703
2022-01-21 12:00:00,259.6992,,80122.17,,,265.0992,0.3371126,,0.119623005,-1.4121132
2022-01-21 13:00:00,260.07986,,80129.94,,,265.16122,0.60777014,,0.063255966,-1.4031478
2022-01-21 14:00:00,260.45538,,80141.88,,,264.7881,0.19585553,,0.117079794,-1.0582347
2022-01-21 15:00:00,259.91342,,80148.305,,,264.09482,0.22175089,,0.33654436,-1.8704423
2022-01-21 16:00:00,259.12994,,80202.85,,,262.7523,0.1991058,,0.48113078,-1.4794631
2022-01-21 17:00:00,258.96548,,80237.61,,,261.87277,0.19493994,,0.47833747,-1.3173568
2022-01-21 18:00:00,258.49826,,80259.07,,,261.19836,0.30448782,,0.36989763,-1.0768216
2022-01-21 19:00:00,257.79263,,80278.83,,,260.60962,0.27917233,,0.35668138,-0.89569116
2022-01-21 20:00:00,257.323,,80299.08,,,259.51416,0.5321441,,0.51506776,-0.7819835
2022-01-21 21:00:00,256.9767,,80302.125,,,259.11316,0.53246456,,0.4795882,-0.7596065
2022-01-21 22:00:00,257.44873,,80293.64,,,259.70013,0.25425357,,0.27971873,-0.93104255
2022-01-21 23:00:00,257.31354,,80303.516,,,259.42343,0.4370012,,0.3611424,-0.94467294
2022-01-22 00:00:00,257.0795,,80318.2,,,259.50546,0.36284012,,0.56101185,-0.91179967
2022-01-22 01:00:00,256.59525,,80305.85,,,259.0485,0.34643614,,0.5555086,-0.8012264
2022-01-22 02:00:00,256.20746,,80291.086,,,258.67444,0.30105442,,0.58656883,-0.91435087
2022-01-22 03:00:00,256.45255,,80291.125,,,258.78195,0.3017869,,0.6561938,-1.0023285
2022-01-22 04:00:00,256.5925,,80310.48,,,259.23474,0.3489082,,0.72365075,-1.0726669
2022-01-22 05:00:00,257.42816,,80312.63,,,260.01547,0.6378161,,0.6601128,-1.0418346
2022-01-22 06:00:00,258.20453,,80324.086,,,260.91895,0.65594435,,0.5961162,-1.0106379
2022-01-22 07:00:00,258.5761,,80361.26,,,261.44724,0.74046665,,0.59424007,-1.0346185
2022-01-22 08:00:00,259.44696,,80397.586,,,262.3564,0.8205179,,0.6783737,-1.0626081
2022-01-22 09:00:00,260.83292,,80414.734,,,263.72617,0.628874,,0.6611134,-0.7771728
2022-01-22 10:00:00,260.63486,,80456.445,,,264.5491,0.46896982,,0.2867646,-0.84058666
2022-01-22 11:00:00,261.6089,,80484.06,,,266.56213,0.46153846,,0.49251258,-0.64385796
2022-01-22 12:00:00,262.39355,,80452.63,,,267.22543,0.057543516,,0.5556753,-0.9754323
2022-01-22 13:00:00,262.43112,,80449.664,,,267.49197,0.2408405,,0.51456743,-1.6199211
2022-01-22 14:00:00,262.30066,,80460.484,,,267.33685,0.4247173,,0.45165485,-1.1446817
2022-01-22 15:00:00,262.08365,,80461.2,,,267.38687,0.3451391,,0.47412658,-0.91449666
2022-01-22 16:00:00,262.3734,,80530.62,,,266.58487,0.3636183,,0.50802183,-0.76419854
2022-01-22 17:00:00,261.952,,80564.92,,,264.99023,0.42769292,,0.44652677,-0.52891123
2022-01-22 18:00:00,261.2697,,80576.69,,,263.66867,0.17644545,,0.30660978,-0.40120885
2022-01-22 19:00:00,260.86334,,80620.82,,,262.9281,0.14629272,,0.3907434,-0.58292234
2022-01-22 20:00:00,260.67242,,80622.39,,,262.61783,0.19765615,,0.40587747,-0.5997598
2022-01-22 21:00:00,260.70602,,80627.42,,,262.6508,0.09212154,,0.42772385,-0.5480083
2022-01-22 22:00:00,261.1883,,80598.016,,,263.595,0.046785593,,0.36535323,-0.7945205
2022-01-22 23:00:00,261.22662,,80617.5,,,263.73276,0.016388685,,0.30619287,-0.7322
2022-01-23 00:00:00,261.28238,,80581.984,,,263.98312,0.021149665,,0.321452,-0.5902842
2022-01-23 01:00:00,261.29462,,80553.43,,,264.00256,0.16480246,,0.38073742,-0.571916
2022-01-23 02:00:00,260.94003,,80553.38,,,263.83728,0.23813957,,0.47020757,-0.54822695
2022-01-23 03:00:00,260.70444,,80515.35,,,263.83487,0.34961012,,0.56409705,-0.55704653
2022-01-23 04:00:00,260.30478,,80510.234,,,264.01157,0.5535684,,0.594657,-0.51324
2022-01-23 05:00:00,260.24036,,80500.625,,,264.34995,0.45880702,,0.55821854,-0.4412981
2022-01-23 06:00:00,259.69284,,80496.0,,,264.19992,0.33612072,,0.54725367,-0.4835011
2022-01-23 07:00:00,259.4276,,80537.13,,,264.3182,0.27728015,,0.4864673,-0.552819
2022-01-23 08:00:00,259.02084,,80560.43,,,263.5309,0.24563196,,0.38344738,-0.4772326
2022-01-23 09:00:00,260.10712,,80554.234,,,265.03723,0.28272778,,0.40245876,-0.46564314
2022-01-23 10:00:00,259.79523,,80590.11,,,264.12146,0.065081716,,0.38223833,-0.36629477
2022-01-23 11:00:00,261.3286,,80586.38,,,267.43958,0.036943227,,0.37585953,-0.42497084
2022-01-23 12:00:00,262.5833,,80532.73,,,269.69696,0.03755361,,0.12445921,-0.54808116
2022-01-23 13:00:00,262.93158,,80522.05,,,270.2309,0.029206663,,0.0023445487,-0.29508176
2022-01-23 14:00:00,262.42517,,80485.85,,,269.85895,0.021760017,,0.020397007,-0.22350428
2022-01-23 15:00:00,261.6595,,80487.29,,,269.30795,0.008362204,,0.017436922,-0.3829136
2022-01-23 16:00:00,260.6732,,80490.26,,,267.17545,0.016678631,,0.10799104,-0.30200624
2022-01-23 17:00:00,258.5611,,80495.51,,,264.51437,0.0059664547,,0.1356743,-0.052651316
2022-01-23 18:00:00,257.51355,,80491.914,,,264.02115,0.0029908717,,0.063714564,0.06397186
2022-01-23 19:00:00,256.25095,,80504.76,,,263.86304,0.0059664547,,0.112743914,0.059088267
2022-01-23 20:00:00,255.08836,,80495.24,,,263.96243,0.0,,0.13033777,0.12869772
2022-01-23 21:00:00,254.39896,,80508.484,,,264.2059,0.0,,0.14593041,0.14619121
2022-01-23 22:00:00,254.76619,,80515.445,,,264.16907,0.0,,0.37023115,0.06054606
2022-01-23 23:00:00,254.19023,,80535.555,,,264.3829,0.0018006265,,0.5291595,-0.14376317
2022-01-24 00:00:00,253.69571,,80535.6,,,264.4814,0.0029908717,,0.47779545,0.09261744
2022-01-24 01:00:00,253.53957,,80530.125,,,264.69196,0.0018006265,,0.31428105,0.12775016
2022-01-24 02:00:00,253.46802,,80526.17,,,265.10162,0.0,,0.28021902,0.07570707
2022-01-24 03:00:00,253.44943,,80531.25,,,265.18307,0.0,,0.20513245,0.19466272
2022-01-24 04:00:00,252.88416,,80513.555,,,264.98093,0.0,,0.22847974,0.17614879
2022-01-24 05:00:00,252.74658,,80522.05,,,264.98392,0.014908522,,0.28017733,0.01943639
2022-01-24 06:00:00,252.20384,,80525.95,,,265.0615,0.0059664547,,0.33420962,-0.113514036
2022-01-24 07:00:00,251.99907,,80541.94,,,265.48523,0.0119329095,,0.42288762,-0.3065254
2022-01-24 08:00:00,251.63539,,80569.95,,,266.06232,0.025635928,,0.43356067,-0.41994146
2022-01-24 09:00:00,253.04703,,80606.01,,,266.43246,0.030396909,,0.43289363,-0.44261006
2022-01-24 10:00:00,255.52043,,80610.27,,,265.78113,0.0059664547,,0.5920304,0.15282415
2022-01-24 11:00:00,258.17093,,80627.11,,,267.44226,0.022660345,,0.52490693,-0.08669071
2022-01-24 12:00:00,260.67517,,80577.805,,,269.46457,0.020859718,,0.35188687,-0.17627189
2022-01-24 13:00:00,261.36618,,80575.3,,,269.7197,0.020264596,,0.24148753,-0.27729672
2022-01-24 14:00:00,260.78864,,80566.805,,,269.6664,0.021149665,,0.25470376,-0.4076231
2022-01-24 15:00:00,259.562,,80582.21,,,269.19983,0.01669389,,0.2536198,-0.43692473
2022-01-24 16:00:00,259.33115,,80595.81,,,268.311,0.017594188,,0.2653768,-0.2469747
2022-01-24 17:00:00,258.3081,,80628.766,,,266.245,0.008056998,,0.23490027,-0.08712804
2022-01-24 18:00:00,257.65192,,80655.62,,,264.8953,0.008362204,,0.2768837,0.01644792
2022-01-24 19:00:00,257.51514,,80674.74,,,264.3116,0.005081415,,0.24073708,0.18190706
2022-01-24 20:00:00,257.37518,,80695.984,,,264.31104,0.0029908717,,0.16823542,0.28438967
2022-01-24 21:00:00,257.50644,,80710.76,,,264.35385,0.015198439,,0.21247017,0.24211377
2022-01-24 22:00:00,259.29437,,80727.01,,,265.17947,0.0,,0.29627028,0.27753806
2022-01-24 23:00:00,259.4114,,80731.54,,,265.28162,0.0,,0.29985574,0.058067817
2022-01-25 00:00:00,259.21652,,80719.42,,,264.9989,0.0,,0.35693154,-0.21388286
2022-01-25 01:00:00,259.07895,,80743.125,,,265.18637,0.0,,0.4329353,-0.33670166
2022-01-25 02:00:00,259.23154,,80727.055,,,266.02878,0.0,,0.47979665,-0.4036871
2022-01-25 03:00:00,258.83267,,80716.81,,,266.15247,0.0,,0.5410833,-0.4521586
2022-01-25 04:00:00,258.60736,,80708.96,,,266.21805,0.0,,0.5677659,-0.49764165
2022-01-25 05:00:00,258.7955,,80708.06,,,266.6891,0.0,,0.5838172,-0.46921477
2022-01-25 06:00:00,259.04733,,80706.49,,,267.43387,0.0029908717,,0.6189215,-0.46848586
2022-01-25 07:00:00,258.92557,,80725.164,,,267.15656,0.0,,0.62742656,-0.48160598
2022-01-25 08:00:00,259.11017,,80745.734,,,266.83972,0.004760951,,0.6283021,-0.5301504
2022-01-25 09:00:00,259.43115,,80754.62,,,266.71545,0.004760951,,0.60774815,-0.5173218
2022-01-25 10:00:00,258.42078,,80763.33,,,265.43854,0.0029908717,,0.4076285,0.20931351
2022-01-25 11:00:00,260.63406,,80771.01,,,267.51593,0.00033572316,,0.28330418,-0.070800796
2022-01-25 12:00:00,261.73737,,80732.44,,,268.81622,0.0049288273,,0.33008215,-0.3362643
2022-01-25 13:00:00,262.10458,,80709.18,,,269.5487,0.004760951,,0.4319764,-0.5253396
2022-01-25 14:00:00,261.29068,,80687.45,,,270.0635,0.0119329095,,0.4132152,-0.66587055
2022-01-25 15:00:00,260.04742,,80686.96,,,269.48642,0.0029908717,,0.44214916,-0.6739613
2022-01-25 16:00:00,259.96127,,80688.4,,,267.63602,0.008942068,,0.49772406,-0.6945162
2022-01-25 17:00:00,258.7714,,80706.58,,,265.82574,0.0,,0.56680703,-0.5523088
2022-01-25 18:00:00,257.80844,,80711.3,,,265.1277,0.0029908717,,0.5570512,-0.46141556
2022-01-25 19:00:00,257.02576,,80728.17,,,264.95428,0.0,,0.58940387,-0.44406787
2022-01-25 20:00:00,256.67352,,80722.92,,,264.95996,0.0,,0.58394223,-0.33764923
2022-01-25 21:00:00,256.48615,,80705.055,,,264.84528,0.0,,0.55759317,-0.27511004
2022-01-25 22:00:00,257.89105,,80680.445,,,265.64786,0.0,,0.6250501,0.19393383
2022-01-25 23:00:00,257.94522,,80674.25,,,266.15216,0.0,,0.5322447,-0.17918746
2022-01-26 00:00:00,257.2487,,80651.625,,,266.54355,0.0,,0.5896957,-0.4945074
2022-01-26 01:00:00,257.3562,,80638.734,,,267.09726,0.0,,0.6787489,-0.5724262
2022-01-26 02:00:00,257.36847,,80618.58,,,267.70248,0.0,,0.7176055,-0.54932034
2022-01-26 03:00:00,257.42578,,80606.01,,,267.4842,0.0,,0.77493143,-0.50500345
2022-01-26 04:00:00,257.58984,,80570.94,,,268.03162,0.0,,0.79406786,-0.47366098
2022-01-26 05:00:00,257.83096,,80552.98,,,267.73544,0.0,,0.80786777,-0.44246432
2022-01-26 06:00:00,257.9733,,80540.36,,,267.5893,0.0,,0.8013639,-0.40623823
2022-01-26 07:00:00,257.59457,,80556.44,,,266.846,0.0,,0.79377604,-0.35834983
2022-01-26 08:00:00,257.47125,,80565.73,,,265.93445,0.0,,0.80211437,-0.37023082
2022-01-26 09:00:00,258.36227,,80593.07,,,266.04733,0.0,,0.79098266,-0.34654173
2022-01-26 10:00:00,258.34842,,80598.375,,,263.71957,0.0071567,,0.59273916,0.043927256
2022-01-26 11:00:00,260.19016,,80594.33,,,266.4489,0.0,,0.6599043,-0.13990003
2022-01-26 12:00:00,261.6413,,80541.08,,,268.29993,0.0,,0.59561586,-0.24493378
2022-01-26 13:00:00,261.7931,,80516.2,,,268.85214,0.0,,0.6518161,-0.5031084
2022-01-26 14:00:00,261.34283,,80527.43,,,269.26392,0.0,,0.6834184,-0.7276809
2022-01-26 15:00:00,259.9075,,80525.14,,,268.9495,0.0,,0.68216765,-0.3502591
2022-01-26 16:00:00,259.21454,,80518.945,,,267.00922,0.0,,0.67720634,-0.58131874
2022-01-26 17:00:00,257.16965,,80575.74,,,264.39337,0.0,,0.6801664,-0.6032585
2022-01-26 18:00:00,256.987,,80554.01,,,263.74023,0.0,,0.5017681,-0.19915918
2022-01-26 19:00:00,255.9189,,80556.8,,,263.80432,0.0,,0.5142756,-0.24420488
2022-01-26 20:00:00,254.79822,,80569.19,,,263.40872,0.068225175,,0.5613454,-0.28108698
2022-01-26 21:00:00,254.47604,,80555.266,,,263.64862,0.1258755,,0.54329294,-0.39399278
2022-01-26 22:00:00,254.29381,,80546.914,,,264.18854,0.005737573,,0.52036256,-0.013145216
2022-01-26 23:00:00,254.31277,,80543.414,,,264.376,0.0,,0.49076155,-0.18647641
2022-01-27 00:00:00,253.7392,,80518.5,,,264.60242,0.09645522,,0.5733109,-0.2967582
2022-01-27 01:00:00,253.98784,,80500.58,,,265.20853,0.26258528,,0.61129194,-0.39282656
2022-01-27 02:00:00,253.43007,,80492.68,,,265.67032,0.4058566,,0.701179,-0.42314857
2022-01-27 03:00:00,253.34232,,80481.23,,,265.48373,0.60693085,,0.71264416,-0.42067033
2022-01-27 04:00:00,253.59215,,80474.45,,,265.66702,0.7745258,,0.7269027,-0.43284288
2022-01-27 05:00:00,253.4696,,80476.56,,,265.83533,0.8608182,,0.66861784,-0.37059528
2022-01-27 06:00:00,252.98575,,80473.64,,,265.4505,0.81166744,,0.62304896,-0.32496643
2022-01-27 07:00:00,252.95451,,80483.12,,,266.03986,0.9244503,,0.63751596,-0.34654173
2022-01-27 08:00:00,253.0988,,80518.18,,,266.19498,0.9207422,,0.70593184,-0.22678432
2022-01-27 09:00:00,253.69887,,80502.83,,,266.5681,0.9645064,,0.6800414,-0.176855
2022-01-27 10:00:00,256.18414,,80515.305,,,264.1038,0.9869989,,0.5548415,-0.23786351
2022-01-27 11:00:00,257.50644,,80497.8,,,266.4076,0.953779,,0.6206725,-0.31716728
2022-01-27 12:00:00,258.7611,,80460.266,,,268.52454,0.94288373,,0.7873972,-0.5174676
2022-01-27 13:00:00,258.37332,,80449.125,,,269.53854,0.890147,,0.87453264,-0.4877287
2022-01-27 14:00:00,256.9036,,80420.62,,,269.7832,0.36363357,,0.8744909,-0.47803435
2022-01-27 15:00:00,255.33464,,80432.42,,,270.55432,0.10533625,,0.9363196,-0.4833553
2022-01-27 16:00:00,255.09982,,80425.06,,,269.98773,0.34346056,,0.94494975,-0.26614463
2022-01-27 17:00:00,254.4045,,80413.88,,,268.46854,0.24279371,,0.9736335,-0.24034175
2022-01-27 18:00:00,253.9076,,80434.266,,,267.69412,0.32354692,,1.0669394,-0.4938514
2022-01-27 19:00:00,253.45853,,80434.805,,,267.32007,0.10823554,,1.0536814,-0.55303764
2022-01-27 20:00:00,253.11185,,80442.75,,,266.0686,0.07944089,,1.0628953,-0.29223907
2022-01-27 21:00:00,253.70125,,80446.07,,,265.735,0.086429745,,1.1997688,-0.40004262
2022-01-27 22:00:00,,,,,,,,,,
2022-01-27 23:00:00,,,,,,,,,,
2022-01-28 00:00:00,,,,,,,,,,
2022-01-28 01:00:00,,,,,,,,,,
2022-01-28 02:00:00,,,,,,,,,,
2022-01-28 03:00:00,,,,,,,,,,
2022-01-28 04:00:00,,,,,,,,,,
2022-01-28 05:00:00,,,,,,,,,,
2022-01-28 06:00:00,,,,,,,,,,
