time,temp,RH,wind,SW_global,ppt,vp_a,press,LW_in,snow_h
2021-12-08 14:00:00,-1.025,96.675,0.58,72.012,0.0,5.25,88.085,315.79,30.335
2021-12-08 15:00:00,-1.28,96.47,0.55,34.115,2.55,5.217,88.1,315.3,31.185
2021-12-08 16:00:00,-1.41,97.275,0.43,4.596,9.21,5.217,88.14,311.975,34.255
2021-12-08 17:00:00,-1.445,97.665,0.36,0.0,8.415,5.233,88.15,309.505,37.06
2021-12-08 18:00:00,-1.485,97.925,0.45,0.0,4.23,5.233,88.165,308.73,38.47
2021-12-08 19:00:00,-1.5,98.07,0.48,0.0,2.28,5.25,88.195,308.565,39.23
2021-12-08 20:00:00,-1.5,98.15,0.485,0.0,3.03,5.217,88.205,308.555,40.24
2021-12-08 21:00:00,-1.5,98.105,0.6,0.0,0.0,5.233,88.235,308.57,40.525
2021-12-08 22:00:00,-1.49,98.165,0.71,0.0,5.475,5.2,88.245,308.68,42.35
2021-12-08 23:00:00,-1.525,98.16,0.71,0.0,1.695,5.2,88.275,308.615,42.915
2021-12-09 00:00:00,-1.595,98.145,0.74,0.0,6.075,5.2,88.305,308.355,44.94
2021-12-09 01:00:00,-1.58,98.32,0.77,0.0,4.845,5.183,88.315,308.27,46.555
2021-12-09 02:00:00,-1.575,98.36,1.15,0.0,3.225,5.1,88.33,308.405,47.63
2021-12-09 03:00:00,-1.715,98.405,1.135,0.0,9.645,5.1,88.38,307.925,50.845
2021-12-09 04:00:00,-1.785,98.345,1.305,0.0,12.255,5.1,88.425,307.58,54.93
2021-12-09 05:00:00,-1.845,98.47,1.105,0.0,9.03,5.117,88.47,307.285,57.94
2021-12-09 06:00:00,-1.86,98.6,1.29,0.0,10.14,5.05,88.515,307.125,61.32
2021-12-09 07:00:00,-1.925,98.565,1.27,0.0,17.085,5.0,88.6,306.955,67.015
2021-12-09 08:00:00,-2.065,98.415,1.1,23.688,4.68,4.967,88.665,306.505,68.575
2021-12-09 09:00:00,-2.17,98.37,1.095,86.297,0.0,5.083,88.72,306.74,68.79
2021-12-09 10:00:00,-2.08,98.04,0.83,205.369,0.0,5.283,88.78,309.58,68.97
2021-12-09 11:00:00,-1.705,97.205,1.235,264.468,0.0,5.217,88.835,314.45,68.085
2021-12-09 12:00:00,-1.56,96.17,1.055,283.574,0.0,5.333,88.825,315.84,67.96
2021-12-09 13:00:00,-1.295,95.03,0.705,296.518,0.0,5.233,88.825,315.875,67.705
2021-12-09 14:00:00,-1.275,93.65,1.09,211.969,0.0,5.067,88.815,315.88,67.265
2021-12-09 15:00:00,-1.475,92.025,0.72,90.004,0.0,4.95,88.825,315.835,66.36
2021-12-09 16:00:00,-1.73,91.035,0.525,11.045,0.0,4.4,88.865,313.205,65.67
2021-12-09 17:00:00,-4.425,91.67,0.49,0.0,0.0,4.1,88.86,298.625,64.82
2021-12-09 18:00:00,-5.335,95.6,0.4,0.0,0.0,4.183,88.905,288.275,64.445
2021-12-09 19:00:00,-4.845,96.695,0.355,0.0,0.0,4.167,88.93,289.135,64.565
2021-12-09 20:00:00,-4.705,95.165,0.355,0.0,0.0,3.733,88.92,290.85,64.7
2021-12-09 21:00:00,-7.255,94.895,0.445,0.0,0.0,3.5,88.88,280.595,65.02
2021-12-09 22:00:00,-8.035,94.645,0.53,0.0,0.0,3.467,88.83,272.02,65.22
2021-12-09 23:00:00,-6.1,88.055,1.14,0.0,0.0,3.817,88.775,278.355,65.15
2021-12-10 00:00:00,-2.945,68.02,3.115,0.0,0.0,4.183,88.64,291.67,65.365
2021-12-10 01:00:00,-2.395,63.485,5.035,0.0,0.0,4.233,88.435,295.62,63.92
2021-12-10 02:00:00,-1.465,56.475,4.745,0.0,0.0,3.833,88.28,297.615,62.575
2021-12-10 03:00:00,-0.45,50.94,4.08,0.0,0.0,3.567,88.125,297.99,62.425
2021-12-10 04:00:00,0.705,43.255,4.79,0.0,0.0,3.617,87.95,294.44,62.19
2021-12-10 05:00:00,-0.16,50.135,2.99,0.0,0.0,3.633,87.885,280.57,62.065
2021-12-10 06:00:00,1.07,40.33,4.455,0.0,0.0,3.983,87.785,285.235,61.87
2021-12-10 07:00:00,1.67,39.02,5.76,0.0,0.0,4.6,87.785,291.635,61.59
2021-12-10 08:00:00,0.595,47.895,7.61,18.278,0.0,4.567,87.78,294.155,60.77
2021-12-10 09:00:00,-0.705,60.76,8.52,65.232,2.115,4.6,87.825,297.335,61.475
2021-12-10 10:00:00,-0.725,61.635,7.95,100.582,0.0,4.683,87.86,298.54,61.6
2021-12-10 11:00:00,-0.86,65.53,7.435,122.582,0.0,4.8,87.825,298.82,60.52
2021-12-10 12:00:00,-0.01,59.08,5.785,122.703,0.0,4.767,87.76,300.74,60.34
2021-12-10 13:00:00,-0.21,65.31,4.04,84.444,0.0,4.833,87.775,302.67,59.9
2021-12-10 14:00:00,-0.425,70.385,3.585,84.565,0.0,4.917,87.77,302.26,59.95
2021-12-10 15:00:00,-1.81,91.9,0.555,43.156,0.0,4.967,87.84,308.635,59.705
2021-12-10 16:00:00,-1.9,94.565,0.395,4.49,0.0,5.017,87.915,308.2,59.43
2021-12-10 17:00:00,-1.985,95.74,0.45,0.0,4.08,5.233,87.995,306.635,60.79
2021-12-10 18:00:00,-1.5,96.3,0.535,0.0,9.525,5.35,88.085,307.42,63.965
2021-12-10 19:00:00,-1.085,96.16,0.82,0.0,1.05,5.3,88.19,309.895,64.315
2021-12-10 20:00:00,-1.22,95.855,0.705,0.0,3.765,5.2,88.275,309.615,65.57
2021-12-10 21:00:00,-1.195,94.21,1.345,0.0,0.0,5.117,88.36,309.315,63.905
2021-12-10 22:00:00,-1.15,90.615,1.505,0.0,2.16,5.05,88.455,308.545,64.625
2021-12-10 23:00:00,-1.26,91.35,1.23,0.0,0.0,5.0,88.555,308.28,64.21
2021-12-11 00:00:00,-1.645,94.53,1.61,0.0,0.0,4.917,88.65,307.54,64.505
2021-12-11 01:00:00,-1.54,89.935,1.27,0.0,0.0,4.867,88.725,306.755,64.285
2021-12-11 02:00:00,-1.6,87.945,0.545,0.0,0.0,4.85,88.815,305.565,64.53
2021-12-11 03:00:00,-1.555,87.19,0.655,0.0,0.0,4.817,88.885,305.505,64.29
2021-12-11 04:00:00,-1.705,88.225,0.59,0.0,0.0,4.8,88.95,304.725,63.59
2021-12-11 05:00:00,-1.705,87.625,0.575,0.0,0.0,4.8,89.02,304.63,62.615
2021-12-11 06:00:00,-1.66,87.04,0.84,0.0,0.0,4.8,89.1,305.395,62.435
2021-12-11 07:00:00,-1.845,89.155,0.9,0.0,4.605,4.8,89.175,305.34,63.97
2021-12-11 08:00:00,-2.01,92.07,1.105,22.482,0.0,4.85,89.25,305.42,64.22
2021-12-11 09:00:00,-2.08,94.115,0.895,83.962,0.0,4.983,89.345,306.485,63.81
2021-12-11 10:00:00,-1.905,94.155,0.77,150.203,2.625,5.083,89.465,309.115,64.685
2021-12-11 11:00:00,-1.71,93.69,0.765,177.206,0.0,5.033,89.545,312.465,64.43
2021-12-11 12:00:00,-1.73,94.455,0.845,201.315,2.445,5.117,89.59,313.44,65.245
2021-12-11 13:00:00,-1.63,94.795,0.97,190.602,0.0,5.25,89.665,312.595,64.535
2021-12-11 14:00:00,-1.32,93.785,0.98,135.602,3.855,5.2,89.715,314.235,65.82
2021-12-11 15:00:00,-1.14,92.07,0.775,68.758,0.0,5.1,89.785,315.44,64.49
2021-12-11 16:00:00,-1.3,92.56,0.755,7.866,0.0,5.083,89.86,311.145,64.265
2021-12-11 17:00:00,-1.48,95.07,0.74,0.0,0.0,5.2,89.93,308.52,63.075
2021-12-11 18:00:00,-1.5,96.935,0.79,0.0,8.025,5.183,90.0,308.365,65.75
2021-12-11 19:00:00,-1.555,97.745,0.71,0.0,0.0,5.2,90.075,308.27,65.93
2021-12-11 20:00:00,-1.49,97.67,0.78,0.0,1.89,5.2,90.12,308.49,66.56
2021-12-11 21:00:00,-1.51,98.105,0.78,0.0,2.25,5.2,90.175,308.49,67.31
2021-12-11 22:00:00,-1.44,98.025,0.565,0.0,2.36,5.2,90.22,308.65,
2021-12-11 23:00:00,-1.47,97.89,0.425,0.0,2.47,5.2,90.26,308.415,66.7
2021-12-12 00:00:00,-1.56,98.23,0.275,0.0,2.58,5.117,90.3,307.865,67.56
2021-12-12 01:00:00,-1.88,97.73,0.315,0.0,0.0,4.6,90.33,306.53,66.815
2021-12-12 02:00:00,-5.23,92.72,0.56,0.0,0.0,3.817,90.36,292.12,65.4
2021-12-12 03:00:00,-7.19,95.245,0.41,0.0,0.0,3.583,90.41,280.385,64.83
2021-12-12 04:00:00,-8.15,95.715,0.32,0.0,0.0,3.5,90.45,272.295,64.33
2021-12-12 05:00:00,-8.525,95.0,0.28,0.0,0.0,3.5,90.46,269.385,64.0
2021-12-12 06:00:00,-8.495,95.74,0.31,0.0,0.0,3.5,90.485,268.315,63.73
2021-12-12 07:00:00,-8.16,94.515,0.32,0.0,0.0,3.5,90.5,270.4,63.285
2021-12-12 08:00:00,-8.7,93.84,0.28,32.714,0.0,3.567,90.57,269.32,63.34
2021-12-12 09:00:00,-7.96,94.115,0.395,147.732,0.0,4.117,90.61,271.785,62.875
2021-12-12 10:00:00,-6.06,95.755,0.29,256.858,0.0,5.117,90.66,285.77,62.615
2021-12-12 11:00:00,-2.42,89.69,0.41,335.546,0.0,5.767,90.66,313.49,61.845
2021-12-12 12:00:00,-0.555,83.425,0.44,340.669,0.0,5.667,90.62,316.13,62.15
2021-12-12 13:00:00,-0.345,79.885,0.5,265.794,1.68,5.85,90.61,316.23,62.71
2021-12-12 14:00:00,0.5,82.815,0.455,168.737,0.0,5.833,90.58,308.385,62.47
2021-12-12 15:00:00,0.5,84.585,0.315,82.711,0.0,5.583,90.565,298.79,62.27
2021-12-12 16:00:00,-0.375,90.67,0.565,8.83,0.0,5.6,90.625,304.59,62.095
2021-12-12 17:00:00,-0.315,91.575,0.47,0.0,0.0,5.567,90.65,303.26,61.37
2021-12-12 18:00:00,-0.25,90.735,0.545,0.0,0.0,5.417,90.7,298.15,60.655
2021-12-12 19:00:00,-0.8,89.49,0.69,0.0,0.0,5.417,90.69,290.51,60.97
2021-12-12 20:00:00,-0.235,87.68,0.705,0.0,0.0,5.317,90.68,294.67,60.245
2021-12-12 21:00:00,-0.905,89.685,0.6,0.0,0.0,4.933,90.625,262.38,59.96
2021-12-12 22:00:00,-2.96,93.22,0.39,0.0,0.0,5.017,90.645,247.23,60.145
2021-12-12 23:00:00,-3.515,96.18,0.3,0.0,0.0,5.1,90.635,257.065,60.455
2021-12-13 00:00:00,-3.26,96.305,0.28,0.0,0.0,5.167,90.645,272.43,60.685
2021-12-13 01:00:00,-3.03,97.3,0.24,0.0,0.0,5.333,90.635,283.39,60.695
2021-12-13 02:00:00,-2.725,97.51,0.34,0.0,0.0,5.383,90.62,288.445,60.645
2021-12-13 03:00:00,-2.26,96.62,0.4,0.0,0.0,5.467,90.655,292.93,60.675
2021-12-13 04:00:00,-2.525,97.635,0.38,0.0,0.0,5.6,90.605,292.27,60.87
2021-12-13 05:00:00,-1.775,97.38,0.39,0.0,0.0,5.333,90.55,296.565,60.735
2021-12-13 06:00:00,-1.98,97.33,0.34,0.0,0.0,5.4,90.57,297.6,60.51
2021-12-13 07:00:00,-2.735,98.07,0.335,0.0,0.0,5.5,90.625,294.39,60.365
2021-12-13 08:00:00,-2.15,98.395,0.345,32.443,0.0,5.65,90.625,296.415,60.2
2021-12-13 09:00:00,-1.93,98.16,0.32,134.833,0.0,5.85,90.66,297.72,60.06
2021-12-13 10:00:00,-1.315,98.37,0.41,232.085,0.0,6.1,90.67,298.87,59.79
2021-12-13 11:00:00,1.79,88.58,0.47,313.787,0.0,6.1,90.655,269.685,59.255
2021-12-13 12:00:00,-0.13,95.285,0.385,339.69,0.0,6.167,90.625,260.25,59.045
2021-12-13 13:00:00,-0.35,97.725,0.37,308.588,0.0,6.133,90.585,263.485,58.5
2021-12-13 14:00:00,-0.72,97.62,0.27,233.14,0.0,6.217,90.565,262.215,58.275
2021-12-13 15:00:00,-0.97,98.26,0.3,116.058,0.0,6.233,90.575,263.115,58.36
2021-12-13 16:00:00,-0.54,97.7,0.335,13.622,0.0,6.133,90.59,267.26,58.415
2021-12-13 17:00:00,-0.535,96.615,0.36,0.0,0.0,6.083,90.615,270.42,58.385
2021-12-13 18:00:00,-1.13,97.685,0.385,0.0,0.0,5.983,90.65,272.415,58.28
2021-12-13 19:00:00,-1.0,97.41,0.51,0.0,0.0,6.067,90.66,276.27,58.55
2021-12-13 20:00:00,-1.145,97.52,0.37,0.0,0.0,5.917,90.68,279.22,58.32
2021-12-13 21:00:00,-0.725,96.96,0.585,0.0,0.0,5.833,90.685,282.325,58.355
2021-12-13 22:00:00,-0.94,96.615,0.47,0.0,0.0,5.75,90.685,282.72,58.205
2021-12-13 23:00:00,-1.59,97.07,0.385,0.0,0.0,5.633,90.68,281.47,58.265
2021-12-14 00:00:00,-1.85,95.09,0.41,0.0,0.0,5.633,90.68,282.09,57.53
2021-12-14 01:00:00,-2.11,95.98,0.34,0.0,0.0,5.617,90.685,280.035,57.52
2021-12-14 02:00:00,-1.77,94.26,0.38,0.0,0.0,5.667,90.68,281.64,57.01
2021-12-14 03:00:00,-1.03,92.695,0.4,0.0,0.0,5.517,90.68,284.11,56.905
2021-12-14 04:00:00,-1.13,91.51,0.48,0.0,0.0,5.35,90.69,283.9,56.71
2021-12-14 05:00:00,-1.815,91.71,0.425,0.0,0.0,5.217,90.71,282.26,56.585
2021-12-14 06:00:00,-2.24,90.39,0.345,0.0,0.0,5.233,90.715,279.865,56.475
2021-12-14 07:00:00,-2.06,89.32,0.42,0.0,0.0,5.25,90.72,281.15,56.65
2021-12-14 08:00:00,-1.9,88.17,0.395,34.221,0.0,5.517,90.73,281.93,56.47
2021-12-14 09:00:00,-0.725,85.04,0.555,138.856,0.0,5.883,90.73,290.13,56.23
2021-12-14 10:00:00,0.035,84.445,0.4,242.889,0.0,6.383,90.755,294.56,56.175
2021-12-14 11:00:00,3.575,76.945,0.585,314.42,0.0,5.883,90.765,306.33,55.765
2021-12-14 12:00:00,1.72,83.31,0.54,350.253,0.0,6.133,90.705,277.045,56.09
2021-12-14 13:00:00,0.705,85.51,0.52,318.714,0.0,6.367,90.66,279.42,55.73
2021-12-14 14:00:00,2.405,81.105,0.44,235.883,0.0,6.467,90.655,282.77,55.535
2021-12-14 15:00:00,2.135,83.84,0.39,117.7,0.0,6.1,90.675,282.54,55.475
2021-12-14 16:00:00,1.875,85.615,0.37,13.727,0.0,5.833,90.71,275.485,55.015
2021-12-14 17:00:00,0.26,85.995,0.3,0.0,0.0,5.933,90.73,271.935,55.27
2021-12-14 18:00:00,0.915,86.825,0.34,0.0,2.22,6.017,90.77,302.02,56.01
2021-12-14 19:00:00,1.68,83.845,0.385,0.0,0.0,5.917,90.785,303.315,55.445
2021-12-14 20:00:00,1.45,83.325,0.495,0.0,0.0,5.967,90.775,289.165,55.17
2021-12-14 21:00:00,1.765,82.775,0.365,0.0,0.0,5.983,90.785,304.055,55.055
2021-12-14 22:00:00,1.92,82.25,0.46,0.0,0.0,5.817,90.78,297.975,54.865
2021-12-14 23:00:00,1.2,82.54,0.41,0.0,0.0,5.8,90.77,276.33,54.75
2021-12-15 00:00:00,0.81,82.525,0.325,0.0,0.0,5.8,90.765,288.43,54.825
2021-12-15 01:00:00,1.285,83.195,0.33,0.0,0.0,5.633,90.775,288.265,54.785
2021-12-15 02:00:00,0.135,85.495,0.29,0.0,0.0,5.533,90.775,267.19,54.63
2021-12-15 03:00:00,-0.475,84.445,0.335,0.0,0.0,5.4,90.8,259.25,54.735
2021-12-15 04:00:00,-0.68,83.87,0.31,0.0,0.0,5.383,90.79,261.805,54.795
2021-12-15 05:00:00,-0.385,83.43,0.33,0.0,0.0,5.367,90.8,258.315,54.89
2021-12-15 06:00:00,-0.325,82.615,0.305,0.0,0.0,5.317,90.8,258.905,54.73
2021-12-15 07:00:00,0.2,80.03,0.34,0.0,0.0,5.433,90.8,255.76,54.87
2021-12-15 08:00:00,-0.275,80.985,0.4,29.233,0.0,5.783,90.825,258.735,54.64
2021-12-15 09:00:00,0.15,82.12,0.23,140.8,0.0,6.167,90.83,272.52,54.66
2021-12-15 10:00:00,2.06,79.785,0.39,253.588,0.0,6.017,90.85,272.615,54.11
2021-12-15 11:00:00,3.04,73.905,0.51,326.098,0.0,5.817,90.85,261.73,53.82
2021-12-15 12:00:00,1.085,82.72,0.47,343.065,0.0,5.983,90.795,259.035,54.105
2021-12-15 13:00:00,0.81,84.32,0.355,312.702,0.0,6.033,90.77,258.155,54.12
2021-12-15 14:00:00,0.63,85.135,0.375,230.473,0.0,5.917,90.735,257.78,54.34
2021-12-15 15:00:00,0.16,86.85,0.3,115.229,0.0,5.85,90.75,255.885,54.31
2021-12-15 16:00:00,-0.265,87.305,0.305,13.501,2.535,5.567,90.775,255.485,55.155
2021-12-15 17:00:00,-0.615,87.435,0.32,0.0,0.0,5.317,90.805,253.995,54.535
2021-12-15 18:00:00,-1.82,89.745,0.395,0.0,0.0,5.35,90.87,251.73,54.33
2021-12-15 19:00:00,-1.965,90.95,0.375,0.0,0.0,5.317,90.905,256.385,53.99
2021-12-15 20:00:00,-1.82,88.73,0.24,0.0,0.0,5.4,90.89,255.94,53.82
2021-12-15 21:00:00,-1.38,86.96,0.32,0.0,0.0,5.383,90.93,253.425,53.785
2021-12-15 22:00:00,-0.23,83.63,0.44,0.0,0.0,5.0,90.945,253.55,53.695
2021-12-15 23:00:00,-2.12,88.425,0.41,0.0,0.0,5.0,90.995,248.465,53.505
2021-12-16 00:00:00,-2.99,91.505,0.295,0.0,0.0,5.117,91.01,249.245,53.37
2021-12-16 01:00:00,-2.78,91.225,0.34,0.0,0.0,4.667,91.025,252.605,53.3
2021-12-16 02:00:00,-3.145,91.245,0.55,0.0,0.0,4.683,91.02,247.995,53.34
2021-12-16 03:00:00,-3.97,93.195,0.43,0.0,0.0,4.867,91.055,245.56,53.21
2021-12-16 04:00:00,-3.575,92.915,0.37,0.0,0.0,4.917,91.02,248.275,52.94
2021-12-16 05:00:00,-3.33,91.62,0.4,0.0,0.0,4.8,90.99,251.525,53.005
2021-12-16 06:00:00,-3.37,92.01,0.385,0.0,0.0,4.55,91.005,248.295,52.9
2021-12-16 07:00:00,-3.81,92.13,0.44,0.0,0.0,4.25,91.06,242.7,52.76
2021-12-16 08:00:00,-4.85,94.06,0.535,31.99,0.0,4.483,91.095,237.915,52.665
2021-12-16 09:00:00,-4.41,94.31,0.565,151.544,0.0,4.85,91.115,240.76,52.54
2021-12-16 10:00:00,-3.405,91.73,0.41,259.013,0.0,4.85,91.105,242.735,52.23
2021-12-16 11:00:00,-0.82,84.915,0.585,331.688,0.0,4.55,91.13,243.59,52.135
2021-12-16 12:00:00,-3.255,93.06,0.555,352.709,0.0,4.35,91.12,264.18,52.025
2021-12-16 13:00:00,-4.255,97.35,0.645,308.633,0.0,4.183,91.13,280.58,51.97
2021-12-16 14:00:00,-4.875,97.24,0.5,233.743,1.23,4.183,91.12,270.595,52.38
2021-12-16 15:00:00,-5.15,97.11,0.49,112.351,0.0,4.283,91.13,278.87,52.46
2021-12-16 16:00:00,-4.21,97.2,0.57,13.984,0.0,4.15,91.14,291.46,52.385
2021-12-16 17:00:00,-4.73,96.68,0.645,0.0,0.0,4.05,91.165,284.85,52.25
2021-12-16 18:00:00,-5.765,96.57,0.65,0.0,0.0,4.05,91.18,279.96,52.2
2021-12-16 19:00:00,-5.135,96.205,0.535,0.0,0.0,3.767,91.15,282.465,52.06
2021-12-16 20:00:00,-6.435,95.49,0.56,0.0,0.0,3.683,91.14,278.25,51.915
2021-12-16 21:00:00,-6.82,95.08,0.585,0.0,0.0,3.967,91.145,273.265,51.785
2021-12-16 22:00:00,-5.24,96.41,0.795,0.0,0.0,3.933,91.115,280.46,51.835
2021-12-16 23:00:00,-5.265,96.295,0.785,0.0,0.0,4.15,91.125,285.73,51.745
2021-12-17 00:00:00,-5.18,95.65,0.62,0.0,0.0,4.233,91.07,281.78,51.69
2021-12-17 01:00:00,-4.62,95.99,0.68,0.0,0.0,4.1,91.01,283.63,51.595
2021-12-17 02:00:00,-5.395,95.425,0.485,0.0,0.0,3.833,91.055,281.585,51.45
2021-12-17 03:00:00,-6.665,94.785,0.435,0.0,0.0,3.8,91.065,274.915,51.225
2021-12-17 04:00:00,-6.79,95.135,0.53,0.0,0.0,3.85,91.035,273.8,51.22
2021-12-17 05:00:00,-6.79,95.005,0.485,0.0,0.0,4.133,91.075,273.38,51.095
2021-12-17 06:00:00,-5.775,95.62,0.425,0.0,0.0,3.85,91.05,275.79,50.985
2021-12-17 07:00:00,-6.795,94.61,0.45,0.0,0.0,3.667,91.12,274.085,50.875
2021-12-17 08:00:00,-7.61,94.725,0.415,30.604,0.0,3.667,91.21,271.095,50.59
2021-12-17 09:00:00,-7.51,94.865,0.38,149.329,0.0,3.967,91.27,270.25,50.34
2021-12-17 10:00:00,-6.36,95.645,0.405,262.388,0.0,4.2,91.255,276.975,50.355
2021-12-17 11:00:00,-3.335,96.645,0.49,336.088,1.125,4.133,91.25,291.565,50.73
2021-12-17 12:00:00,-5.36,94.91,0.435,358.39,0.0,4.2,91.21,260.475,50.34
2021-12-17 13:00:00,-5.7,95.615,0.475,324.033,0.0,4.3,91.205,257.33,49.935
2021-12-17 14:00:00,-5.73,95.37,0.48,242.362,0.0,4.017,91.215,255.735,49.635
2021-12-17 15:00:00,-6.215,95.14,0.45,123.26,0.0,4.15,91.21,254.2,49.675
2021-12-17 16:00:00,-6.665,95.38,0.395,15.114,0.0,4.3,91.205,254.07,49.585
2021-12-17 17:00:00,-5.545,95.815,0.455,0.0,0.0,3.983,91.155,257.795,49.565
2021-12-17 18:00:00,-6.415,94.995,0.48,0.0,0.0,4.117,91.19,256.045,49.54
2021-12-17 19:00:00,-6.445,95.705,0.435,0.0,0.0,4.267,91.18,257.185,49.59
2021-12-17 20:00:00,-5.645,95.355,0.335,0.0,0.0,4.117,91.175,259.95,49.52
2021-12-17 21:00:00,-6.535,95.02,0.39,0.0,0.0,4.383,91.185,258.3,49.47
2021-12-17 22:00:00,-5.55,95.735,0.375,0.0,0.0,4.25,91.19,262.75,49.37
2021-12-17 23:00:00,-5.31,95.155,0.43,0.0,0.0,4.367,91.165,265.6,49.505
2021-12-18 00:00:00,-5.56,95.085,0.295,0.0,0.0,4.433,91.135,264.925,49.35
2021-12-18 01:00:00,-5.375,95.435,0.22,0.0,0.0,4.417,91.115,264.865,49.345
2021-12-18 02:00:00,-5.15,95.28,0.33,0.0,0.0,4.333,91.095,266.11,49.34
2021-12-18 03:00:00,-4.945,94.875,0.33,0.0,0.0,4.3,91.07,267.68,49.395
2021-12-18 04:00:00,-5.075,94.54,0.295,0.0,0.0,4.167,91.045,267.3,49.275
2021-12-18 05:00:00,-5.195,93.98,0.39,0.0,0.0,4.183,91.0,266.56,49.275
2021-12-18 06:00:00,-5.33,93.625,0.35,0.0,0.0,4.2,91.005,266.7,49.12
2021-12-18 07:00:00,-4.485,91.605,0.5,0.0,0.0,4.133,91.015,269.505,48.93
2021-12-18 08:00:00,-4.55,90.625,0.485,30.001,0.0,4.217,91.025,270.53,49.015
2021-12-18 09:00:00,-4.365,88.185,0.5,145.155,0.0,4.467,91.035,271.555,48.95
2021-12-18 10:00:00,-3.78,87.285,0.375,256.18,0.0,4.817,91.03,275.05,48.865
2021-12-18 11:00:00,0.09,77.205,0.705,329.398,0.0,4.75,90.975,287.65,49.075
2021-12-18 12:00:00,-1.51,82.775,0.43,352.95,0.0,4.717,90.925,274.02,49.2
2021-12-18 13:00:00,-2.395,83.62,0.465,320.764,0.0,4.967,90.875,268.01,49.045
2021-12-18 14:00:00,-2.045,81.645,0.445,238.67,0.0,5.0,90.815,268.405,48.925
2021-12-18 15:00:00,-1.775,82.365,0.385,120.352,0.0,4.783,90.78,265.92,49.04
2021-12-18 16:00:00,-2.355,83.935,0.315,14.888,0.0,4.583,90.855,262.245,48.945
2021-12-18 17:00:00,-3.225,85.77,0.36,0.0,0.0,4.117,90.885,258.86,48.91
2021-12-18 18:00:00,-4.93,90.665,0.485,0.0,0.0,3.783,91.005,253.535,48.975
2021-12-18 19:00:00,-6.91,94.32,0.39,0.0,0.0,4.183,91.04,251.27,48.74
2021-12-18 20:00:00,-6.235,94.82,0.485,0.0,0.0,4.65,90.995,255.325,48.92
2021-12-18 21:00:00,-4.03,88.71,0.325,0.0,0.0,4.367,91.01,262.54,48.675
2021-12-18 22:00:00,-3.8,87.96,0.44,0.0,0.0,4.333,91.03,263.835,48.79
2021-12-18 23:00:00,-4.6,90.365,0.335,0.0,0.0,4.083,91.04,261.755,48.72
2021-12-19 00:00:00,-5.785,90.52,0.355,0.0,0.0,4.067,91.005,259.14,48.905
2021-12-19 01:00:00,-6.45,92.43,0.51,0.0,0.0,4.167,90.96,258.385,48.975
2021-12-19 02:00:00,-5.42,91.325,0.44,0.0,0.0,4.217,90.945,260.955,48.8
2021-12-19 03:00:00,-5.42,90.32,0.28,0.0,0.0,4.267,90.95,261.33,48.78
2021-12-19 04:00:00,-5.52,90.275,0.24,0.0,0.0,4.183,90.91,261.405,48.725
2021-12-19 05:00:00,-5.045,89.47,0.295,0.0,0.0,4.05,90.875,263.28,48.725
2021-12-19 06:00:00,-5.52,89.31,0.33,0.0,0.0,4.167,90.88,262.74,48.43
2021-12-19 07:00:00,-5.685,89.23,0.31,0.0,0.0,4.2,90.835,261.895,48.505
2021-12-19 08:00:00,-4.375,85.12,0.365,28.871,0.0,4.3,90.785,266.7,48.485
2021-12-19 09:00:00,-4.535,85.89,0.29,144.929,0.0,4.417,90.76,267.21,48.39
2021-12-19 10:00:00,-3.2,82.445,0.43,258.561,0.0,4.45,90.74,272.87,48.15
2021-12-19 11:00:00,-0.08,72.56,0.55,333.21,0.0,4.333,90.71,272.26,48.2
2021-12-19 12:00:00,-2.52,80.205,0.455,358.103,1.605,4.483,90.66,257.865,48.735
2021-12-19 13:00:00,-3.365,84.115,0.53,323.717,0.0,4.6,90.57,252.085,48.685
2021-12-19 14:00:00,-2.725,81.895,0.33,241.548,0.0,4.6,90.5,251.625,48.53
2021-12-19 15:00:00,-2.605,79.74,0.32,122.1,0.0,4.5,90.46,250.46,48.42
2021-12-19 16:00:00,-2.51,79.0,0.365,15.325,0.0,4.5,90.425,248.785,48.56
2021-12-19 17:00:00,-2.52,79.915,0.39,0.0,0.0,4.4,90.38,247.095,48.45
2021-12-19 18:00:00,-2.665,80.73,0.42,0.0,0.0,4.4,90.37,245.125,48.445
2021-12-19 19:00:00,-2.63,79.445,0.455,0.0,0.0,4.367,90.36,243.43,48.505
2021-12-19 20:00:00,-2.765,79.375,0.42,0.0,0.0,4.317,90.35,242.28,48.57
2021-12-19 21:00:00,-2.52,78.96,0.49,0.0,0.0,4.25,90.33,241.08,48.68
2021-12-19 22:00:00,-1.39,73.235,0.7,0.0,0.0,4.2,90.32,240.405,48.615
2021-12-19 23:00:00,-2.105,75.295,0.59,0.0,0.0,4.2,90.3,237.83,48.59
2021-12-20 00:00:00,-1.8,73.24,0.68,0.0,0.0,4.2,90.245,237.03,48.5
2021-12-20 01:00:00,-2.01,74.84,0.48,0.0,0.0,4.167,90.195,235.715,48.545
2021-12-20 02:00:00,-2.195,74.635,0.445,0.0,0.0,4.183,90.165,234.84,48.41
2021-12-20 03:00:00,-2.61,74.25,0.42,0.0,0.0,4.117,90.15,233.755,48.39
2021-12-20 04:00:00,-3.42,75.655,0.28,0.0,0.0,4.067,90.11,231.985,48.29
2021-12-20 05:00:00,-3.905,77.865,0.31,0.0,0.0,4.017,90.085,230.9,48.39
2021-12-20 06:00:00,-3.93,77.935,0.3,0.0,0.0,4.0,90.065,230.14,48.32
2021-12-20 07:00:00,-4.26,78.395,0.3,0.0,0.0,3.817,90.06,229.46,48.265
2021-12-20 08:00:00,-4.105,77.385,0.48,28.419,0.0,3.633,90.055,228.415,48.155
2021-12-20 09:00:00,-6.045,83.675,0.46,145.125,0.0,3.533,90.075,224.75,48.25
2021-12-20 10:00:00,-6.54,85.495,0.59,254.779,0.0,3.7,90.085,223.42,47.755
2021-12-20 11:00:00,-4.695,87.65,0.76,327.228,0.0,3.633,90.085,227.21,47.62
2021-12-20 12:00:00,-6.525,92.705,0.525,354.472,0.0,3.583,90.075,221.505,47.415
2021-12-20 13:00:00,-7.45,94.35,0.64,327.288,0.0,3.417,90.07,229.28,46.94
2021-12-20 14:00:00,-8.46,94.495,0.385,244.276,0.0,3.4,90.015,217.98,46.655
2021-12-20 15:00:00,-8.445,93.665,0.41,126.169,1.56,3.283,90.01,217.505,47.175
2021-12-20 16:00:00,-8.71,93.46,0.47,16.244,1.8,3.117,90.025,216.4,47.775
2021-12-20 17:00:00,-9.26,93.615,0.395,0.0,0.0,3.083,90.005,216.01,48.03
2021-12-20 18:00:00,-9.775,93.69,0.415,0.0,0.0,3.0,90.01,223.575,47.9
2021-12-20 19:00:00,-10.15,94.07,0.5,0.0,1.29,3.05,90.01,229.87,48.33
2021-12-20 20:00:00,-9.975,93.51,0.375,0.0,0.0,3.25,89.985,231.555,48.12
2021-12-20 21:00:00,-9.385,93.225,0.31,0.0,0.0,3.233,89.97,235.575,48.205
2021-12-20 22:00:00,-9.245,92.275,0.33,0.0,0.0,3.133,89.96,238.825,48.185
2021-12-20 23:00:00,-9.725,92.605,0.355,0.0,0.0,3.217,89.935,238.87,48.33
2021-12-21 00:00:00,-9.575,91.785,0.325,0.0,0.0,2.933,89.93,240.295,48.26
2021-12-21 01:00:00,-10.31,91.49,0.5,0.0,0.0,2.85,89.91,239.385,48.255
2021-12-21 02:00:00,-11.095,92.13,0.495,0.0,0.0,2.683,89.905,241.69,48.22
2021-12-21 03:00:00,-11.575,92.375,0.455,0.0,0.0,2.65,89.89,242.37,48.11
2021-12-21 04:00:00,-11.82,92.17,0.445,0.0,0.0,2.633,89.87,237.99,48.08
2021-12-21 05:00:00,-11.545,91.78,0.43,0.0,0.0,2.467,89.865,238.915,48.095
2021-12-21 06:00:00,-12.315,91.32,0.475,0.0,0.0,2.4,89.885,240.405,48.05
2021-12-21 07:00:00,-12.695,92.275,0.495,0.0,0.0,2.583,89.915,249.55,47.99
2021-12-21 08:00:00,-11.175,92.015,0.505,27.937,0.0,2.733,89.955,258.345,47.955
2021-12-21 09:00:00,-11.975,91.72,0.425,140.544,0.0,3.25,89.93,248.77,47.595
2021-12-21 10:00:00,-9.775,93.55,0.31,250.755,0.0,3.333,89.9,254.295,47.6
2021-12-21 11:00:00,-5.99,92.84,0.45,320.643,0.0,3.117,89.89,280.5,46.96
2021-12-21 12:00:00,-8.935,92.02,0.455,342.944,0.0,3.0,89.885,253.33,46.715
2021-12-21 13:00:00,-10.075,92.13,0.395,306.042,0.0,2.867,89.855,243.33,46.68
2021-12-21 14:00:00,-10.5,92.125,0.48,238.806,0.0,2.767,89.82,240.265,46.705
2021-12-21 15:00:00,-10.98,91.99,0.41,119.373,0.0,2.65,89.84,236.76,46.68
2021-12-21 16:00:00,-11.64,91.43,0.42,16.229,0.0,2.6,89.88,233.78,46.77
2021-12-21 17:00:00,-12.03,91.61,0.425,0.0,1.035,2.6,89.895,231.745,47.115
2021-12-21 18:00:00,-12.01,91.575,0.425,0.0,0.0,2.7,89.895,232.61,47.25
2021-12-21 19:00:00,-11.675,91.7,0.35,0.0,0.0,2.7,89.91,233.785,47.06
2021-12-21 20:00:00,-11.535,91.79,0.365,0.0,0.0,2.633,89.935,234.195,47.015
2021-12-21 21:00:00,-11.835,91.395,0.39,0.0,0.0,2.6,89.985,233.225,46.99
2021-12-21 22:00:00,-12.13,91.2,0.35,0.0,0.0,2.55,90.01,231.88,47.05
2021-12-21 23:00:00,-11.865,91.79,0.43,0.0,0.0,2.6,90.03,233.07,47.135
2021-12-22 00:00:00,-11.87,91.24,0.43,0.0,0.0,2.717,90.035,233.845,47.09
2021-12-22 01:00:00,-11.975,91.26,0.345,0.0,0.0,2.667,90.02,232.595,46.875
2021-12-22 02:00:00,-12.095,91.225,0.375,0.0,0.0,2.767,90.04,231.55,47.03
2021-12-22 03:00:00,-11.955,91.545,0.36,0.0,0.0,2.833,90.04,231.985,46.815
2021-12-22 04:00:00,-11.22,91.785,0.295,0.0,0.0,2.8,90.03,233.155,47.135
2021-12-22 05:00:00,-11.68,91.06,0.32,0.0,0.0,2.933,90.05,232.26,46.64
2021-12-22 06:00:00,-11.185,91.88,0.325,0.0,0.0,2.967,90.035,233.435,46.9
2021-12-22 07:00:00,-10.83,91.915,0.305,0.0,0.0,2.917,90.03,234.52,46.72
2021-12-22 08:00:00,-10.545,91.76,0.345,27.395,0.0,2.933,90.05,235.28,46.42
2021-12-22 09:00:00,-10.805,92.0,0.35,141.493,1.44,3.05,90.08,235.09,46.9
2021-12-22 10:00:00,-9.94,93.31,0.375,254.357,1.44,3.15,90.115,238.145,47.38
2021-12-22 11:00:00,-6.4,93.845,0.45,326.987,1.11,3.1,90.155,256.14,47.75
2021-12-22 12:00:00,-8.755,92.12,0.44,346.802,0.0,3.183,90.095,238.98,48.035
2021-12-22 13:00:00,-8.865,92.205,0.425,323.762,0.0,3.167,89.99,232.02,48.12
2021-12-22 14:00:00,-9.02,91.995,0.4,238.52,0.0,3.217,90.005,229.675,48.035
2021-12-22 15:00:00,-9.01,91.16,0.385,123.652,0.0,3.383,90.045,228.0,48.19
2021-12-22 16:00:00,-8.155,91.445,0.385,16.56,0.0,3.45,90.025,229.135,48.005
2021-12-22 17:00:00,-7.575,90.935,0.32,0.0,0.0,3.5,90.025,228.435,48.225
2021-12-22 18:00:00,-7.365,89.425,0.33,0.0,0.0,3.45,90.05,228.905,48.17
2021-12-22 19:00:00,-6.74,86.815,0.425,0.0,0.0,3.467,90.015,229.265,48.135
2021-12-22 20:00:00,-6.02,83.01,0.375,0.0,0.0,3.233,89.98,230.215,48.1
2021-12-22 21:00:00,-7.23,82.92,0.495,0.0,0.0,3.2,89.99,227.025,48.265
2021-12-22 22:00:00,-8.325,85.265,0.39,0.0,0.0,3.3,89.98,224.105,48.42
2021-12-22 23:00:00,-8.1,85.115,0.34,0.0,0.0,3.35,89.935,224.995,48.725
2021-12-23 00:00:00,-7.54,84.14,0.3,0.0,0.0,3.383,89.955,228.515,48.345
2021-12-23 01:00:00,-6.935,83.08,0.305,0.0,0.0,3.5,89.97,231.87,48.58
2021-12-23 02:00:00,-6.645,81.67,0.335,0.0,0.0,3.533,89.97,237.64,48.7
2021-12-23 03:00:00,-6.095,81.275,0.295,0.0,0.0,3.583,89.96,238.935,48.13
2021-12-23 04:00:00,-5.19,78.745,0.43,0.0,0.0,3.567,89.875,247.705,48.25
2021-12-23 05:00:00,-4.68,77.005,0.435,0.0,0.0,3.417,89.82,240.695,47.945
2021-12-23 06:00:00,-5.85,79.41,0.585,0.0,0.0,3.25,89.79,231.695,47.875
2021-12-23 07:00:00,-6.18,79.095,0.62,0.0,0.0,3.383,89.825,229.47,47.835
2021-12-23 08:00:00,-5.6,78.325,0.55,24.336,0.0,3.45,89.825,231.03,47.485
2021-12-23 09:00:00,-5.775,77.91,0.45,136.792,0.0,3.683,89.825,231.235,47.36
2021-12-23 10:00:00,-4.815,75.93,0.385,240.84,0.0,3.883,89.84,235.585,47.01
2021-12-23 11:00:00,-1.445,67.945,0.565,324.199,0.0,3.917,89.82,249.13,46.6
2021-12-23 12:00:00,-2.655,73.715,0.56,330.091,0.0,4.017,89.795,245.52,46.54
2021-12-23 13:00:00,-3.075,75.885,0.5,283.213,0.0,4.467,89.72,248.82,46.555
2021-12-23 14:00:00,-1.315,73.42,0.505,198.362,0.0,4.8,89.67,271.34,46.53
2021-12-23 15:00:00,-0.895,78.0,0.54,103.641,0.0,4.7,89.68,269.165,46.565
2021-12-23 16:00:00,0.1,75.26,0.525,13.667,0.0,4.233,89.685,285.83,46.425
2021-12-23 17:00:00,0.475,64.675,0.445,0.0,0.0,4.2,89.63,256.48,46.47
2021-12-23 18:00:00,-0.605,68.12,0.34,0.0,0.0,4.517,89.625,258.83,46.535
2021-12-23 19:00:00,0.72,65.46,0.58,0.0,0.0,4.633,89.665,284.28,46.445
2021-12-23 20:00:00,1.66,61.775,0.63,0.0,0.0,4.7,89.665,278.27,46.37
2021-12-23 21:00:00,0.67,68.08,0.45,0.0,0.0,5.05,89.64,265.21,46.67
2021-12-23 22:00:00,1.31,70.39,0.66,0.0,0.0,5.2,89.61,269.345,46.645
2021-12-23 23:00:00,2.365,68.18,0.675,0.0,0.0,5.267,89.57,265.975,46.585
2021-12-24 00:00:00,1.705,72.815,0.57,0.0,0.0,5.167,89.53,262.54,46.865
2021-12-24 01:00:00,0.435,78.485,0.43,0.0,0.0,5.25,89.49,259.355,46.695
2021-12-24 02:00:00,-0.165,80.78,0.61,0.0,0.0,5.133,89.43,258.475,46.99
2021-12-24 03:00:00,0.03,80.185,0.66,0.0,0.0,5.067,89.4,259.905,47.085
2021-12-24 04:00:00,-0.69,83.13,0.58,0.0,0.0,5.0,89.315,260.465,47.15
2021-12-24 05:00:00,-1.01,84.83,0.655,0.0,0.0,4.983,89.26,260.4,47.245
2021-12-24 06:00:00,-1.165,85.235,0.61,0.0,0.0,4.883,89.225,262.475,47.165
2021-12-24 07:00:00,-1.49,86.065,0.6,0.0,0.0,4.9,89.26,261.72,46.85
2021-12-24 08:00:00,-1.59,86.995,0.6,15.912,0.0,4.983,89.285,259.41,46.67
2021-12-24 09:00:00,-1.765,86.71,0.565,74.619,0.0,5.383,89.28,255.62,46.675
2021-12-24 10:00:00,-0.335,83.33,0.475,149.269,0.0,5.967,89.26,275.585,46.455
2021-12-24 11:00:00,1.71,80.075,0.625,231.784,0.0,6.15,89.26,301.245,46.31
2021-12-24 12:00:00,2.72,79.415,0.59,266.848,0.0,6.167,89.215,314.03,46.15
2021-12-24 13:00:00,3.28,77.27,0.56,187.859,0.0,6.133,89.13,318.74,46.39
2021-12-24 14:00:00,3.97,72.38,0.68,123.622,1.935,6.117,89.04,317.64,47.035
2021-12-24 15:00:00,5.86,61.85,1.42,78.13,0.0,6.133,88.98,316.77,45.83
2021-12-24 16:00:00,3.56,74.475,0.72,12.13,0.0,6.117,89.02,311.935,45.7
2021-12-24 17:00:00,3.06,77.835,0.795,0.0,1.665,6.217,89.01,314.0,46.255
2021-12-24 18:00:00,3.215,78.565,0.645,0.0,0.0,6.1,88.975,313.57,46.19
2021-12-24 19:00:00,2.88,79.625,0.745,0.0,0.0,5.933,88.98,310.44,46.32
2021-12-24 20:00:00,1.935,84.09,0.815,0.0,0.0,6.1,89.03,309.555,45.98
2021-12-24 21:00:00,2.13,84.22,0.675,0.0,0.0,6.083,89.015,295.245,45.885
2021-12-24 22:00:00,1.77,86.025,0.72,0.0,0.0,6.083,88.96,257.835,45.82
2021-12-24 23:00:00,1.565,85.9,0.57,0.0,0.0,6.083,88.945,280.43,46.075
2021-12-25 00:00:00,1.58,85.065,0.52,0.0,0.0,5.967,88.93,281.605,46.01
2021-12-25 01:00:00,1.3,85.7,0.63,0.0,0.0,5.867,88.875,273.865,46.075
2021-12-25 02:00:00,0.85,87.06,0.505,0.0,0.0,5.85,88.855,271.23,46.235
2021-12-25 03:00:00,1.095,84.765,0.555,0.0,0.0,5.617,88.84,263.355,46.095
2021-12-25 04:00:00,1.22,81.555,0.475,0.0,0.0,5.7,88.81,254.565,45.81
2021-12-25 05:00:00,4.47,63.745,1.73,0.0,0.0,5.683,88.76,264.505,45.34
2021-12-25 06:00:00,6.03,54.51,2.4,0.0,0.0,5.65,88.745,277.835,45.34
2021-12-25 07:00:00,3.635,66.595,1.025,0.0,0.0,5.567,88.735,275.99,45.315
2021-12-25 08:00:00,2.405,72.585,0.605,17.088,0.0,5.717,88.715,283.49,45.505
2021-12-25 09:00:00,1.68,77.78,0.51,92.581,0.0,6.0,88.725,278.945,45.35
2021-12-25 10:00:00,2.09,77.795,0.455,168.963,0.0,6.15,88.7,277.875,45.045
2021-12-25 11:00:00,3.63,72.85,0.535,228.454,0.0,6.267,88.725,270.69,44.82
2021-12-25 12:00:00,4.02,70.03,0.575,242.678,0.0,6.367,88.72,282.86,44.695
2021-12-25 13:00:00,4.19,71.675,0.55,217.8,0.0,6.433,88.67,289.9,44.07
2021-12-25 14:00:00,3.905,75.295,0.48,155.839,0.0,6.25,88.67,288.16,44.08
2021-12-25 15:00:00,3.14,78.25,0.4,85.875,2.745,5.9,88.65,273.66,44.995
2021-12-25 16:00:00,1.93,82.35,0.48,13.547,0.0,5.6,88.64,266.015,45.055
2021-12-25 17:00:00,0.445,86.575,0.5,0.0,0.0,5.65,88.68,262.225,45.065
2021-12-25 18:00:00,0.265,86.545,0.485,0.0,0.0,5.75,88.705,279.96,45.07
2021-12-25 19:00:00,1.415,82.315,0.48,0.0,0.0,5.617,88.71,300.62,45.145
2021-12-25 20:00:00,0.86,83.905,0.355,0.0,0.0,5.45,88.705,280.24,44.96
2021-12-25 21:00:00,0.505,83.9,0.535,0.0,0.0,5.7,88.685,273.99,44.92
2021-12-25 22:00:00,0.88,83.84,0.47,0.0,0.0,5.8,88.68,299.58,44.915
2021-12-25 23:00:00,1.41,84.89,0.47,0.0,0.0,5.733,88.7,304.88,44.97
2021-12-26 00:00:00,1.185,85.615,0.5,0.0,0.0,5.6,88.695,295.75,44.865
2021-12-26 01:00:00,0.26,88.96,0.715,0.0,0.0,5.6,88.715,287.475,44.855
2021-12-26 02:00:00,0.385,88.205,0.475,0.0,0.0,5.767,88.685,290.52,44.78
2021-12-26 03:00:00,0.77,87.1,0.6,0.0,0.0,5.717,88.69,293.035,44.745
2021-12-26 04:00:00,0.72,87.5,0.53,0.0,0.0,5.8,88.73,291.365,44.74
2021-12-26 05:00:00,0.71,88.765,0.35,0.0,0.0,5.833,88.74,305.97,44.735
2021-12-26 06:00:00,0.855,89.245,0.39,0.0,0.0,5.9,88.755,308.6,44.68
2021-12-26 07:00:00,1.16,88.67,0.415,0.0,0.0,6.033,88.765,311.365,44.64
2021-12-26 08:00:00,1.4,88.87,1.06,14.888,0.0,6.283,88.82,314.785,44.74
2021-12-26 09:00:00,1.435,92.52,0.725,85.936,0.0,6.733,88.84,314.2,44.96
2021-12-26 10:00:00,2.41,90.57,0.655,149.178,0.0,6.883,88.845,315.215,44.61
2021-12-26 11:00:00,2.77,91.16,0.425,232.598,0.0,6.967,88.83,297.965,44.8
2021-12-26 12:00:00,2.66,90.87,0.525,299.954,0.0,6.983,88.805,293.585,44.365
2021-12-26 13:00:00,2.775,89.595,0.355,287.824,0.0,6.867,88.78,296.21,44.105
2021-12-26 14:00:00,2.785,88.545,0.59,183.58,0.0,6.7,88.745,289.8,44.01
2021-12-26 15:00:00,2.155,89.58,0.35,94.57,0.0,6.65,88.79,298.645,43.9
2021-12-26 16:00:00,2.62,89.82,0.49,13.14,0.0,6.267,88.81,311.34,43.8
2021-12-26 17:00:00,1.295,93.08,0.525,0.0,0.0,6.133,88.82,298.645,43.495
2021-12-26 18:00:00,1.055,92.27,0.585,0.0,0.0,6.0,88.81,288.35,43.47
2021-12-26 19:00:00,0.445,91.95,0.44,0.0,0.0,5.817,88.82,289.22,43.39
2021-12-26 20:00:00,0.47,90.115,0.58,0.0,0.0,5.6,88.81,281.775,43.38
2021-12-26 21:00:00,-0.17,90.205,0.465,0.0,0.0,5.55,88.805,276.57,43.41
2021-12-26 22:00:00,0.075,88.535,0.715,0.0,0.0,5.433,88.81,275.725,43.265
2021-12-26 23:00:00,-0.91,90.99,0.66,0.0,0.0,5.333,88.805,268.25,43.23
2021-12-27 00:00:00,-0.915,89.87,0.55,0.0,0.0,5.5,88.78,264.925,43.25
2021-12-27 01:00:00,-0.615,89.125,0.705,0.0,0.0,5.817,88.755,284.46,43.31
2021-12-27 02:00:00,0.92,87.365,0.575,0.0,0.0,5.817,88.765,304.02,43.28
2021-12-27 03:00:00,0.885,88.805,0.505,0.0,0.0,5.467,88.745,299.965,43.19
2021-12-27 04:00:00,0.21,87.65,0.815,0.0,0.0,5.233,88.695,265.235,43.095
2021-12-27 05:00:00,-1.13,89.215,0.44,0.0,0.0,5.133,88.665,263.45,43.23
2021-12-27 06:00:00,-0.835,87.1,0.625,0.0,0.0,4.95,88.615,267.475,43.29
2021-12-27 07:00:00,-1.095,86.245,0.715,0.0,0.0,5.133,88.57,258.505,43.285
2021-12-27 08:00:00,0.74,75.095,1.51,21.669,0.0,5.167,88.49,262.72,43.11
2021-12-27 09:00:00,7.125,44.98,3.735,99.332,0.0,5.183,88.47,278.61,42.445
2021-12-27 10:00:00,7.78,43.19,4.54,153.367,0.0,5.183,88.48,289.275,42.705
2021-12-27 11:00:00,8.385,40.965,4.23,178.155,0.0,5.35,88.45,295.405,41.995
2021-12-27 12:00:00,8.165,42.3,5.825,180.717,0.0,5.767,88.405,303.655,40.245
2021-12-27 13:00:00,5.075,62.68,3.99,149.043,0.0,5.633,88.405,311.265,39.045
2021-12-27 14:00:00,7.37,48.215,6.395,104.952,0.0,5.833,88.43,318.515,38.515
2021-12-27 15:00:00,6.855,52.51,5.845,45.1,0.0,6.033,88.45,323.055,37.955
2021-12-27 16:00:00,5.235,65.37,2.605,5.605,0.0,5.983,88.505,321.775,37.505
2021-12-27 17:00:00,1.03,94.605,0.74,0.0,0.0,6.1,88.62,313.32,37.425
2021-12-27 18:00:00,1.07,94.63,0.615,0.0,0.0,6.183,88.69,315.39,37.2
2021-12-27 19:00:00,1.27,93.945,0.86,0.0,0.0,6.2,88.775,315.175,37.265
2021-12-27 20:00:00,1.41,94.085,0.605,0.0,0.0,6.217,88.8,313.99,37.215
2021-12-27 21:00:00,1.265,95.445,0.595,0.0,0.0,6.25,88.79,305.595,37.105
2021-12-27 22:00:00,1.17,95.03,0.505,0.0,0.0,5.983,88.74,300.43,36.985
2021-12-27 23:00:00,0.35,95.37,0.615,0.0,0.0,6.2,88.76,292.55,36.845
2021-12-28 00:00:00,1.535,88.21,0.89,0.0,0.0,6.1,88.705,303.575,36.8
2021-12-28 01:00:00,6.285,56.745,3.385,0.0,0.0,5.817,88.625,281.65,36.7
2021-12-28 02:00:00,6.705,54.275,4.115,0.0,0.0,5.817,88.555,302.985,36.54
2021-12-28 03:00:00,7.05,52.98,4.345,0.0,0.0,5.883,88.45,296.385,36.08
2021-12-28 04:00:00,7.8,49.615,3.855,0.0,0.0,6.333,88.415,323.475,35.535
2021-12-28 05:00:00,7.4,54.295,3.065,0.0,0.0,6.883,88.47,328.695,35.165
2021-12-28 06:00:00,5.495,71.14,2.855,0.0,0.0,6.767,88.535,329.805,34.575
2021-12-28 07:00:00,4.35,79.97,1.92,0.0,0.0,6.717,88.58,327.16,34.35
2021-12-28 08:00:00,2.57,91.5,0.84,12.642,0.0,6.8,88.56,321.195,34.25
2021-12-28 09:00:00,2.5,94.48,1.01,75.222,0.0,6.933,88.65,322.79,34.04
2021-12-28 10:00:00,2.66,93.24,0.82,93.937,0.0,7.2,88.67,324.84,33.83
2021-12-28 11:00:00,3.17,92.3,0.775,171.239,0.0,7.5,88.74,327.49,33.015
2021-12-28 12:00:00,4.185,89.095,1.43,168.526,0.0,7.433,88.69,326.925,32.67
2021-12-28 13:00:00,3.91,91.825,1.07,128.007,0.0,7.5,88.72,330.98,32.4
2021-12-28 14:00:00,3.775,93.35,0.95,62.369,0.0,7.383,88.69,327.735,32.4
2021-12-28 15:00:00,3.555,93.755,0.845,49.817,0.0,7.233,88.75,329.2,32.33
2021-12-28 16:00:00,3.215,94.2,1.275,8.167,0.0,6.833,88.81,327.26,31.85
2021-12-28 17:00:00,2.41,95.135,2.085,0.0,0.0,6.6,88.835,323.6,31.61
2021-12-28 18:00:00,2.24,92.88,1.435,0.0,0.0,6.65,88.855,321.255,31.355
2021-12-28 19:00:00,2.04,94.99,1.035,0.0,0.0,6.7,88.85,315.88,30.915
2021-12-28 20:00:00,2.095,95.035,0.945,0.0,0.0,6.817,88.865,316.255,30.75
2021-12-28 21:00:00,2.59,93.97,1.085,0.0,0.0,6.8,88.88,317.76,30.765
2021-12-28 22:00:00,2.415,94.365,0.855,0.0,0.0,6.817,88.9,317.255,30.77
2021-12-28 23:00:00,2.36,95.08,0.955,0.0,0.0,6.967,88.93,317.235,30.665
2021-12-29 00:00:00,2.595,93.7,0.695,0.0,0.0,6.817,88.985,312.105,30.415
2021-12-29 01:00:00,2.55,93.66,0.83,0.0,0.0,6.917,89.015,314.815,30.22
2021-12-29 02:00:00,2.48,93.14,0.845,0.0,0.0,6.917,89.08,320.695,30.12
2021-12-29 03:00:00,2.535,92.675,0.66,0.0,0.0,6.767,89.155,318.945,30.005
2021-12-29 04:00:00,2.36,94.34,0.75,0.0,0.0,6.7,89.195,312.06,29.945
2021-12-29 05:00:00,2.075,95.18,0.85,0.0,0.0,6.7,89.235,310.025,29.87
2021-12-29 06:00:00,2.42,93.195,0.915,0.0,0.0,6.7,89.29,313.345,29.835
2021-12-29 07:00:00,2.315,93.3,0.66,0.0,0.0,6.717,89.33,314.45,29.795
2021-12-29 08:00:00,2.24,93.17,0.66,7.233,0.0,6.417,89.43,318.225,29.755
2021-12-29 09:00:00,1.695,93.705,0.52,31.749,0.0,6.017,89.57,319.195,29.71
2021-12-29 10:00:00,0.29,97.515,0.69,49.078,3.975,6.0,89.565,315.05,31.035
2021-12-29 11:00:00,0.305,98.11,25.18,60.591,3.645,6.1,89.53,315.155,32.25
2021-12-29 12:00:00,0.44,98.245,14.07,52.243,0.0,6.25,89.515,315.65,32.23
2021-12-29 13:00:00,0.96,97.86,2.96,50.69,0.0,6.533,89.485,315.65,32.1
2021-12-29 14:00:00,1.53,96.765,4.14,30.484,0.0,6.6,89.465,315.725,31.845
2021-12-29 15:00:00,1.585,97.755,1.62,20.99,0.0,6.567,89.475,315.8,31.66
2021-12-29 16:00:00,1.48,98.19,2.99,5.545,0.0,6.7,89.53,315.855,31.455
2021-12-29 17:00:00,1.74,98.66,1.685,0.0,0.0,6.9,89.54,315.725,31.275
2021-12-29 18:00:00,1.96,98.685,1.43,0.0,0.0,7.133,89.615,318.73,31.1
2021-12-29 19:00:00,2.56,98.765,0.955,0.0,0.0,7.517,89.655,330.035,30.855
2021-12-29 20:00:00,2.825,98.87,0.775,0.0,0.0,7.75,89.705,332.54,30.13
2021-12-29 21:00:00,3.625,99.005,0.605,0.0,0.0,7.683,89.81,335.76,29.625
2021-12-29 22:00:00,3.23,99.16,0.695,0.0,0.0,7.8,89.895,334.62,29.065
2021-12-29 23:00:00,3.225,99.33,0.57,0.0,0.0,7.75,89.98,334.795,28.94
2021-12-30 00:00:00,3.425,99.45,0.55,0.0,0.0,7.717,90.055,333.975,28.935
2021-12-30 01:00:00,3.43,99.45,0.67,0.0,0.0,7.85,90.095,333.53,29.025
2021-12-30 02:00:00,3.235,99.42,0.585,0.0,0.0,7.917,90.135,332.925,28.765
2021-12-30 03:00:00,3.725,99.525,0.82,0.0,0.0,7.767,90.205,333.245,28.445
2021-12-30 04:00:00,3.51,98.985,0.77,0.0,0.0,7.7,90.225,333.005,28.34
2021-12-30 05:00:00,3.015,99.045,0.475,0.0,0.0,7.783,90.275,332.72,27.615
2021-12-30 06:00:00,2.76,99.255,0.52,0.0,0.0,7.65,90.335,332.745,27.87
2021-12-30 07:00:00,2.89,99.55,0.635,0.0,0.0,7.6,90.39,330.93,27.24
2021-12-30 08:00:00,2.94,99.48,0.56,8.378,1.23,7.783,90.435,329.125,27.65
2021-12-30 09:00:00,2.845,99.56,0.535,51.037,0.0,8.217,90.455,329.25,27.735
2021-12-30 10:00:00,3.735,99.645,0.62,110.543,0.0,8.467,90.47,334.24,27.665
2021-12-30 11:00:00,4.055,99.055,0.4,139.61,0.0,8.65,90.5,339.16,27.185
2021-12-30 12:00:00,4.225,98.28,0.44,222.924,0.0,8.6,90.5,337.175,26.27
2021-12-30 13:00:00,4.33,97.32,0.39,243.236,0.0,8.533,90.44,320.22,26.545
2021-12-30 14:00:00,4.46,97.35,0.315,201.903,0.0,8.483,90.435,316.665,26.465
2021-12-30 15:00:00,4.09,97.42,0.385,123.185,0.0,8.35,90.445,310.41,26.215
2021-12-30 16:00:00,4.045,97.605,0.515,21.021,0.0,7.967,90.46,309.37,26.045
2021-12-30 17:00:00,3.45,97.78,0.525,0.0,0.0,7.7,90.505,308.79,25.94
2021-12-30 18:00:00,2.915,98.125,0.53,0.0,0.0,7.567,90.565,308.51,25.9
2021-12-30 19:00:00,2.75,97.855,0.55,0.0,0.0,7.383,90.595,308.39,25.68
2021-12-30 20:00:00,2.61,96.765,0.625,0.0,0.0,7.267,90.585,308.43,25.4
2021-12-30 21:00:00,2.425,96.085,0.725,0.0,0.0,7.1,90.57,307.575,25.345
2021-12-30 22:00:00,2.085,96.145,0.5,0.0,0.0,6.983,90.56,305.78,25.265
2021-12-30 23:00:00,1.83,95.55,0.445,0.0,0.0,6.817,90.59,304.425,25.16
2021-12-31 00:00:00,1.61,94.8,0.38,0.0,0.0,6.6,90.59,303.22,25.21
2021-12-31 01:00:00,1.29,93.92,0.455,0.0,0.0,6.533,90.585,301.59,25.13
2021-12-31 02:00:00,1.275,92.205,0.48,0.0,0.0,6.417,90.58,301.125,25.06
2021-12-31 03:00:00,1.535,90.795,0.51,0.0,0.0,6.317,90.58,301.735,25.16
2021-12-31 04:00:00,2.665,84.375,0.755,0.0,0.0,6.033,90.535,304.24,25.245
2021-12-31 05:00:00,4.14,74.17,0.6,0.0,0.0,5.817,90.51,305.655,25.365
2021-12-31 06:00:00,5.28,63.75,0.41,0.0,0.0,5.933,90.52,300.52,25.1
2021-12-31 07:00:00,4.835,66.405,0.645,0.0,0.0,5.833,90.545,295.355,25.175
2021-12-31 08:00:00,3.08,74.63,0.64,23.929,0.0,5.617,90.57,289.595,25.035
2021-12-31 09:00:00,3.94,68.62,0.485,138.374,0.0,5.717,90.565,291.865,25.245
2021-12-31 10:00:00,7.085,52.545,0.785,255.125,0.0,5.933,90.575,299.035,25.15
2021-12-31 11:00:00,8.89,49.74,0.575,331.266,0.0,5.783,90.62,307.765,25.16
2021-12-31 12:00:00,6.625,57.13,0.585,358.39,0.0,5.833,90.585,291.615,25.45
2021-12-31 13:00:00,5.665,61.685,0.655,329.292,0.0,5.833,90.525,282.47,25.59
2021-12-31 14:00:00,6.09,58.375,0.605,251.463,0.0,6.05,90.48,279.955,25.56
2021-12-31 15:00:00,5.365,63.955,0.64,136.641,0.0,5.983,90.58,271.915,25.455
2021-12-31 16:00:00,3.57,73.7,0.635,23.552,0.0,5.85,90.685,263.2,25.71
2021-12-31 17:00:00,4.04,69.0,0.775,0.0,0.0,5.8,90.675,262.86,25.675
2021-12-31 18:00:00,5.135,62.565,0.825,0.0,0.0,5.8,90.665,264.105,25.47
2021-12-31 19:00:00,4.07,67.56,0.49,0.0,0.0,5.783,90.71,261.83,25.52
2021-12-31 20:00:00,3.43,69.605,0.57,0.0,0.0,5.767,90.825,259.38,25.62
2021-12-31 21:00:00,3.88,67.165,0.595,0.0,0.0,5.7,90.855,259.155,25.58
2021-12-31 22:00:00,3.075,70.565,0.425,0.0,0.0,5.633,90.85,258.095,25.46
2021-12-31 23:00:00,2.87,70.36,0.51,0.0,0.0,5.633,90.835,257.275,25.61
2022-01-01 00:00:00,2.965,69.815,0.415,0.0,0.0,5.6,90.835,257.415,25.49
2022-01-01 01:00:00,2.85,70.315,0.385,0.0,0.0,5.517,90.86,256.295,25.445
2022-01-01 02:00:00,2.72,70.055,0.375,0.0,0.0,5.417,90.86,256.325,25.55
2022-01-01 03:00:00,3.875,65.36,0.46,0.0,0.0,5.433,90.835,258.07,25.445
2022-01-01 04:00:00,3.72,66.12,0.485,0.0,0.0,5.5,90.825,258.355,25.41
2022-01-01 05:00:00,3.165,68.485,0.435,0.0,0.0,5.567,90.81,257.595,25.335
2022-01-01 06:00:00,3.035,68.885,0.42,0.0,0.0,5.6,90.795,257.005,25.175
2022-01-01 07:00:00,2.11,73.15,0.455,,0.0,5.6,90.82,255.625,25.29
2022-01-01 08:00:00,2.35,72.835,0.47,,0.0,5.633,90.82,256.565,25.3
2022-01-01 09:00:00,2.935,69.88,0.42,,0.0,5.85,90.83,258.14,25.205
2022-01-01 10:00:00,3.31,69.49,0.52,,0.0,6.0,90.825,259.585,25.15
2022-01-01 11:00:00,6.45,61.815,0.64,,0.0,6.083,90.84,268.625,24.92
2022-01-01 12:00:00,5.36,67.225,0.565,,1.17,6.15,90.8,271.63,25.31
2022-01-01 13:00:00,5.325,66.09,0.49,,0.0,6.1,90.745,273.715,25.18
2022-01-01 14:00:00,4.01,72.95,0.505,,0.0,6.117,90.735,266.225,25.23
2022-01-01 15:00:00,3.63,73.02,0.46,,0.0,5.9,90.71,264.65,25.095
2022-01-01 16:00:00,4.5,68.495,0.415,,0.0,5.767,90.69,266.55,25.245
2022-01-01 17:00:00,5.59,62.56,0.44,,0.0,5.817,90.67,268.605,25.265
2022-01-01 18:00:00,5.47,62.97,0.47,,0.0,5.75,90.66,267.84,25.09
2022-01-01 19:00:00,4.32,67.505,0.355,,0.0,5.8,90.67,266.315,25.165
2022-01-01 20:00:00,5.305,62.92,0.565,,0.0,5.867,90.66,267.32,25.08
2022-01-01 21:00:00,3.795,70.025,0.595,,0.0,5.85,90.67,263.57,25.32
2022-01-01 22:00:00,3.67,70.155,0.55,,0.0,5.833,90.62,263.66,25.11
2022-01-01 23:00:00,2.98,73.2,0.775,,0.0,5.85,90.63,262.56,25.275
2022-01-02 00:00:00,3.635,70.485,0.62,,0.0,5.8,90.605,264.0,25.075
2022-01-02 01:00:00,3.05,72.27,0.51,,0.0,5.8,90.575,265.0,25.0
2022-01-02 02:00:00,2.555,74.6,0.395,,0.0,5.783,90.58,264.65,25.03
2022-01-02 03:00:00,3.065,71.36,0.445,,0.0,5.733,90.54,259.8,25.12
2022-01-02 04:00:00,3.3,69.675,0.47,,0.0,5.65,90.465,259.19,25.095
2022-01-02 05:00:00,2.695,71.365,0.44,,0.0,5.583,90.42,257.9,25.02
2022-01-02 06:00:00,2.49,70.79,0.55,,0.0,5.417,90.35,258.52,24.94
2022-01-02 07:00:00,3.985,64.45,0.62,,0.0,5.667,90.315,263.295,24.995
2022-01-02 08:00:00,3.61,68.15,0.59,,0.0,5.567,90.36,265.25,24.82
2022-01-02 09:00:00,3.685,65.915,0.65,,0.0,5.817,90.35,261.545,24.88
2022-01-02 10:00:00,3.3,70.935,0.645,,0.0,6.083,90.38,264.175,25.025
2022-01-02 11:00:00,5.565,66.035,0.58,,0.0,6.15,90.43,278.165,24.735
2022-01-02 12:00:00,5.97,64.225,0.7,,0.0,6.35,90.4,278.655,24.92
2022-01-02 13:00:00,6.21,63.775,0.545,,0.0,6.55,90.355,310.6,24.83
2022-01-02 14:00:00,5.595,68.39,0.745,,0.0,6.617,90.36,288.265,24.88
2022-01-02 15:00:00,6.055,67.775,0.56,,0.0,6.517,90.32,311.455,25.0
2022-01-02 16:00:00,5.595,70.04,0.585,,0.0,6.25,90.33,324.315,24.91
2022-01-02 17:00:00,5.575,67.58,0.755,,0.0,6.317,90.315,302.25,24.945
2022-01-02 18:00:00,5.175,68.74,0.81,,0.0,6.35,90.32,309.115,25.08
2022-01-02 19:00:00,4.615,72.19,0.595,,0.0,6.317,90.365,301.815,25.055
2022-01-02 20:00:00,4.45,73.255,0.46,,0.0,6.3,90.365,311.83,25.155
2022-01-02 21:00:00,4.685,71.82,0.59,,0.0,6.267,90.355,303.32,25.12
2022-01-02 22:00:00,4.655,71.28,0.635,,0.0,6.25,90.32,282.55,25.205
2022-01-02 23:00:00,4.0,74.775,0.575,,0.0,6.233,90.32,276.445,25.12
2022-01-03 00:00:00,3.935,74.745,0.635,,0.0,6.267,90.32,276.07,25.115
2022-01-03 01:00:00,3.975,74.345,0.515,,0.0,6.317,90.3,278.98,25.15
2022-01-03 02:00:00,4.32,72.98,0.84,,0.0,6.417,90.285,292.31,25.1
2022-01-03 03:00:00,4.42,72.9,0.865,,0.0,6.5,90.265,300.805,25.045
2022-01-03 04:00:00,4.46,74.025,0.785,,0.0,6.533,90.2,307.905,25.105
2022-01-03 05:00:00,4.095,76.66,0.595,,0.0,6.467,90.2,311.605,25.015
2022-01-03 06:00:00,3.92,77.705,0.65,,0.0,6.417,90.2,297.365,25.04
2022-01-03 07:00:00,2.755,83.665,0.525,,0.0,6.483,90.24,293.33,24.985
2022-01-03 08:00:00,2.625,85.85,0.4,,0.0,6.617,90.205,303.875,25.025
2022-01-03 09:00:00,2.85,85.91,0.505,,0.0,6.817,90.215,308.24,25.01
2022-01-03 10:00:00,3.29,85.145,0.54,,0.0,7.083,90.245,311.79,24.96
2022-01-03 11:00:00,3.81,83.77,0.41,,0.0,7.2,90.24,303.175,24.86
2022-01-03 12:00:00,4.595,80.955,0.605,,0.0,7.4,90.185,311.055,24.825
2022-01-03 13:00:00,4.835,80.485,0.385,,0.0,7.383,90.1,308.725,24.63
2022-01-03 14:00:00,5.165,78.915,0.5,,0.0,7.217,90.03,302.79,24.475
2022-01-03 15:00:00,5.27,78.08,0.505,,0.0,7.033,89.92,312.515,24.53
2022-01-03 16:00:00,4.805,79.485,0.58,,0.0,6.867,89.85,315.53,24.805
2022-01-03 17:00:00,4.43,80.085,0.77,,0.0,6.717,89.82,315.085,24.615
2022-01-03 18:00:00,3.94,81.175,0.805,,0.0,6.533,89.76,317.185,24.135
2022-01-03 19:00:00,4.075,78.285,0.74,,0.0,6.433,89.67,317.76,24.26
2022-01-03 20:00:00,3.56,80.225,0.685,,0.0,6.4,89.615,317.02,24.355
2022-01-03 21:00:00,3.68,78.555,0.64,,0.0,6.383,89.55,320.915,24.36
2022-01-03 22:00:00,3.735,78.27,0.845,,0.0,6.467,89.435,319.725,24.31
2022-01-03 23:00:00,3.695,79.2,0.61,,0.0,6.933,89.43,321.4,24.095
2022-01-04 00:00:00,6.025,68.315,1.48,,0.0,7.733,89.345,333.075,23.71
2022-01-04 01:00:00,7.645,68.515,5.01,,0.0,7.933,89.25,337.39,23.15
2022-01-04 02:00:00,7.945,69.75,4.01,,0.0,8.067,89.145,339.97,22.6
2022-01-04 03:00:00,7.44,76.04,2.485,,0.0,7.55,89.07,339.4,22.25
2022-01-04 04:00:00,4.075,93.735,0.81,,0.0,7.567,89.0,331.61,22.07
2022-01-04 05:00:00,3.71,96.01,0.75,,0.0,8.183,88.93,330.485,21.84
2022-01-04 06:00:00,5.32,91.53,1.015,,0.0,7.983,88.805,333.57,21.545
2022-01-04 07:00:00,4.45,96.215,0.97,,0.0,7.967,88.84,327.865,21.605
2022-01-04 08:00:00,4.485,94.36,0.815,,0.0,8.167,88.805,328.3,21.39
2022-01-04 09:00:00,4.815,93.055,1.035,,0.0,8.433,88.775,327.52,21.215
2022-01-04 10:00:00,5.385,90.295,0.975,,0.0,8.983,88.725,329.095,21.015
2022-01-04 11:00:00,6.53,87.93,0.64,,0.0,8.9,88.71,338.675,20.6
2022-01-04 12:00:00,7.21,83.91,0.695,,0.0,8.867,88.6,320.1,20.21
2022-01-04 13:00:00,6.245,87.77,0.685,,0.0,8.567,88.5,308.885,19.76
2022-01-04 14:00:00,6.245,87.49,0.705,,0.0,8.383,88.415,300.275,19.645
2022-01-04 15:00:00,6.66,83.48,1.165,,0.0,7.933,88.375,305.595,19.825
2022-01-04 16:00:00,6.71,79.745,0.89,,0.0,7.583,88.34,301.065,19.87
2022-01-04 17:00:00,5.435,81.87,0.92,,0.0,7.333,88.29,288.595,19.94
2022-01-04 18:00:00,10.31,54.915,2.13,,0.0,7.1,88.22,288.98,19.69
2022-01-04 19:00:00,8.795,58.825,1.03,,0.0,7.0,88.23,277.0,19.41
2022-01-04 20:00:00,8.99,56.73,1.315,,0.0,6.983,88.255,288.65,19.66
2022-01-04 21:00:00,5.83,72.085,0.685,,0.0,6.883,88.275,319.385,19.675
2022-01-04 22:00:00,8.34,58.925,1.67,,0.0,7.1,88.27,331.935,19.675
2022-01-04 23:00:00,10.325,50.265,2.345,,0.0,7.45,88.21,333.635,18.85
2022-01-05 00:00:00,6.825,70.335,0.83,,0.0,7.683,88.26,329.23,18.185
2022-01-05 01:00:00,5.045,87.285,0.7,,1.14,6.533,88.32,330.89,18.565
2022-01-05 02:00:00,3.015,92.455,0.855,,0.0,5.833,88.445,324.86,18.65
2022-01-05 03:00:00,0.68,95.035,0.7,,0.0,5.733,88.62,315.88,18.69
2022-01-05 04:00:00,0.13,96.645,0.54,,5.985,5.783,88.645,315.7,20.685
2022-01-05 05:00:00,-0.1,97.325,0.65,,11.28,5.783,88.65,315.745,24.445
2022-01-05 06:00:00,-0.09,97.63,0.5,,4.515,5.633,88.63,315.72,25.95
2022-01-05 07:00:00,-0.285,97.745,4.325,,6.525,5.767,88.645,315.705,28.125
2022-01-05 08:00:00,-0.26,97.975,6.155,,0.0,5.75,88.68,315.685,27.71
2022-01-05 09:00:00,-0.16,97.84,1.54,,4.2,5.583,88.71,315.635,29.11
2022-01-05 10:00:00,-0.445,97.475,1.165,,3.135,5.367,88.795,315.58,30.155
2022-01-05 11:00:00,-1.155,97.56,1.785,,4.905,5.233,88.93,315.745,31.79
2022-01-05 12:00:00,-1.385,97.15,1.78,,0.0,4.867,88.965,315.8,31.86
2022-01-05 13:00:00,-2.04,96.495,1.82,,3.84,4.533,89.015,315.61,33.14
2022-01-05 14:00:00,-2.86,91.935,1.27,,0.0,4.533,89.135,311.42,32.885
2022-01-05 15:00:00,-2.975,90.585,1.155,,0.0,4.333,89.145,309.88,33.105
2022-01-05 16:00:00,-3.205,89.205,0.99,,0.0,4.133,89.165,304.9,32.805
2022-01-05 17:00:00,-3.625,88.66,1.255,,0.0,4.033,89.205,298.035,32.755
2022-01-05 18:00:00,-4.195,92.26,0.98,,0.0,3.967,89.235,293.17,32.635
2022-01-05 19:00:00,-4.635,94.375,0.945,,0.0,3.983,89.275,289.495,32.68
2022-01-05 20:00:00,-4.625,93.94,1.06,,0.0,3.933,89.31,290.315,32.585
2022-01-05 21:00:00,-4.75,93.96,1.355,,0.0,3.7,89.335,291.485,32.54
2022-01-05 22:00:00,-5.33,92.895,1.085,,0.0,3.667,89.375,289.975,32.295
2022-01-05 23:00:00,-5.875,94.76,3.04,,0.0,3.8,89.395,286.24,32.245
2022-01-06 00:00:00,-5.34,92.62,0.97,,0.0,3.8,89.435,288.405,32.11
2022-01-06 01:00:00,-5.3,91.575,1.84,,0.0,3.55,89.435,288.94,31.96
2022-01-06 02:00:00,-6.11,91.33,1.04,,0.0,3.233,89.44,286.23,31.725
2022-01-06 03:00:00,-8.185,92.31,2.15,,0.0,3.267,89.475,277.735,31.38
2022-01-06 04:00:00,-7.885,94.665,1.365,,0.0,3.383,89.495,275.195,31.33
2022-01-06 05:00:00,-7.12,93.525,1.045,,0.0,3.517,89.54,278.65,31.135
2022-01-06 06:00:00,-6.6,93.615,0.53,,0.0,3.5,89.595,281.195,30.895
2022-01-06 07:00:00,-6.625,92.96,0.79,,0.0,3.433,89.615,282.185,30.645
2022-01-06 08:00:00,-6.895,93.41,0.955,,0.0,3.45,89.655,280.78,30.365
2022-01-06 09:00:00,-7.205,93.63,1.31,,0.0,3.517,89.685,280.43,30.015
2022-01-06 10:00:00,-6.865,92.735,0.58,,0.0,3.667,89.685,283.29,29.835
2022-01-06 11:00:00,-4.305,85.535,0.425,,0.0,3.867,89.71,302.02,29.55
2022-01-06 12:00:00,-4.985,86.65,0.43,,2.205,4.1,89.725,311.82,30.285
2022-01-06 13:00:00,-5.65,90.07,0.36,,0.0,4.483,89.715,299.17,30.405
2022-01-06 14:00:00,-4.64,89.775,0.34,,0.0,4.267,89.7,301.375,30.28
2022-01-06 15:00:00,-4.21,87.67,0.355,,0.0,3.767,89.71,304.87,30.125
2022-01-06 16:00:00,-5.67,90.11,0.38,,0.0,3.567,89.76,296.29,30.03
2022-01-06 17:00:00,-6.97,94.605,0.31,,0.0,3.483,89.835,281.93,30.02
2022-01-06 18:00:00,-6.97,95.14,0.37,,0.0,3.317,89.84,279.56,29.91
2022-01-06 19:00:00,-6.715,90.15,0.57,,0.0,3.15,89.83,276.385,29.835
2022-01-06 20:00:00,-7.98,89.565,0.415,,0.0,3.05,89.84,275.375,29.575
2022-01-06 21:00:00,-9.08,93.95,0.375,,0.0,3.0,89.845,268.58,29.59
2022-01-06 22:00:00,-9.195,93.325,0.385,,0.0,3.0,89.845,266.415,29.445
2022-01-06 23:00:00,-9.53,92.67,0.37,,0.0,3.183,89.87,265.105,29.315
2022-01-07 00:00:00,-7.565,92.005,0.51,,0.0,3.033,89.91,270.8,29.355
2022-01-07 01:00:00,-9.125,92.27,0.375,,0.0,2.967,89.86,270.455,29.13
2022-01-07 02:00:00,-9.035,91.775,0.57,,0.0,2.8,89.805,268.245,28.975
2022-01-07 03:00:00,-10.61,93.06,0.425,,0.0,2.767,89.8,264.575,28.96
2022-01-07 04:00:00,-10.815,93.73,0.465,,0.0,2.733,89.82,260.22,28.855
2022-01-07 05:00:00,-10.085,92.83,0.525,,0.0,2.7,89.785,262.05,28.865
2022-01-07 06:00:00,-10.96,92.82,0.44,,0.0,2.883,89.825,261.135,28.735
2022-01-07 07:00:00,-9.82,93.575,0.415,,0.0,3.017,89.815,263.295,28.76
2022-01-07 08:00:00,-8.885,93.6,0.395,,0.0,3.167,89.81,268.0,28.885
2022-01-07 09:00:00,-8.375,92.855,0.39,,0.0,3.1,89.845,273.645,28.61
2022-01-07 10:00:00,-9.02,92.99,0.46,,0.0,3.317,89.865,275.09,28.415
2022-01-07 11:00:00,-5.96,88.74,0.5,,0.0,3.95,89.805,293.68,27.89
2022-01-07 12:00:00,-4.75,83.595,0.545,,1.23,4.367,89.745,308.765,28.3
2022-01-07 13:00:00,-3.63,82.25,0.67,,0.0,4.283,89.735,311.605,28.35
2022-01-07 14:00:00,-3.535,80.31,0.615,,0.0,4.183,89.675,313.605,28.26
2022-01-07 15:00:00,-3.44,82.445,0.44,,0.0,4.2,89.695,309.965,28.16
2022-01-07 16:00:00,-3.23,83.99,0.75,,0.0,4.2,89.68,301.8,28.14
2022-01-07 17:00:00,-3.215,86.125,0.5,,0.0,4.25,89.69,299.395,28.12
2022-01-07 18:00:00,-3.365,89.685,0.455,,0.0,4.2,89.7,298.15,28.04
2022-01-07 19:00:00,-3.86,93.675,0.51,,2.085,4.2,89.785,298.0,28.735
2022-01-07 20:00:00,-4.14,94.265,0.43,,4.035,4.233,89.78,296.86,30.08
2022-01-07 21:00:00,-3.94,93.735,0.595,,2.835,4.3,89.765,296.63,31.025
2022-01-07 22:00:00,-3.825,93.74,0.5,,0.0,4.35,89.71,296.93,31.105
2022-01-07 23:00:00,-3.49,93.36,0.395,,0.0,4.0,89.65,297.27,31.345
2022-01-08 00:00:00,-6.24,93.04,0.55,,0.0,4.1,89.54,289.17,30.81
2022-01-08 01:00:00,-4.005,81.375,1.725,,1.035,4.317,89.425,289.005,31.155
2022-01-08 02:00:00,-0.99,63.19,4.47,,0.0,4.233,89.325,299.285,31.325
2022-01-08 03:00:00,-0.415,60.37,2.87,,0.0,4.283,89.31,301.525,30.92
2022-01-08 04:00:00,-2.87,84.585,0.95,,0.0,4.383,89.3,300.71,30.81
2022-01-08 05:00:00,-2.815,86.65,0.72,,0.0,4.433,89.27,299.735,30.575
2022-01-08 06:00:00,-3.18,93.67,0.88,,3.615,4.467,89.35,300.425,31.78
2022-01-08 07:00:00,-3.17,94.15,0.61,,2.715,4.7,89.435,300.285,32.685
2022-01-08 08:00:00,-2.58,93.205,0.415,,0.0,4.933,89.52,300.975,32.94
2022-01-08 09:00:00,-2.05,92.125,0.58,,0.0,5.117,89.57,304.11,32.72
2022-01-08 10:00:00,-1.355,89.0,0.585,,0.0,5.25,89.64,312.76,31.755
2022-01-08 11:00:00,-1.22,87.77,0.58,,2.925,5.4,89.67,314.955,32.73
2022-01-08 12:00:00,-0.485,80.995,0.495,,0.0,5.45,89.645,315.955,32.52
2022-01-08 13:00:00,-0.42,77.265,0.375,,0.0,5.25,89.595,316.065,32.465
2022-01-08 14:00:00,-0.81,80.68,0.485,,0.0,5.233,89.555,316.0,32.465
2022-01-08 15:00:00,-0.795,80.31,0.465,,2.01,4.883,89.48,315.39,33.135
2022-01-08 16:00:00,-1.57,81.6,0.615,,0.0,4.45,89.335,312.01,33.25
2022-01-08 17:00:00,-2.115,80.08,0.95,,0.0,4.433,89.165,303.37,32.435
2022-01-08 18:00:00,-2.465,82.93,0.76,,0.0,4.5,89.09,299.3,31.525
2022-01-08 19:00:00,-2.48,85.05,0.64,,0.0,4.617,89.01,298.645,31.525
2022-01-08 20:00:00,-2.395,86.72,0.605,,0.0,4.95,88.955,299.755,31.71
2022-01-08 21:00:00,1.305,63.51,4.335,,0.0,4.917,88.815,307.43,31.68
2022-01-08 22:00:00,2.2,60.84,6.155,,0.0,5.017,88.665,310.785,31.17
2022-01-08 23:00:00,2.365,61.835,5.545,,0.0,5.033,88.495,310.765,29.8
2022-01-09 00:00:00,2.78,58.655,5.935,,0.0,5.233,88.355,310.91,29.475
2022-01-09 01:00:00,1.74,69.075,5.38,,0.0,4.867,88.34,312.09,29.445
2022-01-09 02:00:00,1.665,66.11,4.455,,0.0,5.067,88.25,309.36,29.2
2022-01-09 03:00:00,0.825,71.245,5.4,,0.0,5.283,88.3,309.165,29.06
2022-01-09 04:00:00,-0.43,83.925,2.16,,0.0,5.333,88.355,306.845,29.35
2022-01-09 05:00:00,-1.105,94.495,0.655,,3.165,5.417,88.4,310.43,30.405
2022-01-09 06:00:00,-0.59,93.05,1.33,,6.54,5.333,88.455,311.91,32.585
2022-01-09 07:00:00,-0.78,92.57,0.83,,6.105,5.1,88.515,311.595,34.62
2022-01-09 08:00:00,-0.65,83.665,1.085,,10.065,5.0,88.61,310.465,37.975
2022-01-09 09:00:00,-1.715,93.06,1.145,,0.0,5.2,88.73,308.6,37.705
2022-01-09 10:00:00,-1.335,89.975,0.525,,2.13,5.2,88.73,313.005,38.415
2022-01-09 11:00:00,-1.24,90.04,0.68,,0.0,5.217,88.7,315.695,37.975
2022-01-09 12:00:00,-1.135,89.305,0.66,,0.0,5.3,88.675,315.725,37.63
2022-01-09 13:00:00,-0.85,87.575,0.73,,0.0,5.317,88.665,315.77,37.86
2022-01-09 14:00:00,-0.525,86.15,0.605,,0.0,5.083,88.635,315.9,37.4
2022-01-09 15:00:00,-0.695,83.835,0.79,,0.0,4.9,88.635,315.92,37.045
2022-01-09 16:00:00,-1.675,92.61,0.76,,1.2,4.9,88.655,313.95,37.445
2022-01-09 17:00:00,-1.94,94.36,0.43,,0.0,4.9,88.68,309.455,37.495
2022-01-09 18:00:00,-2.135,95.715,0.385,,0.0,4.967,88.705,306.32,37.01
2022-01-09 19:00:00,-2.115,95.985,0.355,,6.795,4.933,88.735,305.275,39.275
2022-01-09 20:00:00,-2.24,95.635,0.45,,0.0,4.95,88.745,304.555,39.57
2022-01-09 21:00:00,-2.22,95.925,0.375,,4.365,4.917,88.765,304.595,41.025
2022-01-09 22:00:00,-2.38,96.235,0.37,,3.195,4.983,88.765,303.97,42.09
2022-01-09 23:00:00,-2.25,96.445,0.45,,0.0,4.967,88.78,304.48,42.265
2022-01-10 00:00:00,-2.215,96.52,0.305,,1.335,4.983,88.81,304.78,42.71
2022-01-10 01:00:00,-2.095,96.645,0.37,,3.315,5.0,88.86,304.825,43.815
2022-01-10 02:00:00,-1.995,96.67,0.595,,1.11,4.967,88.88,305.72,44.185
2022-01-10 03:00:00,-2.045,97.39,0.7,,0.0,4.9,88.935,306.085,43.8
2022-01-10 04:00:00,-2.21,97.69,0.71,,0.0,4.9,89.005,305.57,44.06
2022-01-10 05:00:00,-2.22,96.945,0.705,,1.38,4.883,89.04,305.135,44.52
2022-01-10 06:00:00,-2.4,96.855,0.63,,0.0,4.817,89.1,304.025,43.98
2022-01-10 07:00:00,-2.425,96.695,0.625,,0.0,4.833,89.175,303.915,43.885
2022-01-10 08:00:00,-2.37,96.295,0.67,,0.0,4.817,89.25,304.035,43.495
2022-01-10 09:00:00,-2.45,94.08,0.58,,1.635,4.9,89.375,304.94,44.04
2022-01-10 10:00:00,-2.215,92.29,0.55,,0.0,4.967,89.465,308.385,42.615
2022-01-10 11:00:00,-2.06,90.86,0.685,,0.0,5.133,89.555,310.485,41.625
2022-01-10 12:00:00,-1.81,89.715,0.595,,0.0,5.333,89.61,315.035,41.49
2022-01-10 13:00:00,-1.175,86.855,0.47,,1.385,5.083,89.645,316.045,
2022-01-10 14:00:00,-1.405,88.61,0.53,,2.77,4.867,89.7,316.45,40.63
2022-01-10 15:00:00,-1.89,89.97,0.565,,4.155,4.85,89.775,315.905,42.015
2022-01-10 16:00:00,-1.99,89.37,0.37,,0.0,4.683,89.83,315.12,40.89
2022-01-10 17:00:00,-2.37,90.195,0.31,,0.0,4.55,89.94,306.615,39.89
2022-01-10 18:00:00,-2.88,91.51,0.39,,0.0,4.05,90.01,301.635,40.085
2022-01-10 19:00:00,-5.045,93.06,0.43,,0.0,3.6,90.08,292.595,39.98
2022-01-10 20:00:00,-7.425,94.625,0.41,,0.0,3.55,90.145,279.805,39.935
2022-01-10 21:00:00,-6.74,94.595,0.49,,1.02,3.6,90.21,278.01,40.275
2022-01-10 22:00:00,-6.015,88.165,0.53,,0.0,3.533,90.24,282.925,40.215
2022-01-10 23:00:00,-6.415,88.195,0.67,,0.0,3.233,90.275,279.805,40.205
2022-01-11 00:00:00,-6.7,86.56,0.685,,0.0,3.1,90.285,279.215,40.18
2022-01-11 01:00:00,-7.265,87.885,0.57,,0.0,3.033,90.305,275.1,40.345
2022-01-11 02:00:00,-8.015,88.415,0.465,,0.0,3.15,90.325,271.125,40.235
2022-01-11 03:00:00,-7.38,85.87,1.09,,0.0,3.117,90.355,273.115,40.285
2022-01-11 04:00:00,-6.155,77.39,2.155,,0.0,2.917,90.365,282.77,40.265
2022-01-11 05:00:00,-8.14,86.32,0.525,,0.0,2.8,90.345,275.685,40.23
2022-01-11 06:00:00,-9.79,89.835,0.36,,0.0,2.8,90.37,266.095,39.785
2022-01-11 07:00:00,-9.36,87.93,0.64,,0.0,2.867,90.41,266.2,39.82
2022-01-11 08:00:00,-9.34,89.91,0.555,,0.0,2.933,90.455,266.205,40.125
2022-01-11 09:00:00,-8.725,88.065,0.565,,0.0,3.033,90.5,268.48,39.7
2022-01-11 10:00:00,-8.86,88.87,0.59,,0.0,3.367,90.525,270.875,39.5
2022-01-11 11:00:00,-4.72,78.13,0.73,,0.0,3.417,90.53,299.47,38.98
2022-01-11 12:00:00,-5.84,82.66,0.55,,0.0,3.333,90.53,306.665,39.21
2022-01-11 13:00:00,-7.91,88.16,0.43,,0.0,3.25,90.56,284.58,39.1
2022-01-11 14:00:00,-8.73,90.485,0.395,,0.0,3.15,90.57,276.42,38.98
2022-01-11 15:00:00,-9.19,91.555,0.38,,0.0,3.2,90.565,271.94,38.92
2022-01-11 16:00:00,-8.785,91.8,0.35,,0.0,3.117,90.565,269.465,38.755
2022-01-11 17:00:00,-8.96,92.06,0.445,,0.0,3.017,90.6,267.965,38.83
2022-01-11 18:00:00,-9.24,90.72,0.43,,0.0,3.0,90.63,267.25,38.78
2022-01-11 19:00:00,-9.495,92.105,0.345,,0.0,3.0,90.69,264.14,38.48
2022-01-11 20:00:00,-9.375,91.835,0.53,,0.0,3.0,90.695,264.495,38.455
2022-01-11 21:00:00,-9.245,91.44,0.48,,0.0,2.967,90.75,265.935,38.145
2022-01-11 22:00:00,-9.94,92.185,0.405,,0.0,3.217,90.78,263.64,38.01
2022-01-11 23:00:00,-7.495,90.31,0.705,,0.0,3.033,90.825,271.27,38.13
2022-01-12 00:00:00,-8.48,88.74,0.57,,0.0,2.883,90.81,273.275,37.935
2022-01-12 01:00:00,-9.5,90.92,0.55,,0.0,2.8,90.835,266.895,37.785
2022-01-12 02:00:00,-9.745,91.695,0.625,,0.0,2.8,90.83,264.98,37.75
2022-01-12 03:00:00,-9.49,91.59,0.61,,0.0,2.9,90.85,266.425,37.445
2022-01-12 04:00:00,-8.665,89.425,0.725,,0.0,2.883,90.785,268.37,37.195
2022-01-12 05:00:00,-8.595,87.655,0.815,,0.0,2.833,90.82,270.67,37.07
2022-01-12 06:00:00,-9.345,89.87,0.575,,0.0,2.783,90.86,268.085,36.985
2022-01-12 07:00:00,-9.54,89.5,0.65,,0.0,2.65,90.935,266.395,37.09
2022-01-12 08:00:00,-10.395,90.955,0.695,,0.0,2.767,90.97,264.4,37.02
2022-01-12 09:00:00,-10.065,90.87,0.64,,0.0,2.933,91.06,265.505,36.955
2022-01-12 10:00:00,-9.235,90.87,0.62,,0.0,3.383,91.105,268.23,37.14
2022-01-12 11:00:00,-5.62,81.85,0.7,,0.0,3.5,91.095,296.22,36.835
2022-01-12 12:00:00,-5.145,79.26,0.655,,0.0,3.617,91.1,303.78,37.015
2022-01-12 13:00:00,-6.135,83.98,0.625,,0.0,3.633,90.98,286.17,36.85
2022-01-12 14:00:00,-5.23,79.65,0.95,,0.0,3.433,91.025,286.875,36.825
2022-01-12 15:00:00,-6.55,82.765,0.625,,0.0,3.417,91.115,284.315,36.595
2022-01-12 16:00:00,-7.41,90.115,0.625,,0.0,3.483,91.07,278.34,36.63
2022-01-12 17:00:00,-6.63,88.815,0.73,,0.0,3.583,91.125,278.335,36.425
2022-01-12 18:00:00,-6.13,87.61,0.68,,0.0,3.383,91.17,279.515,36.63
2022-01-12 19:00:00,-6.81,87.84,0.645,,0.0,3.417,91.2,279.035,36.39
2022-01-12 20:00:00,-6.255,87.45,0.675,,0.0,3.483,91.205,279.07,36.43
2022-01-12 21:00:00,-6.16,84.76,0.61,,0.0,3.533,91.26,279.41,36.6
2022-01-12 22:00:00,-6.325,85.445,0.57,,0.0,3.5,91.225,278.395,36.365
2022-01-12 23:00:00,-7.19,87.79,0.545,,0.0,3.5,91.225,275.495,36.36
2022-01-13 00:00:00,-6.845,87.445,0.525,,0.0,3.4,91.26,275.49,36.385
2022-01-13 01:00:00,-7.34,87.535,0.485,,0.0,3.417,91.27,275.1,36.245
2022-01-13 02:00:00,-7.485,90.34,0.41,,0.0,3.5,91.3,272.76,36.35
2022-01-13 03:00:00,-7.405,88.67,0.36,,0.0,3.533,91.3,272.555,36.075
2022-01-13 04:00:00,-7.675,89.17,0.43,,0.0,3.6,91.305,271.5,36.015
2022-01-13 05:00:00,-7.005,88.595,0.43,,0.0,3.683,91.305,273.76,36.02
2022-01-13 06:00:00,-6.93,87.905,0.35,,0.0,3.667,91.275,274.795,35.875
2022-01-13 07:00:00,-6.995,89.69,0.49,,0.0,3.667,91.24,273.675,36.06
2022-01-13 08:00:00,-6.22,88.64,0.6,,0.0,3.8,91.27,277.585,35.95
2022-01-13 09:00:00,-5.45,86.815,0.585,,0.0,3.917,91.305,282.375,35.945
2022-01-13 10:00:00,-6.12,86.345,0.48,,0.0,4.383,91.325,282.695,35.62
2022-01-13 11:00:00,-1.54,75.105,0.685,,0.0,4.35,91.295,308.175,35.585
2022-01-13 12:00:00,-1.805,74.34,0.56,,0.0,4.25,91.28,315.855,35.595
2022-01-13 13:00:00,-3.665,81.935,0.51,,0.0,4.267,91.255,303.29,35.705
2022-01-13 14:00:00,-4.27,84.385,0.465,,0.0,4.517,91.245,294.085,35.505
2022-01-13 15:00:00,-3.785,86.655,0.395,,0.0,4.383,91.245,292.205,35.425
2022-01-13 16:00:00,-3.665,85.27,0.56,,0.0,4.333,91.215,292.5,35.335
2022-01-13 17:00:00,-4.09,87.155,0.48,,0.0,4.317,91.225,289.435,35.275
2022-01-13 18:00:00,-4.315,87.57,0.385,,0.0,4.183,91.245,286.76,35.29
2022-01-13 19:00:00,-4.8,89.125,0.43,,0.0,4.2,91.29,285.255,35.21
2022-01-13 20:00:00,-4.835,89.67,0.355,,0.0,3.983,91.3,283.825,35.295
2022-01-13 21:00:00,-5.48,89.71,0.45,,0.0,3.783,91.305,282.29,35.275
2022-01-13 22:00:00,-6.63,92.645,0.32,,0.0,3.75,91.325,279.76,35.15
2022-01-13 23:00:00,-7.195,93.62,0.36,,0.0,3.983,91.325,275.955,35.05
2022-01-14 00:00:00,-6.4,93.375,0.34,,0.0,4.083,91.325,276.675,35.175
2022-01-14 01:00:00,-5.99,91.19,0.34,,0.0,4.133,91.315,278.39,35.02
2022-01-14 02:00:00,-6.17,91.88,0.245,,0.0,4.167,91.33,278.615,35.19
2022-01-14 03:00:00,-5.59,90.57,0.31,,0.0,4.35,91.31,279.22,35.035
2022-01-14 04:00:00,-4.625,89.65,0.405,,0.0,4.433,91.275,281.695,35.175
2022-01-14 05:00:00,-4.81,88.69,0.22,,0.0,4.367,91.26,284.48,35.01
2022-01-14 06:00:00,-4.755,90.96,0.295,,0.0,4.533,91.25,282.925,35.035
2022-01-14 07:00:00,-4.52,90.635,0.275,,0.0,4.633,91.225,283.43,34.885
2022-01-14 08:00:00,-3.9,88.95,0.31,,0.0,4.8,91.19,285.19,34.86
2022-01-14 09:00:00,-3.375,88.285,0.235,,0.0,4.883,91.195,289.315,34.67
2022-01-14 10:00:00,-3.74,90.32,0.26,,0.0,5.267,91.23,289.08,34.66
2022-01-14 11:00:00,0.775,77.38,0.585,,0.0,5.267,91.22,313.96,34.415
2022-01-14 12:00:00,0.165,79.915,0.52,,0.0,5.35,91.16,261.54,34.415
2022-01-14 13:00:00,-0.995,88.07,0.45,,0.0,5.217,91.095,247.09,34.68
2022-01-14 14:00:00,-1.925,88.255,0.48,,0.0,5.383,91.085,244.105,34.605
2022-01-14 15:00:00,-2.175,89.94,0.395,,0.0,5.433,91.055,244.505,34.745
2022-01-14 16:00:00,-1.775,90.475,0.325,,0.0,5.1,91.025,246.55,34.985
2022-01-14 17:00:00,-2.855,91.44,0.365,,0.0,5.167,91.055,245.145,34.915
2022-01-14 18:00:00,-2.505,90.425,0.425,,0.0,5.033,90.995,265.295,35.09
2022-01-14 19:00:00,-2.285,89.14,0.35,,0.0,5.017,90.96,276.785,35.13
2022-01-14 20:00:00,-2.48,89.98,0.4,,0.0,5.083,90.905,282.015,35.1
2022-01-14 21:00:00,-2.23,88.695,0.55,,0.0,5.1,90.865,285.98,35.1
2022-01-14 22:00:00,-2.205,87.87,0.34,,0.0,5.0,90.83,286.685,34.74
2022-01-14 23:00:00,-2.57,88.19,0.305,,0.0,4.983,90.8,285.715,34.955
2022-01-15 00:00:00,-2.94,89.27,0.28,,0.0,4.967,90.77,285.22,35.0
2022-01-15 01:00:00,-2.395,86.865,0.41,,0.0,4.85,90.67,288.045,35.15
2022-01-15 02:00:00,-2.685,87.85,0.415,,0.0,4.633,90.63,287.72,35.005
2022-01-15 03:00:00,-3.04,87.845,0.405,,0.0,4.4,90.615,287.3,34.85
2022-01-15 04:00:00,-3.965,90.585,0.36,,0.0,4.233,90.61,283.61,34.65
2022-01-15 05:00:00,-4.67,91.945,0.42,,0.0,4.4,90.545,281.935,34.715
2022-01-15 06:00:00,-4.735,92.615,0.305,,0.0,4.7,90.55,281.24,34.595
2022-01-15 07:00:00,-4.69,91.875,0.215,,0.0,4.833,90.515,281.15,34.575
2022-01-15 08:00:00,-3.295,88.525,0.32,,0.0,4.917,90.485,285.415,34.575
2022-01-15 09:00:00,-2.67,86.025,0.32,,0.0,5.05,90.475,288.955,34.48
2022-01-15 10:00:00,-2.49,85.81,0.31,,0.0,5.45,90.485,291.695,34.46
2022-01-15 11:00:00,1.91,73.37,0.44,,0.0,5.417,90.475,265.745,34.005
2022-01-15 12:00:00,0.835,77.36,0.525,,0.0,5.25,90.41,255.855,34.285
2022-01-15 13:00:00,-1.67,86.405,0.47,,0.0,5.067,90.37,247.765,34.4
2022-01-15 14:00:00,-2.57,88.475,0.355,,0.0,5.133,90.35,245.635,34.39
2022-01-15 15:00:00,-2.68,90.4,0.38,,0.0,5.333,90.325,246.185,34.23
2022-01-15 16:00:00,-2.465,91.695,0.32,,0.0,5.283,90.325,246.58,34.39
2022-01-15 17:00:00,-2.33,90.455,0.285,,0.0,5.15,90.33,247.47,34.125
2022-01-15 18:00:00,-2.825,90.765,0.24,,0.0,5.15,90.335,251.355,34.32
2022-01-15 19:00:00,-2.26,89.58,0.3,,0.0,5.233,90.33,255.52,34.17
2022-01-15 20:00:00,-1.25,85.54,0.375,,0.0,5.2,90.31,253.065,34.33
2022-01-15 21:00:00,-0.485,82.025,0.55,,0.0,4.983,90.31,248.235,34.175
2022-01-15 22:00:00,-1.08,82.16,0.45,,0.0,4.783,90.295,244.755,34.09
2022-01-15 23:00:00,-3.185,88.125,0.365,,0.0,4.767,90.33,240.845,34.005
2022-01-16 00:00:00,-3.46,89.51,0.365,,0.0,4.817,90.35,240.38,33.935
2022-01-16 01:00:00,-3.165,86.905,0.325,,0.0,4.8,90.32,242.235,33.815
2022-01-16 02:00:00,-2.61,85.38,0.315,,0.0,4.767,90.315,241.975,33.705
2022-01-16 03:00:00,-1.495,81.46,0.385,,0.0,4.533,90.31,244.66,33.475
2022-01-16 04:00:00,-2.14,81.99,0.62,,0.0,4.267,90.265,241.155,33.505
2022-01-16 05:00:00,-4.035,85.75,0.51,,0.0,4.117,90.31,234.55,33.46
2022-01-16 06:00:00,-5.46,90.115,0.44,,0.0,4.183,90.34,232.68,33.485
2022-01-16 07:00:00,-5.32,89.48,0.38,,0.0,4.3,90.41,235.49,33.5
2022-01-16 08:00:00,-4.645,87.995,0.34,,0.0,4.2,90.45,238.85,33.56
2022-01-16 09:00:00,-4.275,85.65,0.525,,0.0,4.133,90.475,240.485,33.345
2022-01-16 10:00:00,-4.785,88.81,0.635,,0.0,4.433,90.52,238.105,33.325
2022-01-16 11:00:00,-1.44,80.44,0.61,,0.0,4.633,90.585,240.875,33.305
2022-01-16 12:00:00,-0.91,75.59,0.57,,0.0,4.417,90.57,241.02,33.285
2022-01-16 13:00:00,-3.215,82.99,0.535,,0.0,4.333,90.575,233.33,33.46
2022-01-16 14:00:00,-3.8,84.7,0.545,,0.0,4.35,90.56,231.655,33.37
2022-01-16 15:00:00,-4.235,86.08,0.34,,0.0,4.483,90.595,230.47,33.355
2022-01-16 16:00:00,-3.5,84.73,0.43,,0.0,4.283,90.605,230.725,33.56
2022-01-16 17:00:00,-3.69,82.38,0.41,,0.0,4.133,90.65,229.725,33.565
2022-01-16 18:00:00,-4.11,84.125,0.425,,0.0,4.183,90.725,232.375,33.715
2022-01-16 19:00:00,-4.285,85.54,0.34,,0.0,4.217,90.795,250.97,33.695
2022-01-16 20:00:00,-3.875,86.375,0.38,,0.0,4.383,90.845,261.62,33.955
2022-01-16 21:00:00,-2.815,85.185,0.485,,0.0,4.4,90.9,281.41,33.945
2022-01-16 22:00:00,-2.66,86.07,0.465,,0.0,4.433,90.97,281.53,33.885
2022-01-16 23:00:00,-2.795,87.56,0.46,,0.0,4.6,90.96,278.67,33.83
2022-01-17 00:00:00,-2.285,86.04,0.435,,0.0,4.683,90.99,287.335,33.755
2022-01-17 01:00:00,-1.725,84.265,0.415,,0.0,4.7,91.01,288.745,33.865
2022-01-17 02:00:00,-1.82,85.71,0.31,,0.0,4.6,91.04,288.13,33.895
2022-01-17 03:00:00,-1.91,84.87,0.51,,0.0,4.55,91.05,283.86,33.78
2022-01-17 04:00:00,-2.5,86.485,0.235,,0.0,4.467,91.015,280.095,33.8
2022-01-17 05:00:00,-2.605,85.24,0.28,,0.0,4.133,91.025,270.245,33.6
2022-01-17 06:00:00,-4.46,84.81,0.34,,0.0,3.85,91.07,238.68,33.77
2022-01-17 07:00:00,-5.09,83.455,0.435,,0.0,3.783,91.065,224.585,33.585
2022-01-17 08:00:00,-6.1,86.025,0.29,,0.0,3.75,91.14,225.05,33.645
2022-01-17 09:00:00,-5.475,82.14,0.41,,0.0,3.833,91.165,226.14,33.6
2022-01-17 10:00:00,-5.16,80.38,0.44,,0.0,4.2,91.215,226.36,33.56
2022-01-17 11:00:00,-0.8,68.675,0.595,,0.0,4.2,91.225,236.215,33.18
2022-01-17 12:00:00,-0.805,68.555,0.535,,0.0,4.133,91.235,239.46,33.47
2022-01-17 13:00:00,-3.24,77.04,0.505,,0.0,4.183,91.225,234.62,33.63
2022-01-17 14:00:00,-3.93,81.48,0.59,,0.0,4.283,91.165,233.385,33.62
2022-01-17 15:00:00,-3.78,84.095,0.395,,0.0,4.3,91.095,232.77,33.59
2022-01-17 16:00:00,-4.07,84.735,0.37,,0.0,4.15,91.115,232.135,33.8
2022-01-17 17:00:00,-4.065,84.335,0.505,,0.0,4.067,91.155,231.2,33.76
2022-01-17 18:00:00,-4.53,86.62,0.35,,0.0,3.917,91.19,230.07,33.72
2022-01-17 19:00:00,-5.5,89.7,0.38,,0.0,3.9,91.24,230.315,34.015
2022-01-17 20:00:00,-5.23,90.82,0.38,,0.0,4.233,91.245,256.285,34.04
2022-01-17 21:00:00,-3.72,89.975,0.355,,0.0,4.4,91.235,280.975,34.005
2022-01-17 22:00:00,-3.46,91.175,0.375,,0.0,4.333,91.22,268.195,34.04
2022-01-17 23:00:00,-4.19,91.05,0.4,,0.0,4.683,91.21,263.31,33.895
2022-01-18 00:00:00,-1.87,85.805,1.32,,0.0,4.717,91.22,299.25,33.97
2022-01-18 01:00:00,-1.175,82.855,1.57,,0.0,4.267,91.18,289.54,33.865
2022-01-18 02:00:00,-2.595,83.485,1.135,,0.0,3.883,91.145,235.71,33.9
2022-01-18 03:00:00,-4.475,88.14,0.54,,0.0,3.8,91.105,227.585,33.77
2022-01-18 04:00:00,-5.645,90.545,0.54,,0.0,3.75,91.085,227.325,33.79
2022-01-18 05:00:00,-5.445,90.385,0.565,,0.0,3.75,91.03,228.005,33.875
2022-01-18 06:00:00,-6.0,91.855,0.485,,0.0,3.8,91.025,226.715,33.935
2022-01-18 07:00:00,-6.62,91.62,0.29,,0.0,3.8,91.03,229.07,33.84
2022-01-18 08:00:00,-6.44,90.97,0.405,,0.0,3.8,91.04,232.34,33.69
2022-01-18 09:00:00,-6.645,90.44,0.36,,0.0,3.883,91.05,234.895,33.695
2022-01-18 10:00:00,-5.76,88.8,0.4,,0.0,4.117,91.055,238.935,33.55
2022-01-18 11:00:00,-1.45,76.295,0.565,,0.0,4.283,91.055,240.07,33.535
2022-01-18 12:00:00,-1.055,75.315,0.54,,0.0,4.183,90.985,239.455,33.705
2022-01-18 13:00:00,-3.74,81.675,0.53,,0.0,4.15,90.955,233.915,33.71
2022-01-18 14:00:00,-4.455,85.195,0.48,,0.0,4.217,90.915,233.135,33.75
2022-01-18 15:00:00,-4.365,85.175,0.35,,0.0,4.283,90.91,233.045,33.615
2022-01-18 16:00:00,-4.78,86.385,0.22,,0.0,4.1,90.93,232.96,33.595
2022-01-18 17:00:00,-4.98,87.395,0.385,,0.0,3.9,90.96,231.31,33.67
2022-01-18 18:00:00,-5.71,89.6,0.335,,0.0,3.817,90.98,230.405,33.555
2022-01-18 19:00:00,-6.225,89.91,0.315,,0.0,3.8,90.985,231.485,33.74
2022-01-18 20:00:00,-6.69,91.42,0.215,,0.0,3.867,90.975,234.63,33.87
2022-01-18 21:00:00,-6.865,91.97,0.215,,0.0,3.767,90.995,239.29,33.71
2022-01-18 22:00:00,-6.84,91.65,0.23,,0.0,3.667,90.91,243.84,33.71
2022-01-18 23:00:00,-6.7,92.29,0.31,,0.0,3.633,90.955,246.52,33.71
2022-01-19 00:00:00,-7.01,92.885,0.31,,0.0,3.8,90.965,248.15,33.785
2022-01-19 01:00:00,-6.51,90.82,0.41,,0.0,3.983,90.955,253.295,33.745
2022-01-19 02:00:00,-5.37,87.895,0.415,,0.0,3.883,90.885,258.28,33.68
2022-01-19 03:00:00,-5.12,85.66,0.355,,0.0,3.583,90.835,259.655,33.545
2022-01-19 04:00:00,-6.795,88.6,0.425,,0.0,3.7,90.795,255.13,33.53
2022-01-19 05:00:00,-6.575,89.645,0.43,,0.0,3.783,90.73,257.25,33.595
2022-01-19 06:00:00,-5.545,86.005,0.435,,0.0,3.783,90.73,260.51,33.67
2022-01-19 07:00:00,-5.53,85.94,0.41,,0.0,3.55,90.7,261.12,33.7
2022-01-19 08:00:00,-6.92,87.84,0.56,,0.0,3.417,90.68,258.41,33.71
2022-01-19 09:00:00,-7.735,90.31,0.44,,0.0,3.7,90.665,257.855,33.73
2022-01-19 10:00:00,-6.985,89.255,0.385,,0.0,4.233,90.635,261.54,33.63
2022-01-19 11:00:00,-1.735,75.17,0.45,,0.0,4.133,90.595,269.385,33.515
2022-01-19 12:00:00,-1.37,72.73,0.67,,0.0,3.983,90.55,243.905,33.84
2022-01-19 13:00:00,-4.455,83.595,0.485,,0.0,3.767,90.495,230.885,34.02
2022-01-19 14:00:00,-6.14,88.555,0.465,,0.0,3.633,90.425,226.6,33.86
2022-01-19 15:00:00,-6.93,89.84,0.465,,0.0,3.5,90.42,224.505,33.735
2022-01-19 16:00:00,-7.585,92.11,0.4,,0.0,3.517,90.405,223.195,33.775
2022-01-19 17:00:00,-7.87,93.105,0.4,,0.0,3.683,90.38,224.89,33.815
2022-01-19 18:00:00,-7.155,90.81,0.425,,0.0,3.667,90.39,229.59,33.91
2022-01-19 19:00:00,-6.715,91.255,0.45,,0.0,4.083,90.4,241.29,33.935
2022-01-19 20:00:00,-4.27,86.705,0.56,,1.02,4.333,90.385,285.785,34.275
2022-01-19 21:00:00,-3.015,86.385,0.405,,0.0,4.517,90.365,294.74,34.21
2022-01-19 22:00:00,-2.225,85.29,0.615,,0.0,4.6,90.395,297.64,34.2
2022-01-19 23:00:00,-2.05,85.775,0.445,,0.0,4.55,90.39,297.6,34.08
2022-01-20 00:00:00,-2.11,86.985,0.645,,0.0,4.6,90.39,299.41,33.995
2022-01-20 01:00:00,-2.525,93.26,0.315,,0.0,4.783,90.39,303.035,33.94
2022-01-20 02:00:00,-2.5,95.19,0.455,,2.895,4.9,90.4,303.025,34.905
2022-01-20 03:00:00,-2.065,95.825,0.555,,1.11,4.967,90.435,305.415,35.275
2022-01-20 04:00:00,-2.075,97.0,0.445,,0.0,4.933,90.405,305.99,35.485
2022-01-20 05:00:00,-2.15,97.165,0.32,,1.635,4.9,90.37,305.55,36.03
2022-01-20 06:00:00,-2.135,96.855,0.64,,2.1,4.9,90.41,305.475,36.73
2022-01-20 07:00:00,-2.025,96.0,0.765,,1.785,4.917,90.44,305.76,37.325
2022-01-20 08:00:00,-2.065,96.445,0.575,,1.83,5.0,90.435,305.975,37.935
2022-01-20 09:00:00,-2.125,96.87,0.495,,3.87,5.0,90.45,306.225,39.225
2022-01-20 10:00:00,-1.99,96.52,0.44,,0.0,5.117,90.47,307.695,39.44
2022-01-20 11:00:00,-1.77,95.83,0.49,,0.0,5.2,90.485,310.045,39.54
2022-01-20 12:00:00,-1.515,94.115,0.83,,0.0,5.2,90.495,311.89,39.23
2022-01-20 13:00:00,-1.645,95.75,0.9,,4.035,5.15,90.425,311.91,40.575
2022-01-20 14:00:00,-1.7,96.885,1.04,,1.56,5.2,90.405,310.965,41.095
2022-01-20 15:00:00,-1.555,95.19,1.1,,0.0,5.117,90.36,310.855,41.07
2022-01-20 16:00:00,-1.555,95.25,1.12,,0.0,5.1,90.385,309.425,41.285
2022-01-20 17:00:00,-1.63,94.415,1.09,,0.0,5.05,90.415,307.87,41.255
2022-01-20 18:00:00,-1.75,94.47,1.1,,0.0,4.95,90.455,306.93,41.5
2022-01-20 19:00:00,-1.815,94.405,1.22,,0.0,4.867,90.465,306.665,40.06
2022-01-20 20:00:00,-1.955,91.385,1.23,,3.06,4.8,90.47,305.44,41.08
2022-01-20 21:00:00,-2.1,91.41,0.885,,0.0,4.783,90.495,304.49,40.775
2022-01-20 22:00:00,-2.235,92.27,0.86,,0.0,4.8,90.48,303.645,40.955
2022-01-20 23:00:00,-2.265,93.215,0.81,,0.0,4.5,90.485,303.525,40.89
2022-01-21 00:00:00,-2.49,90.785,0.995,,0.0,4.267,90.5,303.315,40.865
2022-01-21 01:00:00,-3.3,90.1,1.16,,0.0,4.167,90.54,299.83,40.92
2022-01-21 02:00:00,-3.53,89.49,1.015,,1.755,4.017,90.56,298.245,41.505
2022-01-21 03:00:00,-3.775,87.445,0.9,,0.0,3.833,90.575,296.33,41.64
2022-01-21 04:00:00,-4.38,87.435,0.545,,0.0,3.783,90.55,290.875,41.455
2022-01-21 05:00:00,-4.98,88.68,0.47,,0.0,3.8,90.55,289.12,41.44
2022-01-21 06:00:00,-4.68,88.675,0.675,,0.0,3.75,90.585,291.5,41.38
2022-01-21 07:00:00,-5.275,89.815,0.43,,0.0,3.8,90.6,289.51,41.275
2022-01-21 08:00:00,-5.275,90.645,0.37,,0.0,3.833,90.65,289.225,41.235
2022-01-21 09:00:00,-5.08,90.335,0.345,,0.0,3.883,90.715,291.43,41.14
2022-01-21 10:00:00,-5.135,86.93,0.42,,0.0,4.033,90.715,296.78,40.94
2022-01-21 11:00:00,-4.16,81.605,0.795,,0.0,4.083,90.72,313.75,41.195
2022-01-21 12:00:00,-3.41,76.895,0.605,,0.0,4.117,90.75,315.96,41.39
2022-01-21 13:00:00,-3.125,78.86,0.585,,0.0,4.05,90.76,315.305,41.52
2022-01-21 14:00:00,-3.11,78.08,0.55,,0.0,3.983,90.765,310.6,41.11
2022-01-21 15:00:00,-3.105,77.15,0.545,,0.0,3.8,90.795,306.455,40.75
2022-01-21 16:00:00,-3.59,77.465,0.395,,0.0,3.767,90.8,300.155,40.8
2022-01-21 17:00:00,-4.12,80.395,0.34,,0.0,3.8,90.835,294.535,40.74
2022-01-21 18:00:00,-4.185,82.93,0.335,,0.0,3.8,90.91,293.4,40.705
2022-01-21 19:00:00,-4.48,85.115,0.46,,0.0,3.7,90.93,292.655,40.615
2022-01-21 20:00:00,-5.19,87.645,0.455,,0.0,3.4,90.93,289.565,40.515
2022-01-21 21:00:00,-6.63,89.74,0.435,,0.0,3.417,90.89,282.23,40.535
2022-01-21 22:00:00,-7.18,91.4,0.59,,0.0,3.583,90.915,278.895,40.435
2022-01-21 23:00:00,-5.465,86.89,0.96,,0.0,3.6,90.905,286.965,40.385
2022-01-22 00:00:00,-5.94,90.075,0.36,,0.0,3.667,90.9,285.885,40.33
2022-01-22 01:00:00,-5.645,89.425,0.36,,0.0,3.7,90.895,286.77,40.17
2022-01-22 02:00:00,-5.375,89.23,0.37,,0.0,3.383,90.9,287.475,40.075
2022-01-22 03:00:00,-7.19,90.29,0.39,,0.0,3.283,90.895,279.595,39.81
2022-01-22 04:00:00,-7.775,92.195,0.395,,0.0,3.567,90.88,273.29,39.835
2022-01-22 05:00:00,-6.155,87.905,0.475,,0.0,3.567,90.89,281.26,39.85
2022-01-22 06:00:00,-6.07,87.28,0.43,,0.0,3.767,90.9,282.55,39.8
2022-01-22 07:00:00,-4.275,81.52,1.035,,0.0,3.683,90.855,289.745,39.755
2022-01-22 08:00:00,-4.615,84.545,0.77,,0.0,3.9,90.885,293.235,39.715
2022-01-22 09:00:00,-4.395,85.06,0.505,,0.0,4.267,90.99,294.36,39.66
2022-01-22 10:00:00,-3.585,84.105,0.46,,0.0,4.733,91.02,302.205,39.54
2022-01-22 11:00:00,-2.505,80.71,0.38,,0.0,4.767,91.02,312.655,39.455
2022-01-22 12:00:00,-1.23,73.975,0.4,,0.0,4.4,90.985,315.79,39.42
2022-01-22 13:00:00,-1.925,73.415,0.51,,0.0,4.267,90.935,315.56,39.255
2022-01-22 14:00:00,-3.67,80.19,0.475,,0.0,4.5,90.935,302.12,39.38
2022-01-22 15:00:00,-2.66,81.05,0.45,,0.0,4.817,90.915,302.805,39.295
2022-01-22 16:00:00,-1.65,83.105,0.46,,0.0,4.9,90.95,306.86,39.39
2022-01-22 17:00:00,-1.035,84.195,0.535,,0.0,4.7,90.99,308.13,39.37
2022-01-22 18:00:00,-1.48,84.37,0.68,,0.0,4.567,90.98,302.7,39.33
2022-01-22 19:00:00,-2.295,86.9,0.51,,0.0,4.4,90.97,299.075,39.27
2022-01-22 20:00:00,-3.02,88.89,0.565,,0.0,4.25,91.015,294.61,39.16
2022-01-22 21:00:00,-4.275,90.73,0.405,,0.0,4.2,91.05,288.565,39.175
2022-01-22 22:00:00,-4.895,91.975,0.385,,0.0,4.2,91.04,284.935,39.03
2022-01-22 23:00:00,-4.83,92.175,0.395,,0.0,4.133,91.015,284.52,39.08
2022-01-23 00:00:00,-4.8,92.675,0.445,,0.0,4.2,90.98,285.325,39.01
2022-01-23 01:00:00,-5.135,93.05,0.315,,0.0,4.317,90.96,284.055,39.055
2022-01-23 02:00:00,-5.64,94.6,0.27,,0.0,4.3,90.94,280.7,38.9
2022-01-23 03:00:00,-4.945,92.84,0.31,,0.0,4.133,90.89,283.57,38.82
2022-01-23 04:00:00,-5.21,94.155,0.375,,0.0,4.233,90.87,283.04,38.91
2022-01-23 05:00:00,-5.5,94.275,0.305,,0.0,4.3,90.85,281.75,38.945
2022-01-23 06:00:00,-5.53,94.265,0.26,,0.0,4.2,90.865,281.04,38.92
2022-01-23 07:00:00,-5.22,93.525,0.375,,0.0,4.083,90.86,281.85,38.69
2022-01-23 08:00:00,-5.525,93.93,0.265,,0.0,4.083,90.905,281.56,38.85
2022-01-23 09:00:00,-6.02,94.37,0.34,,0.0,4.35,90.95,280.155,38.795
2022-01-23 10:00:00,-4.425,91.535,0.51,,0.0,4.5,90.92,287.515,38.775
2022-01-23 11:00:00,-2.8,87.36,0.525,,0.0,4.667,90.93,301.54,38.615
2022-01-23 12:00:00,0.07,77.37,0.5,,0.0,4.45,90.89,316.015,38.5
2022-01-23 13:00:00,-3.14,85.075,0.475,,0.0,4.383,90.86,305.735,38.71
2022-01-23 14:00:00,-4.005,88.365,0.6,,0.0,4.433,90.795,294.0,38.695
2022-01-23 15:00:00,-3.98,89.855,0.47,,0.0,4.45,90.75,291.89,38.58
2022-01-23 16:00:00,-4.07,90.31,0.51,,0.0,4.0,90.77,290.275,38.6
2022-01-23 17:00:00,-5.34,90.98,0.54,,0.0,3.867,90.805,285.29,38.57
2022-01-23 18:00:00,-5.985,94.35,0.43,,0.0,3.9,90.81,280.295,38.59
2022-01-23 19:00:00,-6.135,93.565,0.395,,0.0,3.95,90.785,279.885,38.585
2022-01-23 20:00:00,-5.73,91.0,0.45,,0.0,3.85,90.8,279.85,38.565
2022-01-23 21:00:00,-5.57,88.93,0.505,,0.0,3.783,90.8,281.15,38.57
2022-01-23 22:00:00,-5.675,88.815,0.575,,0.0,3.767,90.795,281.02,38.695
2022-01-23 23:00:00,-5.25,87.485,0.525,,0.0,3.6,90.775,282.63,38.625
2022-01-24 00:00:00,-6.18,88.995,0.58,,0.0,3.517,90.825,280.205,38.555
2022-01-24 01:00:00,-6.855,89.975,0.505,,0.0,3.5,90.82,277.345,38.44
2022-01-24 02:00:00,-7.245,90.635,0.37,,0.0,3.433,90.82,274.625,38.34
2022-01-24 03:00:00,-7.23,91.125,0.49,,0.0,3.417,90.825,274.57,38.415
2022-01-24 04:00:00,-7.22,91.325,0.63,,0.0,3.583,90.81,275.81,38.49
2022-01-24 05:00:00,-6.715,89.635,0.585,,0.0,3.8,90.77,277.58,38.515
2022-01-24 06:00:00,-5.38,85.705,0.485,,0.0,3.783,90.75,281.075,38.365
2022-01-24 07:00:00,-4.515,82.72,0.78,,0.0,3.833,90.75,284.61,38.46
2022-01-24 08:00:00,-4.225,81.845,0.66,,0.0,3.933,90.795,287.265,38.51
2022-01-24 09:00:00,-4.72,84.355,0.555,,0.0,4.133,90.83,285.72,38.32
2022-01-24 10:00:00,-4.495,85.15,0.555,,0.0,4.633,90.835,287.75,38.23
2022-01-24 11:00:00,0.445,71.32,0.6,,0.0,4.367,90.835,313.875,37.94
2022-01-24 12:00:00,0.37,68.22,0.715,,0.0,4.267,90.855,316.92,38.035
2022-01-24 13:00:00,-2.18,77.775,0.545,,0.0,4.267,90.82,310.865,38.345
2022-01-24 14:00:00,-3.37,81.065,0.485,,0.0,4.4,90.78,298.28,38.04
2022-01-24 15:00:00,-3.65,84.2,0.425,,0.0,4.483,90.785,292.615,38.18
2022-01-24 16:00:00,-3.24,85.81,0.36,,0.0,4.55,90.8,292.005,38.105
2022-01-24 17:00:00,-3.495,85.875,0.415,,0.0,4.45,90.845,290.795,38.035
2022-01-24 18:00:00,-3.64,86.005,0.29,,0.0,4.433,90.87,287.78,38.175
2022-01-24 19:00:00,-3.84,86.84,0.3,,0.0,4.433,90.89,286.405,38.105
2022-01-24 20:00:00,-3.77,86.31,0.34,,0.0,4.483,90.9,286.62,38.04
2022-01-24 21:00:00,-3.315,84.12,0.395,,0.0,4.45,90.91,287.95,38.005
2022-01-24 22:00:00,-3.625,84.985,0.285,,0.0,4.383,90.925,286.795,38.085
2022-01-24 23:00:00,-3.76,84.32,0.305,,0.0,4.3,90.94,286.14,38.105
2022-01-25 00:00:00,-4.065,86.04,0.305,,0.0,4.267,90.945,285.14,38.135
2022-01-25 01:00:00,-4.255,85.71,0.33,,0.0,4.2,90.955,284.575,38.08
2022-01-25 02:00:00,-4.565,87.535,0.26,,0.0,4.1,90.95,283.44,38.085
2022-01-25 03:00:00,-4.98,87.935,0.32,,0.0,4.117,90.96,282.095,38.11
2022-01-25 04:00:00,-5.365,89.48,0.225,,0.0,4.25,90.95,280.525,37.995
2022-01-25 05:00:00,-4.86,87.47,0.265,,0.0,4.25,90.935,281.515,37.96
2022-01-25 06:00:00,-4.56,87.375,0.275,,0.0,4.217,90.93,282.255,38.05
2022-01-25 07:00:00,-4.56,87.145,0.285,,0.0,4.3,90.945,282.865,37.835
2022-01-25 08:00:00,-4.66,85.69,0.23,,0.0,4.233,90.98,282.19,37.97
2022-01-25 09:00:00,-4.28,85.45,0.275,,0.0,4.417,90.99,284.345,38.03
2022-01-25 10:00:00,-3.83,83.095,0.235,,0.0,4.933,91.01,287.78,37.775
2022-01-25 11:00:00,2.12,66.08,0.47,,0.0,5.017,91.01,316.59,37.59
2022-01-25 12:00:00,2.145,64.26,0.54,,0.0,4.65,90.99,304.525,37.865
2022-01-25 13:00:00,-1.26,78.275,0.5,,0.0,4.717,90.97,245.31,38.08
2022-01-25 14:00:00,-1.975,82.385,0.375,,0.0,4.9,90.94,242.36,37.82
2022-01-25 15:00:00,-1.93,81.865,0.255,,0.0,4.933,90.925,241.955,37.885
2022-01-25 16:00:00,-1.83,81.0,0.2,,0.0,4.817,90.93,241.85,37.77
2022-01-25 17:00:00,-2.45,82.71,0.205,,0.0,4.667,90.92,240.89,37.955
2022-01-25 18:00:00,-1.77,79.325,0.355,,0.0,4.6,90.94,240.2,37.885
2022-01-25 19:00:00,-2.69,83.87,0.2,,0.0,4.517,90.95,239.57,38.03
2022-01-25 20:00:00,-2.54,82.815,0.275,,0.0,4.5,90.945,239.825,37.915
2022-01-25 21:00:00,-2.625,81.59,0.33,,0.0,4.45,90.935,238.99,37.865
2022-01-25 22:00:00,-3.11,83.325,0.315,,0.0,4.383,90.935,236.935,37.845
2022-01-25 23:00:00,-3.8,84.915,0.27,,0.0,4.383,90.945,234.895,37.855
2022-01-26 00:00:00,-3.98,84.305,0.27,,0.0,4.3,90.955,234.21,37.935
2022-01-26 01:00:00,-3.88,83.88,0.26,,0.0,4.233,90.96,233.79,37.91
2022-01-26 02:00:00,-3.57,81.41,0.415,,0.0,4.2,90.965,233.91,37.81
2022-01-26 03:00:00,-1.885,75.23,0.545,,0.0,4.217,90.93,236.685,37.975
2022-01-26 04:00:00,-1.18,71.76,0.545,,0.0,4.117,90.875,238.205,37.91
2022-01-26 05:00:00,-3.055,77.28,0.475,,0.0,4.033,90.88,234.615,37.8
2022-01-26 06:00:00,-4.37,82.56,0.39,,0.0,4.05,90.86,231.985,37.855
2022-01-26 07:00:00,-4.46,82.125,0.385,,0.0,4.1,90.835,230.67,37.715
2022-01-26 08:00:00,-3.85,80.01,0.35,,0.0,4.1,90.855,231.415,37.79
2022-01-26 09:00:00,-4.205,81.17,0.3,,0.0,4.333,90.905,230.145,37.665
2022-01-26 10:00:00,-4.23,81.04,0.25,,0.0,4.883,90.89,230.49,37.77
2022-01-26 11:00:00,1.95,64.085,0.585,,0.0,4.75,90.88,243.635,37.395
2022-01-26 12:00:00,2.15,62.54,0.63,,0.0,4.45,90.855,246.815,37.545
2022-01-26 13:00:00,-1.085,72.775,0.55,,0.0,4.383,90.84,236.805,37.835
2022-01-26 14:00:00,-2.16,77.285,0.55,,0.0,4.5,90.8,234.43,37.865
2022-01-26 15:00:00,-2.185,77.355,0.33,,0.0,4.45,90.82,234.795,37.685
2022-01-26 16:00:00,-1.74,75.245,0.455,,0.0,4.317,90.835,235.135,37.72
2022-01-26 17:00:00,-2.435,76.51,0.285,,0.0,4.2,90.84,233.345,37.73
2022-01-26 18:00:00,-2.81,76.55,0.22,,0.0,4.167,90.87,231.75,37.85
2022-01-26 19:00:00,-3.21,76.47,0.295,,0.0,4.05,90.875,231.12,37.82
2022-01-26 20:00:00,-3.13,76.15,0.245,,0.0,3.85,90.875,230.47,37.79
2022-01-26 21:00:00,-2.285,72.685,0.39,,0.0,3.8,90.865,230.805,37.745
2022-01-26 22:00:00,-2.37,72.13,0.43,,0.0,3.783,90.87,230.11,37.77
2022-01-26 23:00:00,-2.205,70.03,0.38,,0.0,3.75,90.845,230.295,37.68
2022-01-27 00:00:00,-2.15,68.05,0.37,,0.0,3.683,90.825,230.255,37.73
