,time,man,auto,auto_field
0,2021-12-03 08:00:00,11.0,0.11284939859272854,1.2215988372093023
1,2021-12-03 09:00:00,11.0,0.0,4.708638888888889
2,2021-12-03 10:00:00,11.0,0.0,5.5529166666666665
3,2021-12-03 11:00:00,11.0,0.0,10.67369444444444
4,2021-12-03 12:00:00,11.0,0.0,10.30715917602996
5,2021-12-03 13:00:00,11.0,0.1308727745044441,0.5653197674418605
6,2021-12-03 14:00:00,11.0,0.14951198485862532,0.0
7,2021-12-03 15:00:00,11.0,0.0679658099339106,0.0
8,2021-12-03 16:00:00,11.0,0.06282764533300807,0.0
9,2021-12-03 17:00:00,11.0,0.020221938395829496,0.0
10,2021-12-03 18:00:00,11.0,0.0,0.0
11,2021-12-03 19:00:00,11.0,0.0,0.0
12,2021-12-03 20:00:00,11.0,0.0,0.0
13,2021-12-03 21:00:00,11.0,0.0,0.0
14,2021-12-03 22:00:00,11.0,0.0,0.0
15,2021-12-03 23:00:00,11.0,0.0,0.0
16,2021-12-04 00:00:00,11.0,0.0,0.0
17,2021-12-04 01:00:00,11.0,0.0,0.0
18,2021-12-04 02:00:00,11.0,0.0,0.0
19,2021-12-04 03:00:00,11.0,0.0,0.0
20,2021-12-04 04:00:00,11.0,0.0,0.0
21,2021-12-04 05:00:00,11.0,0.0,0.0
22,2021-12-04 06:00:00,11.0,0.0,0.0
23,2021-12-04 07:00:00,11.0,0.0,0.0
24,2021-12-04 08:00:00,11.0,0.0,0.0
25,2021-12-04 09:00:00,11.0,0.0,0.0
26,2021-12-04 10:00:00,11.0,0.0,0.0
27,2021-12-04 11:00:00,11.0,0.0,0.0
28,2021-12-04 12:00:00,11.0,0.0,0.0
29,2021-12-04 13:00:00,11.0,0.0,0.0
30,2021-12-04 14:00:00,11.0,0.0,0.0
31,2021-12-04 15:00:00,11.0,0.0,0.0
32,2021-12-04 16:00:00,11.0,0.0,0.0
33,2021-12-04 17:00:00,11.0,0.0,0.0
34,2021-12-04 18:00:00,11.0,0.0,0.0
35,2021-12-04 19:00:00,11.0,0.0,0.0
36,2021-12-04 20:00:00,11.0,0.0,0.0
37,2021-12-04 21:00:00,11.0,0.0,0.0
38,2021-12-04 22:00:00,11.0,0.0,0.0
39,2021-12-04 23:00:00,11.0,0.0,0.0
40,2021-12-05 00:00:00,11.0,0.0,0.0
41,2021-12-05 01:00:00,11.0,0.0,0.0
42,2021-12-05 02:00:00,11.0,0.0,0.0
43,2021-12-05 03:00:00,11.0,0.0,0.0
44,2021-12-05 04:00:00,11.0,0.0,0.0
45,2021-12-05 05:00:00,11.0,0.0,0.0
46,2021-12-05 06:00:00,11.0,0.0,0.0
47,2021-12-05 07:00:00,11.0,0.0,0.0
48,2021-12-05 08:00:00,11.0,0.005624215517459659,0.0
49,2021-12-05 09:00:00,11.0,0.0,0.0
50,2021-12-05 10:00:00,11.0,0.0,0.0
51,2021-12-05 11:00:00,11.0,0.0,0.0
52,2021-12-05 12:00:00,11.0,0.0,0.0
53,2021-12-05 13:00:00,11.0,0.0,0.0
54,2021-12-05 14:00:00,11.0,0.0,0.0
55,2021-12-05 15:00:00,11.0,0.0,0.0
56,2021-12-05 16:00:00,11.0,0.0,0.0
57,2021-12-05 17:00:00,11.0,0.0,0.0
58,2021-12-05 18:00:00,11.0,0.0,0.0
59,2021-12-05 19:00:00,11.0,0.0,0.0
60,2021-12-05 20:00:00,11.0,0.0,0.0
61,2021-12-05 21:00:00,11.0,0.0,0.0
62,2021-12-05 22:00:00,11.0,0.1791619553163346,0.0
63,2021-12-05 23:00:00,11.0,0.41204970077901565,0.0
64,2021-12-06 00:00:00,11.0,0.34448737499438886,0.0
65,2021-12-06 01:00:00,11.0,0.1045183785021202,0.0
66,2021-12-06 02:00:00,11.0,0.0,0.0
67,2021-12-06 03:00:00,11.0,0.0,0.0
68,2021-12-06 04:00:00,11.0,0.0,0.0
69,2021-12-06 05:00:00,11.0,0.0,0.0
70,2021-12-06 06:00:00,11.0,0.007897405892515502,0.0
71,2021-12-06 07:00:00,11.0,0.0,0.0
72,2021-12-06 08:00:00,11.0,0.03633319144545119,0.0
73,2021-12-06 09:00:00,11.0,0.0,0.0
74,2021-12-06 10:00:00,11.0,0.0,0.0
75,2021-12-06 11:00:00,11.0,0.0,0.0
76,2021-12-06 12:00:00,11.0,0.0,0.0
77,2021-12-06 13:00:00,11.0,0.0,0.0
78,2021-12-06 14:00:00,11.0,0.0,0.0
79,2021-12-06 15:00:00,11.0,0.0,0.0
80,2021-12-06 16:00:00,11.0,0.0,0.0
81,2021-12-06 17:00:00,11.0,0.0005895753614071663,0.0
82,2021-12-06 18:00:00,11.0,0.037571636599513895,0.0
83,2021-12-06 19:00:00,11.0,0.1795640424390951,0.0
84,2021-12-06 20:00:00,11.0,0.1566562927262017,0.0
85,2021-12-06 21:00:00,11.0,0.17171326382120927,0.0
86,2021-12-06 22:00:00,11.0,0.1213903535355373,0.0
87,2021-12-06 23:00:00,11.0,0.05535770816119577,0.0
88,2021-12-07 00:00:00,11.0,0.012502641180280768,0.0
89,2021-12-07 01:00:00,11.0,0.0,0.0
90,2021-12-07 02:00:00,11.0,0.0,0.0
91,2021-12-07 03:00:00,11.0,0.0,0.0
92,2021-12-07 04:00:00,11.0,0.0,0.0
93,2021-12-07 05:00:00,11.0,0.0,0.0
94,2021-12-07 06:00:00,11.0,0.0,0.0
95,2021-12-07 07:00:00,11.0,0.0,0.0
96,2021-12-07 08:00:00,11.0,0.0,0.0
97,2021-12-07 09:00:00,11.0,0.0,0.0
98,2021-12-07 10:00:00,11.0,0.0,0.0
99,2021-12-07 11:00:00,11.0,0.0,0.0
100,2021-12-07 12:00:00,11.0,0.0,0.0
101,2021-12-07 13:00:00,11.0,0.0,0.0
102,2021-12-07 14:00:00,11.0,0.0,0.0
103,2021-12-07 15:00:00,11.0,0.0,0.0
104,2021-12-07 16:00:00,11.0,0.0,0.0
105,2021-12-07 17:00:00,11.0,0.020344942856925147,0.0
106,2021-12-07 18:00:00,11.0,0.0,0.0
107,2021-12-07 19:00:00,11.0,0.0,0.0
108,2021-12-07 20:00:00,11.0,0.0,0.0
109,2021-12-07 21:00:00,11.0,0.0,0.0
110,2021-12-07 22:00:00,11.0,0.0,0.0
111,2021-12-07 23:00:00,11.0,0.20084378580954634,0.0
112,2021-12-08 00:00:00,11.0,0.27022567684368787,0.0
113,2021-12-08 01:00:00,11.0,0.4839814248585523,0.0
114,2021-12-08 02:00:00,11.0,0.38277379313948906,0.0
115,2021-12-08 03:00:00,11.0,0.3028306967016038,0.0
116,2021-12-08 04:00:00,11.0,0.2934579212673069,0.0
117,2021-12-08 05:00:00,11.0,0.06827634099649976,0.0
118,2021-12-08 06:00:00,11.0,0.0,0.0
119,2021-12-08 07:00:00,11.0,0.0,0.0
120,2021-12-08 08:00:00,11.0,0.0,0.0
121,2021-12-08 09:00:00,11.0,0.0,0.0
122,2021-12-08 10:00:00,11.0,0.0,0.0
123,2021-12-08 11:00:00,11.0,0.0,0.0
124,2021-12-08 12:00:00,11.0,0.0,0.0
125,2021-12-08 13:00:00,11.0,0.0,0.0
126,2021-12-08 14:00:00,11.0,0.0,0.0
127,2021-12-08 15:00:00,11.0,0.0,0.0
128,2021-12-08 16:00:00,11.0,0.0,0.0
129,2021-12-08 17:00:00,11.0,0.0,0.0
130,2021-12-08 18:00:00,11.0,0.0,0.0
131,2021-12-08 19:00:00,11.0,0.0,0.0
132,2021-12-08 20:00:00,11.0,0.0,0.0
133,2021-12-08 21:00:00,11.0,0.0,0.0
134,2021-12-08 22:00:00,11.0,0.0,0.0
135,2021-12-08 23:00:00,11.0,0.0,0.0
136,2021-12-09 00:00:00,11.0,0.0,0.0
137,2021-12-09 01:00:00,11.0,0.0,0.0
138,2021-12-09 02:00:00,11.0,0.0,0.0
139,2021-12-09 03:00:00,11.0,0.0,0.0
140,2021-12-09 04:00:00,11.0,0.0,0.0
141,2021-12-09 05:00:00,11.0,0.0,0.0
142,2021-12-09 06:00:00,11.0,0.0,0.0
143,2021-12-09 07:00:00,11.0,0.0,0.0
144,2021-12-09 08:00:00,11.0,0.0,0.0
145,2021-12-09 09:00:00,11.0,0.0,0.0
146,2021-12-09 10:00:00,11.0,0.0,0.0
147,2021-12-09 11:00:00,11.0,0.0,0.0
148,2021-12-09 12:00:00,11.0,0.0,0.0
149,2021-12-09 13:00:00,11.0,0.0,0.0
150,2021-12-09 14:00:00,11.0,0.0,0.0
151,2021-12-09 15:00:00,11.0,0.0,0.0
152,2021-12-09 16:00:00,11.0,0.0,0.0
153,2021-12-09 17:00:00,11.0,0.019297554161082215,0.0
154,2021-12-09 18:00:00,11.0,0.08381659974651952,0.0
155,2021-12-09 19:00:00,11.0,0.017531309535717795,0.0
156,2021-12-09 20:00:00,11.0,0.011696491623420294,0.0
157,2021-12-09 21:00:00,11.0,0.30501822601509687,0.0
158,2021-12-09 22:00:00,11.0,0.4028326949352087,0.0
159,2021-12-09 23:00:00,11.0,0.3059094712721473,0.0
160,2021-12-10 00:00:00,11.0,0.32617660978168916,0.0
161,2021-12-10 01:00:00,11.0,0.5293955368988347,0.0
162,2021-12-10 02:00:00,11.0,0.4353579864321011,0.0
163,2021-12-10 03:00:00,11.0,0.2767693064237513,0.0
164,2021-12-10 04:00:00,11.0,0.284785154013881,0.0
165,2021-12-10 05:00:00,11.0,0.11627057457766904,0.0
166,2021-12-10 06:00:00,11.0,0.22185012597004436,0.0
167,2021-12-10 07:00:00,11.0,0.3240008995963861,0.0
168,2021-12-10 08:00:00,11.0,0.6135680897650604,0.0
169,2021-12-10 09:00:00,11.0,0.621978049213583,0.0
170,2021-12-10 10:00:00,11.0,0.4221228967646575,0.0
171,2021-12-10 11:00:00,11.0,0.2713215089169306,0.0
172,2021-12-10 12:00:00,11.0,0.0,0.0
173,2021-12-10 13:00:00,11.0,0.0,0.0
174,2021-12-10 14:00:00,11.0,0.0,0.0
175,2021-12-10 15:00:00,11.0,0.0,0.0
176,2021-12-10 16:00:00,11.0,0.0,0.0
177,2021-12-10 17:00:00,11.0,0.0,0.0
178,2021-12-10 18:00:00,11.0,0.0,0.0
179,2021-12-10 19:00:00,11.0,0.0,0.0
180,2021-12-10 20:00:00,11.0,0.0,0.0
181,2021-12-10 21:00:00,11.0,0.0,0.0
182,2021-12-10 22:00:00,11.0,0.0,0.0
183,2021-12-10 23:00:00,11.0,0.0,0.0
184,2021-12-11 00:00:00,11.0,0.0,0.0
185,2021-12-11 01:00:00,11.0,0.0,0.0
186,2021-12-11 02:00:00,11.0,0.0,0.0
187,2021-12-11 03:00:00,11.0,0.0,0.0
188,2021-12-11 04:00:00,11.0,0.0,0.0
189,2021-12-11 05:00:00,11.0,0.0,0.0
190,2021-12-11 06:00:00,11.0,0.0,0.0
191,2021-12-11 07:00:00,11.0,0.0,0.0
192,2021-12-11 08:00:00,11.0,0.0,0.0
193,2021-12-11 09:00:00,11.0,0.0,0.0
194,2021-12-11 10:00:00,11.0,0.0,0.0
195,2021-12-11 11:00:00,11.0,0.0,0.0
196,2021-12-11 12:00:00,11.0,0.0,0.0
197,2021-12-11 13:00:00,11.0,0.0,0.0
198,2021-12-11 14:00:00,11.0,0.0,0.0
199,2021-12-11 15:00:00,11.0,0.0,0.0
200,2021-12-11 16:00:00,11.0,0.0,0.0
201,2021-12-11 17:00:00,11.0,0.0,0.0
202,2021-12-11 18:00:00,11.0,0.0,0.0
203,2021-12-11 19:00:00,11.0,0.0,0.0
204,2021-12-11 20:00:00,11.0,0.0,0.0
205,2021-12-11 21:00:00,11.0,0.0,0.0
206,2021-12-11 22:00:00,11.0,0.0,0.0
207,2021-12-11 23:00:00,11.0,0.0,0.0
208,2021-12-12 00:00:00,11.0,0.0,0.0
209,2021-12-12 01:00:00,11.0,0.0,0.0
210,2021-12-12 02:00:00,11.0,0.10989222272032748,0.0
211,2021-12-12 03:00:00,11.0,0.29138567393667086,0.0
212,2021-12-12 04:00:00,11.0,0.38305011954978874,0.0
213,2021-12-12 05:00:00,11.0,0.4238837503047238,0.0
214,2021-12-12 06:00:00,11.0,0.4196313278116027,0.0
215,2021-12-12 07:00:00,11.0,0.3916569076583668,0.0
216,2021-12-12 08:00:00,11.0,0.4503967769206796,0.0
217,2021-12-12 09:00:00,11.0,0.2211450937138792,0.0
218,2021-12-12 10:00:00,11.0,0.0,0.0
219,2021-12-12 11:00:00,11.0,0.0,0.0
220,2021-12-12 12:00:00,11.0,0.0,0.0
221,2021-12-12 13:00:00,11.0,0.0,0.0
222,2021-12-12 14:00:00,11.0,0.0,0.0
223,2021-12-12 15:00:00,11.0,0.0,0.0
224,2021-12-12 16:00:00,11.0,0.0,0.0
225,2021-12-12 17:00:00,11.0,0.0,0.0
226,2021-12-12 18:00:00,11.0,0.0,0.0
227,2021-12-12 19:00:00,11.0,0.0,0.0
228,2021-12-12 20:00:00,11.0,0.0,0.0
229,2021-12-12 21:00:00,11.0,0.0,0.0
230,2021-12-12 22:00:00,11.0,0.0,0.0
231,2021-12-12 23:00:00,11.0,0.0,0.0
232,2021-12-13 00:00:00,11.0,0.0,0.0
233,2021-12-13 01:00:00,11.0,0.0,0.0
234,2021-12-13 02:00:00,11.0,0.0,0.0
235,2021-12-13 03:00:00,11.0,0.0,0.0
236,2021-12-13 04:00:00,11.0,0.0,0.0
237,2021-12-13 05:00:00,11.0,0.0,0.0
238,2021-12-13 06:00:00,11.0,0.0,0.0
239,2021-12-13 07:00:00,11.0,0.0,0.0
240,2021-12-13 08:00:00,11.0,0.0,0.0
241,2021-12-13 09:00:00,11.0,0.0,0.0
242,2021-12-13 10:00:00,11.0,0.0,0.0
243,2021-12-13 11:00:00,11.0,0.0,0.0
244,2021-12-13 12:00:00,11.0,0.0,0.0
245,2021-12-13 13:00:00,11.0,0.0,0.0
246,2021-12-13 14:00:00,11.0,0.0,0.0
247,2021-12-13 15:00:00,11.0,0.0,0.0
248,2021-12-13 16:00:00,11.0,0.0,0.0
249,2021-12-13 17:00:00,11.0,0.0,0.0
250,2021-12-13 18:00:00,11.0,0.0,0.0
251,2021-12-13 19:00:00,11.0,0.0,0.0
252,2021-12-13 20:00:00,11.0,0.0,0.0
253,2021-12-13 21:00:00,11.0,0.0,0.0
254,2021-12-13 22:00:00,11.0,0.0,0.0
255,2021-12-13 23:00:00,11.0,0.0,0.0
256,2021-12-14 00:00:00,11.0,0.0,0.0
257,2021-12-14 01:00:00,11.0,0.0,0.0
258,2021-12-14 02:00:00,11.0,0.0,0.0
259,2021-12-14 03:00:00,11.0,0.0,0.0
260,2021-12-14 04:00:00,11.0,0.0,0.0
261,2021-12-14 05:00:00,11.0,0.0,0.0
262,2021-12-14 06:00:00,11.0,0.0,0.0
263,2021-12-14 07:00:00,11.0,0.0,0.0
264,2021-12-14 08:00:00,11.0,0.0,0.0
265,2021-12-14 09:00:00,11.0,0.0,0.0
266,2021-12-14 10:00:00,11.0,0.0,0.0
267,2021-12-14 11:00:00,11.0,0.0,0.0
268,2021-12-14 12:00:00,11.0,0.0,0.0
269,2021-12-14 13:00:00,11.0,0.0,0.0
270,2021-12-14 14:00:00,11.0,0.0,0.0
271,2021-12-14 15:00:00,11.0,0.0,0.0
272,2021-12-14 16:00:00,11.0,0.0,0.0
273,2021-12-14 17:00:00,11.0,0.0,0.0
274,2021-12-14 18:00:00,11.0,0.0,0.0
275,2021-12-14 19:00:00,11.0,0.0,0.0
276,2021-12-14 20:00:00,11.0,0.0,0.0
277,2021-12-14 21:00:00,11.0,0.0,0.0
278,2021-12-14 22:00:00,11.0,0.0,0.0
279,2021-12-14 23:00:00,11.0,0.0,0.0
280,2021-12-15 00:00:00,11.0,0.0,0.0
281,2021-12-15 01:00:00,11.0,0.0,0.0
282,2021-12-15 02:00:00,11.0,0.0,0.0
283,2021-12-15 03:00:00,11.0,0.0,0.0
284,2021-12-15 04:00:00,11.0,0.0,0.0
285,2021-12-15 05:00:00,11.0,0.0,0.0
286,2021-12-15 06:00:00,11.0,0.0,0.0
287,2021-12-15 07:00:00,11.0,0.0,0.0
288,2021-12-15 08:00:00,11.0,0.0,0.0
289,2021-12-15 09:00:00,11.0,0.0,0.0
290,2021-12-15 10:00:00,11.0,0.0,0.0
291,2021-12-15 11:00:00,11.0,0.0,0.0
292,2021-12-15 12:00:00,11.0,0.0,0.0
293,2021-12-15 13:00:00,11.0,0.0,0.0
294,2021-12-15 14:00:00,11.0,0.0,0.0
295,2021-12-15 15:00:00,11.0,0.0,0.0
296,2021-12-15 16:00:00,11.0,0.0,0.0
297,2021-12-15 17:00:00,11.0,0.0,0.0
298,2021-12-15 18:00:00,11.0,0.0,0.0
299,2021-12-15 19:00:00,11.0,0.0,0.0
300,2021-12-15 20:00:00,11.0,0.0,0.0
301,2021-12-15 21:00:00,11.0,0.0,0.0
302,2021-12-15 22:00:00,11.0,0.0,0.0
303,2021-12-15 23:00:00,11.0,0.0,0.0
304,2021-12-16 00:00:00,11.0,0.0,0.0
305,2021-12-16 01:00:00,11.0,0.0,0.0
306,2021-12-16 02:00:00,11.0,0.0,0.0
307,2021-12-16 03:00:00,11.0,0.0,0.0
308,2021-12-16 04:00:00,11.0,0.0,0.0
309,2021-12-16 05:00:00,11.0,0.0,0.0
310,2021-12-16 06:00:00,11.0,0.0,0.0
311,2021-12-16 07:00:00,11.0,0.0,0.0
312,2021-12-16 08:00:00,11.0,0.05663047454924877,0.0
313,2021-12-16 09:00:00,11.0,0.0,0.0
314,2021-12-16 10:00:00,11.0,0.0,0.0
315,2021-12-16 11:00:00,11.0,0.0,0.0
316,2021-12-16 12:00:00,11.0,0.0,0.0
317,2021-12-16 13:00:00,11.0,0.0,0.0
318,2021-12-16 14:00:00,11.0,0.0,0.0
319,2021-12-16 15:00:00,11.0,0.0,0.0
320,2021-12-16 16:00:00,11.0,0.0,0.0
321,2021-12-16 17:00:00,11.0,0.04052169861143368,0.0
322,2021-12-16 18:00:00,11.0,0.15571320427884705,0.0
323,2021-12-16 19:00:00,11.0,0.07457393366525539,0.0
324,2021-12-16 20:00:00,11.0,0.22516207337622682,0.0
325,2021-12-16 21:00:00,11.0,0.2731565593069993,0.0
326,2021-12-16 22:00:00,11.0,0.11671905683983526,0.0
327,2021-12-16 23:00:00,11.0,0.11896349895636169,0.0
328,2021-12-17 00:00:00,11.0,0.09341753892718813,0.0
329,2021-12-17 01:00:00,11.0,0.037024220441154054,0.0
330,2021-12-17 02:00:00,11.0,0.1019337657842493,0.0
331,2021-12-17 03:00:00,11.0,0.23955734406821616,0.0
332,2021-12-17 04:00:00,11.0,0.26276890144870674,0.0
333,2021-12-17 05:00:00,11.0,0.258065551328617,0.0
334,2021-12-17 06:00:00,11.0,0.13517344396662628,0.0
335,2021-12-17 07:00:00,11.0,0.25679595788270476,0.0
336,2021-12-17 08:00:00,11.0,0.3414678178689494,0.0
337,2021-12-17 09:00:00,11.0,0.17688157499775264,0.0
338,2021-12-17 10:00:00,11.0,0.0,0.0
339,2021-12-17 11:00:00,11.0,0.0,0.0
340,2021-12-17 12:00:00,11.0,0.0,0.0
341,2021-12-17 13:00:00,11.0,0.0,0.0
342,2021-12-17 14:00:00,11.0,0.0,0.0
343,2021-12-17 15:00:00,11.0,0.0,0.0
344,2021-12-17 16:00:00,11.0,0.12540930785224585,0.0
345,2021-12-17 17:00:00,11.0,0.11232235652471183,0.0
346,2021-12-17 18:00:00,11.0,0.21625049234593474,0.0
347,2021-12-17 19:00:00,11.0,0.209593837304519,0.0
348,2021-12-17 20:00:00,11.0,0.11149293718888946,0.0
349,2021-12-17 21:00:00,11.0,0.21826571497331423,0.0
350,2021-12-17 22:00:00,11.0,0.10356579070309242,0.0
351,2021-12-17 23:00:00,11.0,0.08752693989091512,0.0
352,2021-12-18 00:00:00,11.0,0.09892495900841689,0.0
353,2021-12-18 01:00:00,11.0,0.06718412085168998,0.0
354,2021-12-18 02:00:00,11.0,0.056879782538118255,0.0
355,2021-12-18 03:00:00,11.0,0.03685517575432577,0.0
356,2021-12-18 04:00:00,11.0,0.04896515013844911,0.0
357,2021-12-18 05:00:00,11.0,0.07731886314101584,0.0
358,2021-12-18 06:00:00,11.0,0.08949119041313792,0.0
359,2021-12-18 07:00:00,11.0,0.02753239523423917,0.0
360,2021-12-18 08:00:00,11.0,0.038976313410704844,0.0
361,2021-12-18 09:00:00,11.0,0.0,0.0
362,2021-12-18 10:00:00,11.0,0.0,0.0
363,2021-12-18 11:00:00,11.0,0.0,0.0
364,2021-12-18 12:00:00,11.0,0.0,0.0
365,2021-12-18 13:00:00,11.0,0.0,1.0465753968253968
366,2021-12-18 14:00:00,11.0,0.0,2.874789013732834
367,2021-12-18 15:00:00,11.0,0.0,3.9407777777777775
368,2021-12-18 16:00:00,11.0,0.0,5.288111111111112
369,2021-12-18 17:00:00,11.0,0.0,7.024444444444446
370,2021-12-18 18:00:00,11.0,0.08054095873581059,7.965861111111108
371,2021-12-18 19:00:00,11.0,0.26390910966554104,6.116888888888889
372,2021-12-18 20:00:00,11.0,0.1981510862270629,4.703111111111111
373,2021-12-18 21:00:00,11.0,0.0,5.6299166666666665
374,2021-12-18 22:00:00,11.0,0.0,6.156442571785268
375,2021-12-18 23:00:00,11.0,0.02771617739296908,7.503527777777779
376,2021-12-19 00:00:00,11.0,0.15959473330336726,6.76377777777778
377,2021-12-19 01:00:00,11.0,0.2398244801113788,6.460888888888888
378,2021-12-19 02:00:00,11.0,0.12481505691976005,6.499388888888889
379,2021-12-19 03:00:00,11.0,0.11148728888196062,6.530277777777777
380,2021-12-19 04:00:00,11.0,0.11786909501979421,6.4101944444444445
381,2021-12-19 05:00:00,11.0,0.07737850481542052,7.238361111111113
382,2021-12-19 06:00:00,11.0,0.13493857562656142,6.531611111111111
383,2021-12-19 07:00:00,11.0,0.15114365689283715,6.196902933832709
384,2021-12-19 08:00:00,11.0,0.039444285617004284,5.67811111111111
385,2021-12-19 09:00:00,11.0,0.0,2.753666666666668
386,2021-12-19 10:00:00,11.0,0.0,1.801861111111111
387,2021-12-19 11:00:00,11.0,0.0,4.54038888888889
388,2021-12-19 12:00:00,11.0,0.0,4.651055555555555
389,2021-12-19 13:00:00,11.0,0.0,3.849
390,2021-12-19 14:00:00,11.0,0.0,4.306415730337079
391,2021-12-19 15:00:00,11.0,0.0,4.5384166666666665
392,2021-12-19 16:00:00,11.0,0.0,4.46113888888889
393,2021-12-19 17:00:00,11.0,0.0,5.036805555555556
394,2021-12-19 18:00:00,11.0,0.0,4.924666666666668
395,2021-12-19 19:00:00,11.0,0.0,5.216305555555556
396,2021-12-19 20:00:00,11.0,0.0,5.075361111111111
397,2021-12-19 21:00:00,11.0,0.0,5.0456666666666665
398,2021-12-19 22:00:00,11.0,0.0,5.015527777777779
399,2021-12-19 23:00:00,11.0,0.0,4.972407303370787
400,2021-12-20 00:00:00,11.0,0.0,4.742972222222222
401,2021-12-20 01:00:00,11.0,0.0,5.424027777777779
402,2021-12-20 02:00:00,11.0,0.0,5.954
403,2021-12-20 03:00:00,11.0,0.0,6.411305555555556
404,2021-12-20 04:00:00,11.0,0.0,6.529499999999999
405,2021-12-20 05:00:00,11.0,0.02636589207154348,6.804388888888889
406,2021-12-20 06:00:00,11.0,0.027453097969442522,7.119861111111112
407,2021-12-20 07:00:00,11.0,0.060888549237827994,8.039530586766542
408,2021-12-20 08:00:00,11.0,0.07221654528372265,8.803194444444445
409,2021-12-20 09:00:00,11.0,0.1009973992442305,5.902722222222225
410,2021-12-20 10:00:00,11.0,0.025949938256652923,5.236666666666667
411,2021-12-20 11:00:00,11.0,0.0,8.224972222222222
412,2021-12-20 12:00:00,11.0,0.0,9.124333333333333
413,2021-12-20 13:00:00,11.0,0.0,9.771722222222222
414,2021-12-20 14:00:00,11.0,0.08616177243272459,10.208083333333333
415,2021-12-20 15:00:00,11.0,0.18199297142162232,10.738386079900124
416,2021-12-20 16:00:00,11.0,0.36805634269035237,11.225666666666667
417,2021-12-20 17:00:00,11.0,0.5275239556686102,11.258194444444442
418,2021-12-20 18:00:00,11.0,0.5861767400617993,11.252861111111107
419,2021-12-20 19:00:00,11.0,0.6354845144091549,11.232500000000003
420,2021-12-20 20:00:00,11.0,0.6044069260204659,10.853583333333331
421,2021-12-20 21:00:00,11.0,0.5332982853692718,11.110805555555554
422,2021-12-20 22:00:00,11.0,0.5262871724787862,11.120829588014985
423,2021-12-20 23:00:00,11.0,0.58010642817544,11.08697222222223
424,2021-12-21 00:00:00,11.0,0.5650522388754762,0.0
425,2021-12-21 01:00:00,11.0,0.669229524397274,0.0
426,2021-12-21 02:00:00,11.0,0.7509938580363701,0.0
427,2021-12-21 03:00:00,11.0,0.7973764767714348,0.0
428,2021-12-21 04:00:00,11.0,0.8243925009951131,0.0
429,2021-12-21 05:00:00,11.0,0.7947324794313404,0.0
430,2021-12-21 06:00:00,11.0,0.8878565829271248,0.0
431,2021-12-21 07:00:00,11.0,0.9261493974186901,0.0
432,2021-12-21 08:00:00,11.0,0.7617422476846581,0.0
433,2021-12-21 09:00:00,11.0,0.7004733631080653,0.0
434,2021-12-21 10:00:00,11.0,0.2981303316595933,0.0
435,2021-12-21 11:00:00,11.0,0.0,0.0
436,2021-12-21 12:00:00,11.0,0.11046748960073953,0.0
437,2021-12-21 13:00:00,11.0,0.23162104151152185,0.0
438,2021-12-21 14:00:00,11.0,0.33657159390257335,0.0
439,2021-12-21 15:00:00,11.0,0.4705262189494519,0.0
440,2021-12-21 16:00:00,11.0,0.695517055208229,0.0
441,2021-12-21 17:00:00,11.0,0.84855190066541,0.0
442,2021-12-21 18:00:00,11.0,0.8465700552177564,0.0
443,2021-12-21 19:00:00,11.0,0.7997308012944465,0.0
444,2021-12-21 20:00:00,11.0,0.7856011950183802,0.0
445,2021-12-21 21:00:00,11.0,0.824148527359867,0.0
446,2021-12-21 22:00:00,11.0,0.8529262579225978,0.0
447,2021-12-21 23:00:00,11.0,0.8298824385951228,0.0
448,2021-12-22 00:00:00,11.0,0.8338730661038369,0.0
449,2021-12-22 01:00:00,11.0,0.8348819281012273,0.0
450,2021-12-22 02:00:00,11.0,0.8519832522861898,0.0
451,2021-12-22 03:00:00,11.0,0.8327372244747552,0.0
452,2021-12-22 04:00:00,11.0,0.742388865380742,0.0
453,2021-12-22 05:00:00,11.0,0.8006067131594722,0.0
454,2021-12-22 06:00:00,11.0,0.7416209358181496,0.0
455,2021-12-22 07:00:00,11.0,0.699886321261144,0.0
456,2021-12-22 08:00:00,11.0,0.6743983475322164,0.0
457,2021-12-22 09:00:00,11.0,0.5621950885423637,0.0
458,2021-12-22 10:00:00,11.0,0.3265505905852451,0.0
459,2021-12-22 11:00:00,11.0,0.0,0.0
460,2021-12-22 12:00:00,11.0,0.08825964475300353,0.0
461,2021-12-22 13:00:00,11.0,0.1013629102715595,0.0
462,2021-12-22 14:00:00,11.0,0.16405467631910717,0.0
463,2021-12-22 15:00:00,11.0,0.2548570922863818,0.0
464,2021-12-22 16:00:00,11.0,0.3059642194084451,0.0
465,2021-12-22 17:00:00,11.0,0.3496781179570214,0.0
466,2021-12-22 18:00:00,11.0,0.3372413547982888,0.0
467,2021-12-22 19:00:00,11.0,0.2964393655684662,0.0
468,2021-12-22 20:00:00,11.0,0.2348832542464993,0.0
469,2021-12-22 21:00:00,11.0,0.38330432851957086,0.0
470,2021-12-22 22:00:00,11.0,0.476256459660268,0.0
471,2021-12-22 23:00:00,11.0,0.4463064690882817,0.0
472,2021-12-23 00:00:00,11.0,0.3858799259984594,0.0
473,2021-12-23 01:00:00,11.0,0.3265498696081981,0.0
474,2021-12-23 02:00:00,11.0,0.3071362421905731,0.0
475,2021-12-23 03:00:00,11.0,0.24418199818685876,0.0
476,2021-12-23 04:00:00,11.0,0.17697222797129525,0.0
477,2021-12-23 05:00:00,11.0,0.1323495112412456,0.0
478,2021-12-23 06:00:00,11.0,0.26443966625673526,0.0
479,2021-12-23 07:00:00,11.0,0.3070136436448771,0.0
480,2021-12-23 08:00:00,11.0,0.239426280262918,0.0
481,2021-12-23 09:00:00,11.0,0.11035967564006115,0.0
482,2021-12-23 10:00:00,11.0,0.0,0.0
483,2021-12-23 11:00:00,11.0,0.0,0.0
484,2021-12-23 12:00:00,11.0,0.0,0.0
485,2021-12-23 13:00:00,11.0,0.0,0.0
486,2021-12-23 14:00:00,11.0,0.0,0.0
487,2021-12-23 15:00:00,11.0,0.0,0.0
488,2021-12-23 16:00:00,11.0,0.0,0.0
489,2021-12-23 17:00:00,11.0,0.0,0.0
490,2021-12-23 18:00:00,11.0,0.0,0.0
491,2021-12-23 19:00:00,11.0,0.0,0.0
492,2021-12-23 20:00:00,11.0,0.0,0.0
493,2021-12-23 21:00:00,11.0,0.0,0.0
494,2021-12-23 22:00:00,11.0,0.0,0.0
495,2021-12-23 23:00:00,11.0,0.0,0.0
496,2021-12-24 00:00:00,11.0,0.0,1.8000000000000005
497,2021-12-24 01:00:00,11.0,0.0,1.8004722222222227
498,2021-12-24 02:00:00,11.0,0.0,1.836361111111112
499,2021-12-24 03:00:00,11.0,0.0,2.355083333333334
500,2021-12-24 04:00:00,11.0,0.0,2.024777777777778
501,2021-12-24 05:00:00,11.0,0.0,1.918805555555556
502,2021-12-24 06:00:00,11.0,0.0,1.8011435705368295
503,2021-12-24 07:00:00,11.0,0.0,1.9096944444444448
504,2021-12-24 08:00:00,11.0,0.0,1.9055000000000004
505,2021-12-24 09:00:00,11.0,0.0,1.8019444444444448
506,2021-12-24 10:00:00,11.0,0.0,1.802777777777778
507,2021-12-24 11:00:00,11.0,0.0,1.8018055555555557
508,2021-12-24 12:00:00,11.0,0.0,1.8017777777777777
509,2021-12-24 13:00:00,11.0,0.0,1.800634207240949
510,2021-12-24 14:00:00,11.0,0.0,1.8013055555555555
511,2021-12-24 15:00:00,11.0,0.0,1.802888888888889
512,2021-12-24 16:00:00,11.0,0.0,1.8016111111111115
513,2021-12-24 17:00:00,11.0,0.0,1.801027777777778
514,2021-12-24 18:00:00,11.0,0.0,1.8013611111111116
515,2021-12-24 19:00:00,11.0,0.0,1.801722222222223
516,2021-12-24 20:00:00,11.0,0.0,1.799
517,2021-12-24 21:00:00,11.0,0.0,1.8029806491885143
518,2021-12-24 22:00:00,11.0,0.0,1.802638888888889
519,2021-12-24 23:00:00,11.0,0.0,1.803222222222223
520,2021-12-25 00:00:00,11.0,0.0,1.8012777777777778
521,2021-12-25 01:00:00,11.0,0.0,1.8040833333333337
522,2021-12-25 02:00:00,11.0,0.0,1.802055555555556
523,2021-12-25 03:00:00,11.0,0.0,1.8021944444444449
524,2021-12-25 04:00:00,11.0,0.0,1.7992222222222227
525,2021-12-25 05:00:00,11.0,0.0,1.8010424469413238
526,2021-12-25 06:00:00,11.0,0.0,1.8015277777777785
527,2021-12-25 07:00:00,11.0,0.0,1.803222222222222
528,2021-12-25 08:00:00,11.0,0.0,1.8027777777777785
529,2021-12-25 09:00:00,11.0,0.0,1.8015277777777785
530,2021-12-25 10:00:00,11.0,0.0,1.8014722222222228
531,2021-12-25 11:00:00,11.0,0.0,1.8030000000000008
532,2021-12-25 12:00:00,11.0,0.0,1.8005483770287145
533,2021-12-25 13:00:00,11.0,0.0,1.802138888888889
534,2021-12-25 14:00:00,11.0,0.0,1.801472222222222
535,2021-12-25 15:00:00,11.0,0.0,1.8017500000000009
536,2021-12-25 16:00:00,11.0,0.0,1.801888888888889
537,2021-12-25 17:00:00,11.0,0.0,1.804416666666667
538,2021-12-25 18:00:00,11.0,0.0,1.802833333333333
539,2021-12-25 19:00:00,11.0,0.0,1.803027777777778
540,2021-12-25 20:00:00,11.0,0.0,1.8004722222222234
541,2021-12-25 21:00:00,11.0,0.0,1.8016719725343324
542,2021-12-25 22:00:00,11.0,0.0,1.802722222222222
543,2021-12-25 23:00:00,11.0,0.0,1.800361111111111
544,2021-12-26 00:00:00,11.0,0.0,1.8006388888888891
545,2021-12-26 01:00:00,11.0,0.0,1.800583333333334
546,2021-12-26 02:00:00,11.0,0.0,1.803027777777778
547,2021-12-26 03:00:00,11.0,0.0,1.8022222222222224
548,2021-12-26 04:00:00,11.0,0.0,1.800752184769039
549,2021-12-26 05:00:00,11.0,0.0,1.7996388888888892
550,2021-12-26 06:00:00,11.0,0.0,1.80325
551,2021-12-26 07:00:00,11.0,0.0,1.8030833333333336
552,2021-12-26 08:00:00,11.0,0.0,1.8018333333333336
553,2021-12-26 09:00:00,11.0,0.0,1.802055555555556
554,2021-12-26 10:00:00,11.0,0.0,1.80175
555,2021-12-26 11:00:00,11.0,0.0,1.8014722222222228
556,2021-12-26 12:00:00,11.0,0.0,1.8012034956304623
557,2021-12-26 13:00:00,11.0,0.0,1.8020833333333333
558,2021-12-26 14:00:00,11.0,0.0,1.800833333333334
559,2021-12-26 15:00:00,11.0,0.0,1.801333333333334
560,2021-12-26 16:00:00,11.0,0.0,1.8019166666666664
561,2021-12-26 17:00:00,11.0,0.0,1.8035833333333335
562,2021-12-26 18:00:00,11.0,0.0,1.8012222222222227
563,2021-12-26 19:00:00,11.0,0.0,1.8018611111111107
564,2021-12-26 20:00:00,11.0,0.0,1.8011704119850191
565,2021-12-26 21:00:00,11.0,0.0,1.913444444444445
566,2021-12-26 22:00:00,11.0,0.0,2.025083333333334
567,2021-12-26 23:00:00,11.0,0.0,2.0342777777777785
568,2021-12-27 00:00:00,11.0,0.0,1.8004444444444443
569,2021-12-27 01:00:00,11.0,0.0,1.8026388888888885
570,2021-12-27 02:00:00,11.0,0.0,1.8022222222222224
571,2021-12-27 03:00:00,11.0,0.0,1.917777777777778
572,2021-12-27 04:00:00,11.0,0.0,1.919271223470662
573,2021-12-27 05:00:00,11.0,0.0,1.914527777777778
574,2021-12-27 06:00:00,11.0,0.0,1.9118333333333333
575,2021-12-27 07:00:00,11.0,0.0,1.800944444444445
576,2021-12-27 08:00:00,11.0,0.0,1.7991666666666677
577,2021-12-27 09:00:00,11.0,0.0,1.7990000000000004
578,2021-12-27 10:00:00,11.0,0.0,1.7982777777777776
579,2021-12-27 11:00:00,11.0,0.0,1.8000555555555555
580,2021-12-27 12:00:00,11.0,0.0,1.8006713483146068
581,2021-12-27 13:00:00,11.0,0.0,1.8011388888888888
582,2021-12-27 14:00:00,11.0,0.0,1.800388888888889
583,2021-12-27 15:00:00,11.0,0.0,1.802722222222222
584,2021-12-27 16:00:00,11.0,0.0,1.800944444444445
585,2021-12-27 17:00:00,11.0,0.0,1.802666666666667
586,2021-12-27 18:00:00,11.0,0.0,1.803388888888889
587,2021-12-27 19:00:00,11.0,0.0,1.8009497503121104
588,2021-12-27 20:00:00,11.0,0.0,1.801361111111112
589,2021-12-27 21:00:00,11.0,0.0,1.8011944444444443
590,2021-12-27 22:00:00,11.0,0.0,1.802722222222222
591,2021-12-27 23:00:00,11.0,0.0,1.8034722222222224
592,2021-12-28 00:00:00,11.0,0.0,0.0
593,2021-12-28 01:00:00,11.0,0.0,0.0
594,2021-12-28 02:00:00,11.0,0.0,0.0
595,2021-12-28 03:00:00,11.0,0.0,0.0
596,2021-12-28 04:00:00,11.0,0.0,0.0
597,2021-12-28 05:00:00,11.0,0.0,0.0
598,2021-12-28 06:00:00,11.0,0.0,0.0
599,2021-12-28 07:00:00,11.0,0.0,0.0
600,2021-12-28 08:00:00,11.0,0.0,0.0
601,2021-12-28 09:00:00,11.0,0.0,0.0
602,2021-12-28 10:00:00,11.0,0.0,0.0
603,2021-12-28 11:00:00,11.0,0.0,0.0
604,2021-12-28 12:00:00,11.0,0.0,0.0
605,2021-12-28 13:00:00,11.0,0.0,0.0
606,2021-12-28 14:00:00,11.0,0.0,0.0
607,2021-12-28 15:00:00,11.0,0.0,0.0
608,2021-12-28 16:00:00,11.0,0.0,0.0
609,2021-12-28 17:00:00,11.0,0.0,0.0
610,2021-12-28 18:00:00,11.0,0.0,0.0
611,2021-12-28 19:00:00,11.0,0.0,0.0
612,2021-12-28 20:00:00,11.0,0.0,0.0
613,2021-12-28 21:00:00,11.0,0.0,0.0
614,2021-12-28 22:00:00,11.0,0.0,0.0
615,2021-12-28 23:00:00,11.0,0.0,0.0
616,2021-12-29 00:00:00,11.0,0.0,0.0
617,2021-12-29 01:00:00,11.0,0.0,0.0
618,2021-12-29 02:00:00,11.0,0.0,0.0
619,2021-12-29 03:00:00,11.0,0.0,0.0
620,2021-12-29 04:00:00,11.0,0.0,0.0
621,2021-12-29 05:00:00,11.0,0.0,0.0
622,2021-12-29 06:00:00,11.0,0.0,0.0
623,2021-12-29 07:00:00,11.0,0.0,0.0
624,2021-12-29 08:00:00,11.0,0.0,0.0
625,2021-12-29 09:00:00,11.0,0.0,0.0
626,2021-12-29 10:00:00,11.0,0.0,0.0
627,2021-12-29 11:00:00,11.0,2.12735304094681,0.0
628,2021-12-29 12:00:00,11.0,0.7058674793928993,0.0
629,2021-12-29 13:00:00,11.0,0.0,0.0
630,2021-12-29 14:00:00,11.0,0.0,0.0
631,2021-12-29 15:00:00,11.0,0.0,0.0
632,2021-12-29 16:00:00,11.0,0.0,0.0
633,2021-12-29 17:00:00,11.0,0.0,0.0
634,2021-12-29 18:00:00,11.0,0.0,0.0
635,2021-12-29 19:00:00,11.0,0.0,0.0
636,2021-12-29 20:00:00,11.0,0.0,0.0
637,2021-12-29 21:00:00,11.0,0.0,0.0
638,2021-12-29 22:00:00,11.0,0.0,0.0
639,2021-12-29 23:00:00,11.0,0.0,0.0
640,2021-12-30 00:00:00,11.0,0.0,0.0
641,2021-12-30 01:00:00,11.0,0.0,0.0
642,2021-12-30 02:00:00,11.0,0.0,0.0
643,2021-12-30 03:00:00,11.0,0.0,0.0
644,2021-12-30 04:00:00,11.0,0.0,0.0
645,2021-12-30 05:00:00,11.0,0.0,0.0
646,2021-12-30 06:00:00,11.0,0.0,0.0
647,2021-12-30 07:00:00,11.0,0.0,0.0
648,2021-12-30 08:00:00,11.0,0.0,0.0
649,2021-12-30 09:00:00,11.0,0.0,0.0
650,2021-12-30 10:00:00,11.0,0.0,0.0
651,2021-12-30 11:00:00,11.0,0.0,0.0
652,2021-12-30 12:00:00,11.0,0.0,0.0
653,2021-12-30 13:00:00,11.0,0.0,0.0
654,2021-12-30 14:00:00,11.0,0.0,0.0
655,2021-12-30 15:00:00,11.0,0.0,0.0
656,2021-12-30 16:00:00,11.0,0.0,0.0
657,2021-12-30 17:00:00,11.0,0.0,0.0
658,2021-12-30 18:00:00,11.0,0.0,0.0
659,2021-12-30 19:00:00,11.0,0.0,0.0
660,2021-12-30 20:00:00,11.0,0.0,0.0
661,2021-12-30 21:00:00,11.0,0.0,0.0
662,2021-12-30 22:00:00,11.0,0.0,0.0
663,2021-12-30 23:00:00,11.0,0.0,0.0
664,2021-12-31 00:00:00,11.0,0.0,1.8003408239700376
665,2021-12-31 01:00:00,11.0,0.0,1.80225
666,2021-12-31 02:00:00,11.0,0.0,1.803305555555556
667,2021-12-31 03:00:00,11.0,0.0,1.801277777777778
668,2021-12-31 04:00:00,11.0,0.0,1.803
669,2021-12-31 05:00:00,11.0,0.0,1.8008611111111112
670,2021-12-31 06:00:00,11.0,0.0,1.8020833333333333
671,2021-12-31 07:00:00,11.0,0.0,1.800388888888889
672,2021-12-31 08:00:00,11.0,0.0,1.8011058052434457
673,2021-12-31 09:00:00,11.0,0.0,1.7986111111111116
674,2021-12-31 10:00:00,11.0,0.0,1.7993333333333337
675,2021-12-31 11:00:00,11.0,0.0,1.7997500000000002
676,2021-12-31 12:00:00,11.0,0.0,1.8023888888888888
677,2021-12-31 13:00:00,11.0,0.0,1.8019722222222228
678,2021-12-31 14:00:00,11.0,0.0,1.8015
679,2021-12-31 15:00:00,11.0,0.0,1.8012222222222227
680,2021-12-31 16:00:00,11.0,0.0,1.8011111111111116
681,2021-12-31 17:00:00,11.0,0.0,1.8026111111111116
682,2021-12-31 18:00:00,11.0,0.0,1.802833333333333
683,2021-12-31 19:00:00,11.0,0.0,1.8021944444444449
684,2021-12-31 20:00:00,11.0,0.0,1.8019166666666664
685,2021-12-31 21:00:00,11.0,0.0,1.8004722222222225
686,2021-12-31 22:00:00,11.0,0.0,1.8021388888888892
687,2021-12-31 23:00:00,11.0,0.0,1.7997222222222224
688,2022-01-01 00:00:00,11.0,0.0,1.804453807740325
689,2022-01-01 01:00:00,11.0,0.0,1.802027777777778
690,2022-01-01 02:00:00,11.0,0.0,1.802305555555556
691,2022-01-01 03:00:00,11.0,0.0,1.801972222222222
692,2022-01-01 04:00:00,11.0,0.0,1.8018333333333332
693,2022-01-01 05:00:00,11.0,0.0,1.7996944444444445
694,2022-01-01 06:00:00,11.0,0.0,1.802888888888889
695,2022-01-01 07:00:00,11.0,0.0,1.8011666666666666
696,2022-01-01 08:00:00,11.0,0.0,1.8016388888888888
697,2022-01-01 09:00:00,11.0,0.0,1.8004706616729087
698,2022-01-01 10:00:00,11.0,0.0,1.7986111111111114
699,2022-01-01 11:00:00,11.0,0.0,1.8025
700,2022-01-01 12:00:00,11.0,0.0,1.8019444444444452
701,2022-01-01 13:00:00,11.0,0.0,1.801583333333334
702,2022-01-01 14:00:00,11.0,0.0,1.800666666666667
703,2022-01-01 15:00:00,11.0,0.0,1.801277777777778
704,2022-01-01 16:00:00,11.0,0.0,1.802305555555556
705,2022-01-01 17:00:00,11.0,0.0,1.8022777777777776
706,2022-01-01 18:00:00,11.0,0.0,1.8030068664169787
707,2022-01-01 19:00:00,11.0,0.0,1.8015277777777776
708,2022-01-01 20:00:00,11.0,0.0,1.7996944444444445
709,2022-01-01 21:00:00,11.0,0.0,1.801916666666667
710,2022-01-01 22:00:00,11.0,0.0,1.8023333333333336
711,2022-01-01 23:00:00,11.0,0.0,1.8028611111111112
712,2022-01-02 00:00:00,11.0,0.0,0.0
713,2022-01-02 01:00:00,11.0,0.0,1.802666666666667
714,2022-01-02 02:00:00,11.0,0.0,1.8020833333333333
715,2022-01-02 03:00:00,11.0,0.0,0.0
716,2022-01-02 04:00:00,11.0,0.0,0.0
717,2022-01-02 05:00:00,11.0,0.0,0.0
718,2022-01-02 06:00:00,11.0,0.0,0.0
719,2022-01-02 07:00:00,11.0,0.0,0.0
720,2022-01-02 08:00:00,11.0,0.0,0.0
721,2022-01-02 09:00:00,11.0,0.0,0.0
722,2022-01-02 10:00:00,11.0,0.0,0.0
723,2022-01-02 11:00:00,11.0,0.0,0.0
724,2022-01-02 12:00:00,11.0,0.0,0.0
725,2022-01-02 13:00:00,11.0,0.0,1.8002559300873908
726,2022-01-02 14:00:00,11.0,0.0,1.802222222222222
727,2022-01-02 15:00:00,11.0,0.0,0.0
728,2022-01-02 16:00:00,11.0,0.0,0.0
729,2022-01-02 17:00:00,11.0,0.0,0.0
730,2022-01-02 18:00:00,11.0,0.0,0.0
731,2022-01-02 19:00:00,11.0,0.0,0.0
732,2022-01-02 20:00:00,11.0,0.0,0.0
733,2022-01-02 21:00:00,11.0,0.0,0.0
734,2022-01-02 22:00:00,11.0,0.0,0.0
735,2022-01-02 23:00:00,11.0,0.0,0.0
736,2022-01-03 00:00:00,11.0,0.0,1.8015
737,2022-01-03 01:00:00,11.0,0.0,1.802305555555556
738,2022-01-03 02:00:00,11.0,0.0,1.801416666666667
739,2022-01-03 03:00:00,11.0,0.0,1.8031111111111116
740,2022-01-03 04:00:00,11.0,0.0,1.8033611111111112
741,2022-01-03 05:00:00,11.0,0.0,1.802805555555556
742,2022-01-03 06:00:00,11.0,0.0,1.802368289637953
743,2022-01-03 07:00:00,11.0,0.0,1.8013333333333337
744,2022-01-03 08:00:00,11.0,0.0,1.8022777777777776
745,2022-01-03 09:00:00,11.0,0.0,1.8002222222222224
746,2022-01-03 10:00:00,11.0,0.0,1.8010833333333336
747,2022-01-03 11:00:00,11.0,0.0,1.7998333333333334
748,2022-01-03 12:00:00,11.0,0.0,1.801888888888889
749,2022-01-03 13:00:00,11.0,0.0,1.8017777777777784
750,2022-01-03 14:00:00,11.0,0.0,1.801804619225968
751,2022-01-03 15:00:00,11.0,0.0,1.8011388888888895
752,2022-01-03 16:00:00,11.0,0.0,1.8024444444444447
753,2022-01-03 17:00:00,11.0,0.0,1.8016388888888888
754,2022-01-03 18:00:00,11.0,0.0,1.8013333333333337
755,2022-01-03 19:00:00,11.0,0.0,1.802916666666667
756,2022-01-03 20:00:00,11.0,0.0,1.8020833333333333
757,2022-01-03 21:00:00,11.0,0.0,1.801472222222223
758,2022-01-03 22:00:00,11.0,0.0,1.8020642946317105
759,2022-01-03 23:00:00,11.0,0.0,1.801333333333334
760,2022-01-04 00:00:00,11.0,0.0,0.0
761,2022-01-04 01:00:00,11.0,0.0,0.0
762,2022-01-04 02:00:00,11.0,0.0,0.0
763,2022-01-04 03:00:00,11.0,0.0,0.0
764,2022-01-04 04:00:00,11.0,0.0,0.0
765,2022-01-04 05:00:00,11.0,0.0,0.0
766,2022-01-04 06:00:00,11.0,0.0,0.0
767,2022-01-04 07:00:00,11.0,0.0,0.0
768,2022-01-04 08:00:00,11.0,0.0,0.0
769,2022-01-04 09:00:00,11.0,0.0,0.0
770,2022-01-04 10:00:00,11.0,0.0,0.0
771,2022-01-04 11:00:00,11.0,0.0,0.0
772,2022-01-04 12:00:00,11.0,0.0,0.0
773,2022-01-04 13:00:00,11.0,0.0,0.0
774,2022-01-04 14:00:00,11.0,0.0,0.0
775,2022-01-04 15:00:00,11.0,0.0,0.0
776,2022-01-04 16:00:00,11.0,0.0,0.0
777,2022-01-04 17:00:00,11.0,0.0,0.0
778,2022-01-04 18:00:00,11.0,0.0,0.0
779,2022-01-04 19:00:00,11.0,0.0,0.0
780,2022-01-04 20:00:00,11.0,0.0,0.0
781,2022-01-04 21:00:00,11.0,0.0,0.0
782,2022-01-04 22:00:00,11.0,0.0,0.0
783,2022-01-04 23:00:00,11.0,0.0,0.0
784,2022-01-05 00:00:00,11.0,0.0,0.0
785,2022-01-05 01:00:00,11.0,0.0,0.0
786,2022-01-05 02:00:00,11.0,0.0,0.0
787,2022-01-05 03:00:00,11.0,0.0,0.0
788,2022-01-05 04:00:00,11.0,0.0,0.0
789,2022-01-05 05:00:00,11.0,0.0,0.0
790,2022-01-05 06:00:00,11.0,0.0,0.0
791,2022-01-05 07:00:00,11.0,0.0,0.0
792,2022-01-05 08:00:00,11.0,0.21601632133308293,0.0
793,2022-01-05 09:00:00,11.0,0.0,0.0
794,2022-01-05 10:00:00,11.0,0.0,0.0
795,2022-01-05 11:00:00,11.0,0.0,0.0
796,2022-01-05 12:00:00,11.0,0.0,0.0
797,2022-01-05 13:00:00,11.0,0.0,0.0
798,2022-01-05 14:00:00,11.0,0.0,0.0
799,2022-01-05 15:00:00,11.0,0.0,0.0
800,2022-01-05 16:00:00,11.0,0.0,0.0
801,2022-01-05 17:00:00,11.0,0.04387605237839556,0.0
802,2022-01-05 18:00:00,11.0,0.05036694087021446,0.0
803,2022-01-05 19:00:00,11.0,0.08126347597928205,0.0
804,2022-01-05 20:00:00,11.0,0.09698198637627883,0.0
805,2022-01-05 21:00:00,11.0,0.14677577246238602,0.0
806,2022-01-05 22:00:00,11.0,0.18416111990875147,0.0
807,2022-01-05 23:00:00,11.0,0.47212938997383613,0.0
808,2022-01-06 00:00:00,11.0,0.17288389445891975,0.0
809,2022-01-06 01:00:00,11.0,0.28167231854829805,0.0
810,2022-01-06 02:00:00,11.0,0.274264668799352,0.0
811,2022-01-06 03:00:00,11.0,0.6325403108242853,0.0
812,2022-01-06 04:00:00,11.0,0.48856424577793706,0.0
813,2022-01-06 05:00:00,11.0,0.37228665917881265,0.0
814,2022-01-06 06:00:00,11.0,0.25136957515340397,0.0
815,2022-01-06 07:00:00,11.0,0.29009115479364955,0.0
816,2022-01-06 08:00:00,11.0,0.3372141381239593,0.0
817,2022-01-06 09:00:00,11.0,0.2758600893874615,0.0
818,2022-01-06 10:00:00,11.0,0.013688110510549502,0.0
819,2022-01-06 11:00:00,11.0,0.0,0.0
820,2022-01-06 12:00:00,11.0,0.0,0.0
821,2022-01-06 13:00:00,11.0,0.0,0.0
822,2022-01-06 14:00:00,11.0,0.0,0.0
823,2022-01-06 15:00:00,11.0,0.0,0.0
824,2022-01-06 16:00:00,11.0,0.0,0.0
825,2022-01-06 17:00:00,11.0,0.258921498642503,0.0
826,2022-01-06 18:00:00,11.0,0.26293028745629693,0.0
827,2022-01-06 19:00:00,11.0,0.2906023873326636,0.0
828,2022-01-06 20:00:00,11.0,0.4144597929190777,0.0
829,2022-01-06 21:00:00,11.0,0.5031695845967706,0.0
830,2022-01-06 22:00:00,11.0,0.5209595615616468,0.0
831,2022-01-06 23:00:00,11.0,0.5600810545908823,0.0
832,2022-01-07 00:00:00,11.0,0.3651765938965186,4.901166666666667
833,2022-01-07 01:00:00,11.0,0.5186303000945919,5.35886111111111
834,2022-01-07 02:00:00,11.0,0.5357281900299831,5.712330524344569
835,2022-01-07 03:00:00,11.0,0.6832261467452521,5.616944444444446
836,2022-01-07 04:00:00,11.0,0.7064966847384612,5.706444444444445
837,2022-01-07 05:00:00,11.0,0.6391533293314605,5.582972222222222
838,2022-01-07 06:00:00,11.0,0.7250799593941056,5.042055555555556
839,2022-01-07 07:00:00,11.0,0.5918478626831228,4.630833333333334
840,2022-01-07 08:00:00,11.0,0.48635312257810576,4.463805555555556
841,2022-01-07 09:00:00,11.0,0.2955227501771619,3.6424606741573022
842,2022-01-07 10:00:00,11.0,0.23328879118248666,2.452416666666667
843,2022-01-07 11:00:00,11.0,0.0,2.421861111111112
844,2022-01-07 12:00:00,11.0,0.0,2.028888888888889
845,2022-01-07 13:00:00,11.0,0.0,2.124972222222223
846,2022-01-07 14:00:00,11.0,0.0,2.2136744694132338
847,2022-01-07 15:00:00,11.0,0.0,2.220111111111112
848,2022-01-07 16:00:00,11.0,0.0,2.2143611111111112
849,2022-01-07 17:00:00,11.0,0.0,2.2343333333333333
850,2022-01-07 18:00:00,11.0,0.0,2.4324166666666667
851,2022-01-07 19:00:00,11.0,0.0,2.402333333333333
852,2022-01-07 20:00:00,11.0,0.0,2.308888888888889
853,2022-01-07 21:00:00,11.0,0.0,2.2062222222222223
854,2022-01-07 22:00:00,11.0,0.0,2.3522500000000006
855,2022-01-07 23:00:00,11.0,0.0,3.4945446317103617
856,2022-01-08 00:00:00,11.0,0.217804110845989,2.3936944444444443
857,2022-01-08 01:00:00,11.0,0.18887822496656978,2.098166666666667
858,2022-01-08 02:00:00,11.0,0.30737265809029124,2.173638888888889
859,2022-01-08 03:00:00,11.0,0.06559645187241289,2.211611111111111
860,2022-01-08 04:00:00,11.0,0.0,2.0893333333333337
861,2022-01-08 05:00:00,11.0,0.0,2.090584269662922
862,2022-01-08 06:00:00,11.0,0.0,1.9202777777777784
863,2022-01-08 07:00:00,11.0,0.0,1.801138888888889
864,2022-01-08 08:00:00,11.0,0.0,1.7993888888888894
865,2022-01-08 09:00:00,11.0,0.0,1.802944444444445
866,2022-01-08 10:00:00,11.0,0.0,1.8015
867,2022-01-08 11:00:00,11.0,0.0,1.8021111111111117
868,2022-01-08 12:00:00,11.0,0.0,1.8020377652933837
869,2022-01-08 13:00:00,11.0,0.0,1.8003611111111115
870,2022-01-08 14:00:00,11.0,0.0,1.801083333333334
871,2022-01-08 15:00:00,11.0,0.0,2.1105833333333344
872,2022-01-08 16:00:00,11.0,0.0,2.177555555555556
873,2022-01-08 17:00:00,11.0,0.0,1.947500000000001
874,2022-01-08 18:00:00,11.0,0.0,1.9151388888888887
875,2022-01-08 19:00:00,11.0,0.0,1.9686507490636709
876,2022-01-08 20:00:00,11.0,0.0,1.8010833333333336
877,2022-01-08 21:00:00,11.0,0.03628158489129498,1.8011666666666664
878,2022-01-08 22:00:00,11.0,0.17761184509623965,1.8020833333333337
879,2022-01-08 23:00:00,11.0,0.07845153210575394,1.8020833333333333
880,2022-01-09 00:00:00,11.0,0.100487297825437,0.0
881,2022-01-09 01:00:00,11.0,0.08171004988864347,0.0
882,2022-01-09 02:00:00,11.0,0.0,0.0
883,2022-01-09 03:00:00,11.0,0.1712735566133619,0.0
884,2022-01-09 04:00:00,11.0,0.0,0.0
885,2022-01-09 05:00:00,11.0,0.0,0.0
886,2022-01-09 06:00:00,11.0,0.0,0.0
887,2022-01-09 07:00:00,11.0,0.0,0.0
888,2022-01-09 08:00:00,11.0,0.0,0.0
889,2022-01-09 09:00:00,11.0,0.0,0.0
890,2022-01-09 10:00:00,11.0,0.0,0.0
891,2022-01-09 11:00:00,11.0,0.0,0.0
892,2022-01-09 12:00:00,11.0,0.0,0.0
893,2022-01-09 13:00:00,11.0,0.0,0.0
894,2022-01-09 14:00:00,11.0,0.0,0.0
895,2022-01-09 15:00:00,11.0,0.0,0.0
896,2022-01-09 16:00:00,11.0,0.0,0.0
897,2022-01-09 17:00:00,11.0,0.0,0.0
898,2022-01-09 18:00:00,11.0,0.0,0.0
899,2022-01-09 19:00:00,11.0,0.0,0.0
900,2022-01-09 20:00:00,11.0,0.0,0.0
901,2022-01-09 21:00:00,11.0,0.0,0.0
902,2022-01-09 22:00:00,11.0,0.0,0.0
903,2022-01-09 23:00:00,11.0,0.0,0.0
904,2022-01-10 00:00:00,11.0,0.0,1.801584893882647
905,2022-01-10 01:00:00,11.0,0.0,1.8011944444444448
906,2022-01-10 02:00:00,11.0,0.0,1.803277777777777
907,2022-01-10 03:00:00,11.0,0.0,1.8017222222222224
908,2022-01-10 04:00:00,11.0,0.0,1.8005833333333334
909,2022-01-10 05:00:00,11.0,0.0,1.8014166666666669
910,2022-01-10 06:00:00,11.0,0.0,1.8031388888888893
911,2022-01-10 07:00:00,11.0,0.0,1.8025149812734087
912,2022-01-10 08:00:00,11.0,0.0,1.800972222222223
913,2022-01-10 09:00:00,11.0,0.0,1.80225
914,2022-01-10 10:00:00,11.0,0.0,1.8025
915,2022-01-10 11:00:00,11.0,0.0,1.8002777777777776
916,2022-01-10 12:00:00,11.0,0.0,1.800555555555556
917,2022-01-10 13:00:00,11.0,0.0,1.8018333333333336
918,2022-01-10 14:00:00,11.0,0.0,2.1060833333333338
919,2022-01-10 15:00:00,11.0,0.0,1.9523916978776537
920,2022-01-10 16:00:00,11.0,0.0,1.8007777777777785
921,2022-01-10 17:00:00,11.0,0.0,2.110611111111111
922,2022-01-10 18:00:00,11.0,0.0,3.394944444444445
923,2022-01-10 19:00:00,11.0,0.07147149625888961,3.984944444444444
924,2022-01-10 20:00:00,11.0,0.32112316794908496,3.427666666666667
925,2022-01-10 21:00:00,11.0,0.25574123116606234,3.768222222222222
926,2022-01-10 22:00:00,11.0,0.22108825425656373,3.9045152933832714
927,2022-01-10 23:00:00,11.0,0.2820788135737157,4.189
928,2022-01-11 00:00:00,11.0,0.3255062712480543,0.0
929,2022-01-11 01:00:00,11.0,0.36529221766000397,0.0
930,2022-01-11 02:00:00,11.0,0.43163428439523127,0.0
931,2022-01-11 03:00:00,11.0,0.4542979268291598,0.0
932,2022-01-11 04:00:00,11.0,0.5031034212615437,0.0
933,2022-01-11 05:00:00,11.0,0.4658494811909961,0.0
934,2022-01-11 06:00:00,11.0,0.6051991856339731,0.0
935,2022-01-11 07:00:00,11.0,0.6041239346916748,0.0
936,2022-01-11 08:00:00,11.0,0.5791174604177994,0.0
937,2022-01-11 09:00:00,11.0,0.3792605108928961,0.0
938,2022-01-11 10:00:00,11.0,0.25125597122398063,0.0
939,2022-01-11 11:00:00,11.0,0.0,0.0
940,2022-01-11 12:00:00,11.0,0.0,0.0
941,2022-01-11 13:00:00,11.0,0.0,0.0
942,2022-01-11 14:00:00,11.0,0.1028633201250261,0.0
943,2022-01-11 15:00:00,11.0,0.2276773815230455,0.0
944,2022-01-11 16:00:00,11.0,0.30766344867565437,0.0
945,2022-01-11 17:00:00,11.0,0.5103687571688569,0.0
946,2022-01-11 18:00:00,11.0,0.5477230012911906,0.0
947,2022-01-11 19:00:00,11.0,0.5566992018160539,0.0
948,2022-01-11 20:00:00,11.0,0.5678625707767825,0.0
949,2022-01-11 21:00:00,11.0,0.5498988509185049,0.0
950,2022-01-11 22:00:00,11.0,0.6125215663522035,0.0
951,2022-01-11 23:00:00,11.0,0.3919816629552659,0.0
952,2022-01-12 00:00:00,11.0,0.49364141802620426,0.0
953,2022-01-12 01:00:00,11.0,0.5897928831960126,0.0
954,2022-01-12 02:00:00,11.0,0.6210988201659701,0.0
955,2022-01-12 03:00:00,11.0,0.5918568113219759,0.0
956,2022-01-12 04:00:00,11.0,0.5287151764914569,0.0
957,2022-01-12 05:00:00,11.0,0.5431174613785356,0.0
958,2022-01-12 06:00:00,11.0,0.5823696661121306,0.0
959,2022-01-12 07:00:00,11.0,0.6153360019018654,0.0
960,2022-01-12 08:00:00,11.0,0.7058344703277409,0.0
961,2022-01-12 09:00:00,11.0,0.5164228963365867,0.0
962,2022-01-12 10:00:00,11.0,0.2818529400279729,0.0
963,2022-01-12 11:00:00,11.0,0.0,0.0
964,2022-01-12 12:00:00,11.0,0.0,0.0
965,2022-01-12 13:00:00,11.0,0.0,0.0
966,2022-01-12 14:00:00,11.0,0.0,0.0
967,2022-01-12 15:00:00,11.0,0.01897615618108173,0.0
968,2022-01-12 16:00:00,11.0,0.19654847552383756,0.0
969,2022-01-12 17:00:00,11.0,0.30921430607776007,0.0
970,2022-01-12 18:00:00,11.0,0.25560293671100986,0.0
971,2022-01-12 19:00:00,11.0,0.32470015494292837,0.0
972,2022-01-12 20:00:00,11.0,0.26974572810395503,0.0
973,2022-01-12 21:00:00,11.0,0.26815051352643193,0.0
974,2022-01-12 22:00:00,11.0,0.27711846969492787,0.0
975,2022-01-12 23:00:00,11.0,0.3545687952976585,0.0
976,2022-01-13 00:00:00,11.0,0.31631159750180127,0.0
977,2022-01-13 01:00:00,11.0,0.36531437905031544,0.0
978,2022-01-13 02:00:00,11.0,0.35452960699353125,0.0
979,2022-01-13 03:00:00,11.0,0.3500433891213067,0.0
980,2022-01-13 04:00:00,11.0,0.38520757039125136,0.0
981,2022-01-13 05:00:00,11.0,0.3150781876752348,0.0
982,2022-01-13 06:00:00,11.0,0.3013342455914058,0.0
983,2022-01-13 07:00:00,11.0,0.3144836001638106,0.0
984,2022-01-13 08:00:00,11.0,0.24925627720323873,0.0
985,2022-01-13 09:00:00,11.0,0.025126167794175952,0.0
986,2022-01-13 10:00:00,11.0,0.0,0.0
987,2022-01-13 11:00:00,11.0,0.0,0.0
988,2022-01-13 12:00:00,11.0,0.0,0.0
989,2022-01-13 13:00:00,11.0,0.0,0.0
990,2022-01-13 14:00:00,11.0,0.0,0.0
991,2022-01-13 15:00:00,11.0,0.0,0.0
992,2022-01-13 16:00:00,11.0,0.0,0.0
993,2022-01-13 17:00:00,11.0,0.009404862523130993,0.0
994,2022-01-13 18:00:00,11.0,0.01996817574564301,0.0
995,2022-01-13 19:00:00,11.0,0.06912664353358028,0.0
996,2022-01-13 20:00:00,11.0,0.06037461817422793,0.0
997,2022-01-13 21:00:00,11.0,0.14274566090574228,0.0
998,2022-01-13 22:00:00,11.0,0.23499455120183085,0.0
999,2022-01-13 23:00:00,11.0,0.29597128979904225,0.0
1000,2022-01-14 00:00:00,11.0,0.207570963247023,3.3347222222222213
1001,2022-01-14 01:00:00,11.0,0.17612282968275067,3.254916666666668
1002,2022-01-14 02:00:00,11.0,0.17996765410503032,3.033638888888889
1003,2022-01-14 03:00:00,11.0,0.13230779883103563,2.585833333333334
1004,2022-01-14 04:00:00,11.0,0.04352100585832424,2.7104999999999992
1005,2022-01-14 05:00:00,11.0,0.04720423551479849,2.6647568664169787
1006,2022-01-14 06:00:00,11.0,0.03614672232872214,2.4628333333333337
1007,2022-01-14 07:00:00,11.0,0.009868719077193295,2.2251944444444445
1008,2022-01-14 08:00:00,11.0,0.0,2.1055000000000006
1009,2022-01-14 09:00:00,11.0,0.0,1.8948333333333331
1010,2022-01-14 10:00:00,11.0,0.0,1.8022222222222224
1011,2022-01-14 11:00:00,11.0,0.0,1.803111111111111
1012,2022-01-14 12:00:00,11.0,0.0,1.953117665418228
1013,2022-01-14 13:00:00,11.0,0.0,1.9490833333333335
1014,2022-01-14 14:00:00,11.0,0.0,2.1099444444444444
1015,2022-01-14 15:00:00,11.0,0.0,1.984888888888889
1016,2022-01-14 16:00:00,11.0,0.0,1.8178333333333336
1017,2022-01-14 17:00:00,11.0,0.0,1.806555555555556
1018,2022-01-14 18:00:00,11.0,0.0,1.8036148564294632
1019,2022-01-14 19:00:00,11.0,0.0,1.8095000000000003
1020,2022-01-14 20:00:00,11.0,0.0,1.8016388888888888
1021,2022-01-14 21:00:00,11.0,0.0,1.800361111111112
1022,2022-01-14 22:00:00,11.0,0.0,1.865222222222223
1023,2022-01-14 23:00:00,11.0,0.0,1.8889722222222225
1024,2022-01-15 00:00:00,11.0,0.0,1.8560000000000003
1025,2022-01-15 01:00:00,11.0,0.0,2.002701935081149
1026,2022-01-15 02:00:00,11.0,0.0,2.3179444444444446
1027,2022-01-15 03:00:00,11.0,0.0,2.682416666666667
1028,2022-01-15 04:00:00,11.0,0.0,2.7505000000000006
1029,2022-01-15 05:00:00,11.0,0.03595562869579436,2.6859166666666674
1030,2022-01-15 06:00:00,11.0,0.02481926611587446,2.441138888888889
1031,2022-01-15 07:00:00,11.0,0.013463365146713651,1.975055555555556
1032,2022-01-15 08:00:00,11.0,0.0,1.8224166666666668
1033,2022-01-15 09:00:00,11.0,0.0,1.801277777777778
1034,2022-01-15 10:00:00,11.0,0.0,1.8003295880149817
1035,2022-01-15 11:00:00,11.0,0.0,1.9506666666666668
1036,2022-01-15 12:00:00,11.0,0.0,2.107055555555557
1037,2022-01-15 13:00:00,11.0,0.0,1.8009166666666665
1038,2022-01-15 14:00:00,11.0,0.0,1.955722222222223
1039,2022-01-15 15:00:00,11.0,0.0,1.8036944444444447
1040,2022-01-15 16:00:00,11.0,0.0,1.80033520599251
1041,2022-01-15 17:00:00,11.0,0.0,1.8003333333333331
1042,2022-01-15 18:00:00,11.0,0.0,1.802027777777778
1043,2022-01-15 19:00:00,11.0,0.0,1.956138888888889
1044,2022-01-15 20:00:00,11.0,0.0,1.8095000000000008
1045,2022-01-15 21:00:00,11.0,0.0,2.005666666666667
1046,2022-01-15 22:00:00,11.0,0.0,2.1513611111111115
1047,2022-01-15 23:00:00,11.0,0.0,2.1871111111111112
1048,2022-01-16 00:00:00,11.0,0.0,0.0
1049,2022-01-16 01:00:00,11.0,0.0,0.0
1050,2022-01-16 02:00:00,11.0,0.0,0.0
1051,2022-01-16 03:00:00,11.0,0.0,0.0
1052,2022-01-16 04:00:00,11.0,0.0,0.0
1053,2022-01-16 05:00:00,11.0,0.015865660531301215,0.0
1054,2022-01-16 06:00:00,11.0,0.13678557138178746,0.0
1055,2022-01-16 07:00:00,11.0,0.11799684145225087,0.0
1056,2022-01-16 08:00:00,11.0,0.04810602045734605,0.0
1057,2022-01-16 09:00:00,11.0,0.0,0.0
1058,2022-01-16 10:00:00,11.0,0.0,0.0
1059,2022-01-16 11:00:00,11.0,0.0,0.0
1060,2022-01-16 12:00:00,11.0,0.0,0.0
1061,2022-01-16 13:00:00,11.0,0.0,0.0
1062,2022-01-16 14:00:00,11.0,0.0,0.0
1063,2022-01-16 15:00:00,11.0,0.0,0.0
1064,2022-01-16 16:00:00,11.0,0.0,0.0
1065,2022-01-16 17:00:00,11.0,0.0,0.0
1066,2022-01-16 18:00:00,11.0,0.023863368833775125,0.0
1067,2022-01-16 19:00:00,11.0,0.023848781313069174,0.0
1068,2022-01-16 20:00:00,11.0,0.0,0.0
1069,2022-01-16 21:00:00,11.0,0.0,0.0
1070,2022-01-16 22:00:00,11.0,0.0,0.0
1071,2022-01-16 23:00:00,11.0,0.0,0.0
1072,2022-01-17 00:00:00,11.0,0.0,1.8007222222222228
1073,2022-01-17 01:00:00,11.0,0.0,1.801592384519351
1074,2022-01-17 02:00:00,11.0,0.0,1.80175
1075,2022-01-17 03:00:00,11.0,0.0,1.8263333333333336
1076,2022-01-17 04:00:00,11.0,0.0,2.168222222222223
1077,2022-01-17 05:00:00,11.0,0.0,2.9183055555555555
1078,2022-01-17 06:00:00,11.0,0.04767201563708007,3.4427777777777773
1079,2022-01-17 07:00:00,11.0,0.1371186584679699,3.4941388888888887
1080,2022-01-17 08:00:00,11.0,0.2144064226270017,3.36525
1081,2022-01-17 09:00:00,11.0,0.02585993171314579,2.320694444444445
1082,2022-01-17 10:00:00,11.0,0.0,1.8015053058676656
1083,2022-01-17 11:00:00,11.0,0.0,2.079333333333333
1084,2022-01-17 12:00:00,11.0,0.0,2.3329722222222222
1085,2022-01-17 13:00:00,11.0,0.0,2.4356388888888887
1086,2022-01-17 14:00:00,11.0,0.0,2.381
1087,2022-01-17 15:00:00,11.0,0.0,2.546277777777778
1088,2022-01-17 16:00:00,11.0,0.0,2.728638888888888
1089,2022-01-17 17:00:00,11.0,0.02054916100035119,0.0
1090,2022-01-17 18:00:00,11.0,0.045278502265952245,0.0
1091,2022-01-17 19:00:00,11.0,0.13642770691772577,2.7386991260923845
1092,2022-01-17 20:00:00,11.0,0.09971117889783845,2.2812777777777784
1093,2022-01-17 21:00:00,11.0,0.0,2.339166666666667
1094,2022-01-17 22:00:00,11.0,0.0,2.281777777777778
1095,2022-01-17 23:00:00,11.0,0.0,1.801166666666667
1096,2022-01-18 00:00:00,11.0,0.0,0.0
1097,2022-01-18 01:00:00,11.0,0.0,0.0
1098,2022-01-18 02:00:00,11.0,0.0,0.0
1099,2022-01-18 03:00:00,11.0,0.05301031972877312,0.0
1100,2022-01-18 04:00:00,11.0,0.16671199761564684,0.0
1101,2022-01-18 05:00:00,11.0,0.14876977645402878,0.0
1102,2022-01-18 06:00:00,11.0,0.19083895353237654,0.0
1103,2022-01-18 07:00:00,11.0,0.23662817894561705,0.0
1104,2022-01-18 08:00:00,11.0,0.23498493823735975,0.0
1105,2022-01-18 09:00:00,11.0,0.09375933897432992,0.0
1106,2022-01-18 10:00:00,11.0,0.0,0.0
1107,2022-01-18 11:00:00,11.0,0.0,0.0
1108,2022-01-18 12:00:00,11.0,0.0,0.0
1109,2022-01-18 13:00:00,11.0,0.0,0.0
1110,2022-01-18 14:00:00,11.0,0.0,0.0
1111,2022-01-18 15:00:00,11.0,0.0,0.0
1112,2022-01-18 16:00:00,11.0,0.0,0.0
1113,2022-01-18 17:00:00,11.0,0.08413015679640358,0.0
1114,2022-01-18 18:00:00,11.0,0.15464490818062998,0.0
1115,2022-01-18 19:00:00,11.0,0.2069240959086521,0.0
1116,2022-01-18 20:00:00,11.0,0.2363877436670556,0.0
1117,2022-01-18 21:00:00,11.0,0.2522041544243463,0.0
1118,2022-01-18 22:00:00,11.0,0.2532937304919427,0.0
1119,2022-01-18 23:00:00,11.0,0.24369203230361863,0.0
1120,2022-01-19 00:00:00,11.0,0.2740822318693955,0.0
1121,2022-01-19 01:00:00,11.0,0.24423892421515164,0.0
1122,2022-01-19 02:00:00,11.0,0.13770414068421258,0.0
1123,2022-01-19 03:00:00,11.0,0.11681963905051772,0.0
1124,2022-01-19 04:00:00,11.0,0.29132575047271775,0.0
1125,2022-01-19 05:00:00,11.0,0.26119327658270364,0.0
1126,2022-01-19 06:00:00,11.0,0.17123535581604563,0.0
1127,2022-01-19 07:00:00,11.0,0.1669266196150235,0.0
1128,2022-01-19 08:00:00,11.0,0.32638431906593784,0.0
1129,2022-01-19 09:00:00,11.0,0.22139392156359833,0.0
1130,2022-01-19 10:00:00,11.0,0.0,0.0
1131,2022-01-19 11:00:00,11.0,0.0,0.0
1132,2022-01-19 12:00:00,11.0,0.0,0.0
1133,2022-01-19 13:00:00,11.0,0.0,0.0
1134,2022-01-19 14:00:00,11.0,0.0,0.0
1135,2022-01-19 15:00:00,11.0,0.0,0.0
1136,2022-01-19 16:00:00,11.0,0.14585584851847408,0.0
1137,2022-01-19 17:00:00,11.0,0.36449814086980714,0.0
1138,2022-01-19 18:00:00,11.0,0.31711554569031225,0.0
1139,2022-01-19 19:00:00,11.0,0.26897946497256325,0.0
1140,2022-01-19 20:00:00,11.0,0.04188050073430798,0.0
1141,2022-01-19 21:00:00,11.0,0.0,0.0
1142,2022-01-19 22:00:00,11.0,0.0,0.0
1143,2022-01-19 23:00:00,11.0,0.0,0.0
1144,2022-01-20 00:00:00,11.0,0.0,0.0
1145,2022-01-20 01:00:00,11.0,0.0,0.0
1146,2022-01-20 02:00:00,11.0,0.0,0.0
1147,2022-01-20 03:00:00,11.0,0.0,0.0
1148,2022-01-20 04:00:00,11.0,0.0,0.0
1149,2022-01-20 05:00:00,11.0,0.0,0.0
1150,2022-01-20 06:00:00,11.0,0.0,0.0
1151,2022-01-20 07:00:00,11.0,0.0,0.0
1152,2022-01-20 08:00:00,11.0,0.0,0.0
1153,2022-01-20 09:00:00,11.0,0.0,0.0
1154,2022-01-20 10:00:00,11.0,0.0,0.0
1155,2022-01-20 11:00:00,11.0,0.0,0.0
1156,2022-01-20 12:00:00,11.0,0.0,0.0
1157,2022-01-20 13:00:00,11.0,0.0,0.0
1158,2022-01-20 14:00:00,11.0,0.0,0.0
1159,2022-01-20 15:00:00,11.0,0.0,0.0
1160,2022-01-20 16:00:00,11.0,0.0,0.0
1161,2022-01-20 17:00:00,11.0,0.0,0.0
1162,2022-01-20 18:00:00,11.0,0.0,0.0
1163,2022-01-20 19:00:00,11.0,0.0,0.0
1164,2022-01-20 20:00:00,11.0,0.0,0.0
1165,2022-01-20 21:00:00,11.0,0.0,0.0
1166,2022-01-20 22:00:00,11.0,0.0,0.0
1167,2022-01-20 23:00:00,11.0,0.0,0.0
1168,2022-01-21 00:00:00,11.0,0.0,2.435250000000001
1169,2022-01-21 01:00:00,11.0,0.0,2.610055555555556
1170,2022-01-21 02:00:00,11.0,0.0,2.8074444444444446
1171,2022-01-21 03:00:00,11.0,0.02446274878648096,2.968255617977527
1172,2022-01-21 04:00:00,11.0,0.047579562618609766,3.1168055555555547
1173,2022-01-21 05:00:00,11.0,0.09662089795616699,3.049722222222222
1174,2022-01-21 06:00:00,11.0,0.08877136290982503,3.177583333333333
1175,2022-01-21 07:00:00,11.0,0.11707903840660251,3.083416666666667
1176,2022-01-21 08:00:00,11.0,0.10453172289861107,2.6844722222222224
1177,2022-01-21 09:00:00,11.0,0.0,2.300666666666667
1178,2022-01-21 10:00:00,11.0,0.0,2.1010555555555563
1179,2022-01-21 11:00:00,11.0,0.0,2.234555555555557
1180,2022-01-21 12:00:00,11.0,0.0,2.019305555555557
1181,2022-01-21 13:00:00,11.0,0.0,2.0156360799001254
1182,2022-01-21 14:00:00,11.0,0.0,2.2685000000000004
1183,2022-01-21 15:00:00,11.0,0.0,2.5906111111111114
1184,2022-01-21 16:00:00,11.0,0.0,2.6028333333333338
1185,2022-01-21 17:00:00,11.0,0.015062481995965374,2.7800277777777778
1186,2022-01-21 18:00:00,11.0,0.028558335606683354,2.9202222222222223
1187,2022-01-21 19:00:00,11.0,0.06267570344152155,3.492472222222223
1188,2022-01-21 20:00:00,11.0,0.12436452904704705,3.984888888888888
1189,2022-01-21 21:00:00,11.0,0.2672641199650109,3.7740443196004985
1190,2022-01-21 22:00:00,11.0,0.3364032028309498,3.4932777777777764
1191,2022-01-21 23:00:00,11.0,0.22125592979129988,3.293805555555556
1192,2022-01-22 00:00:00,11.0,0.18004736552566517,3.2403611111111124
1193,2022-01-22 01:00:00,11.0,0.15165179568218773,3.4008055555555554
1194,2022-01-22 02:00:00,11.0,0.12438692628616413,4.454777777777779
1195,2022-01-22 03:00:00,11.0,0.3199290416526718,3.999805555555557
1196,2022-01-22 04:00:00,11.0,0.3729984598684003,3.552527777777777
1197,2022-01-22 05:00:00,11.0,0.2313776728866206,3.48772784019975
1198,2022-01-22 06:00:00,11.0,0.2204173879421101,2.967527777777778
1199,2022-01-22 07:00:00,11.0,0.13309476459177583,3.122888888888889
1200,2022-01-22 08:00:00,11.0,0.11909937349305326,2.5243611111111117
1201,2022-01-22 09:00:00,11.0,0.0,2.0378055555555563
1202,2022-01-22 10:00:00,11.0,0.0,1.802805555555556
1203,2022-01-22 11:00:00,11.0,0.0,1.8010000000000002
1204,2022-01-22 12:00:00,11.0,0.0,2.2404444444444445
1205,2022-01-22 13:00:00,11.0,0.0,2.250921348314607
1206,2022-01-22 14:00:00,11.0,0.0,1.994944444444445
1207,2022-01-22 15:00:00,11.0,0.0,1.800527777777778
1208,2022-01-22 16:00:00,11.0,0.0,1.955805555555556
1209,2022-01-22 17:00:00,11.0,0.0,1.8014444444444448
1210,2022-01-22 18:00:00,11.0,0.0,2.064055555555556
1211,2022-01-22 19:00:00,11.0,0.0,2.421500000000001
1212,2022-01-22 20:00:00,11.0,0.0,2.815305555555555
1213,2022-01-22 21:00:00,11.0,0.0,2.884138888888889
1214,2022-01-22 22:00:00,11.0,0.05623612193761169,2.8507812109862667
1215,2022-01-22 23:00:00,11.0,0.04905841263449542,2.914166666666667
1216,2022-01-23 00:00:00,11.0,0.04875906651061659,0.0
1217,2022-01-23 01:00:00,11.0,0.06733973623573467,0.0
1218,2022-01-23 02:00:00,11.0,0.10769717643061613,0.0
1219,2022-01-23 03:00:00,11.0,0.047132977208746395,0.0
1220,2022-01-23 04:00:00,11.0,0.07603591904080897,0.0
1221,2022-01-23 05:00:00,11.0,0.09861532943330473,0.0
1222,2022-01-23 06:00:00,11.0,0.09646251264816905,0.0
1223,2022-01-23 07:00:00,11.0,0.08107716852983202,0.0
1224,2022-01-23 08:00:00,11.0,0.09862080223375312,0.0
1225,2022-01-23 09:00:00,11.0,0.0,0.0
1226,2022-01-23 10:00:00,11.0,0.0,0.0
1227,2022-01-23 11:00:00,11.0,0.0,0.0
1228,2022-01-23 12:00:00,11.0,0.0,0.0
1229,2022-01-23 13:00:00,11.0,0.0,0.0
1230,2022-01-23 14:00:00,11.0,0.0,0.0
1231,2022-01-23 15:00:00,11.0,0.0,0.0
1232,2022-01-23 16:00:00,11.0,0.0,0.0
1233,2022-01-23 17:00:00,11.0,0.09697477828604718,0.0
1234,2022-01-23 18:00:00,11.0,0.166838874772191,0.0
1235,2022-01-23 19:00:00,11.0,0.18396453009604544,0.0
1236,2022-01-23 20:00:00,11.0,0.1621860593993583,0.0
1237,2022-01-23 21:00:00,11.0,0.16427077976354051,0.0
1238,2022-01-23 22:00:00,11.0,0.18512553780022,0.0
1239,2022-01-23 23:00:00,11.0,0.14054901740824277,0.0
1240,2022-01-24 00:00:00,11.0,0.2401822737200618,4.029638888888889
1241,2022-01-24 01:00:00,11.0,0.299134204360002,4.164333333333333
1242,2022-01-24 02:00:00,11.0,0.3213713061190014,4.208583333333333
1243,2022-01-24 03:00:00,11.0,0.33136638915309197,4.1705555555555565
1244,2022-01-24 04:00:00,11.0,0.3461775106093889,3.6185277777777785
1245,2022-01-24 05:00:00,11.0,0.29566273046494773,3.3656388888888893
1246,2022-01-24 06:00:00,11.0,0.16108499572186327,3.057939138576779
1247,2022-01-24 07:00:00,11.0,0.12073734073400152,3.1151944444444446
1248,2022-01-24 08:00:00,11.0,0.07958863415010792,2.995694444444445
1249,2022-01-24 09:00:00,11.0,0.0,2.164027777777778
1250,2022-01-24 10:00:00,11.0,0.0,1.7998333333333334
1251,2022-01-24 11:00:00,11.0,0.0,1.7999722222222223
1252,2022-01-24 12:00:00,11.0,0.0,2.258972222222223
1253,2022-01-24 13:00:00,11.0,0.0,2.227805555555556
1254,2022-01-24 14:00:00,11.0,0.0,2.148919163545568
1255,2022-01-24 15:00:00,11.0,0.0,2.1822222222222223
1256,2022-01-24 16:00:00,11.0,0.0,2.2715277777777776
1257,2022-01-24 17:00:00,11.0,0.0,2.427027777777778
1258,2022-01-24 18:00:00,11.0,0.0,2.4483333333333333
1259,2022-01-24 19:00:00,11.0,0.0,2.447666666666667
1260,2022-01-24 20:00:00,11.0,0.0,2.357166666666667
1261,2022-01-24 21:00:00,11.0,0.0,2.471222222222223
1262,2022-01-24 22:00:00,11.0,0.0,2.48566354556804
1263,2022-01-24 23:00:00,11.0,0.0,2.69625
1264,2022-01-25 00:00:00,11.0,0.0,0.0
1265,2022-01-25 01:00:00,11.0,0.01825830353853894,0.0
1266,2022-01-25 02:00:00,11.0,0.03237315675648325,0.0
1267,2022-01-25 03:00:00,11.0,0.08289264235661861,0.0
1268,2022-01-25 04:00:00,11.0,0.10394717465251559,0.0
1269,2022-01-25 05:00:00,11.0,0.06585423743930373,0.0
1270,2022-01-25 06:00:00,11.0,0.03466266190779586,0.0
1271,2022-01-25 07:00:00,11.0,0.03732728649268193,0.0
1272,2022-01-25 08:00:00,11.0,0.050690261502869156,0.0
1273,2022-01-25 09:00:00,11.0,0.0,0.0
1274,2022-01-25 10:00:00,11.0,0.0,0.0
1275,2022-01-25 11:00:00,11.0,0.0,0.0
1276,2022-01-25 12:00:00,11.0,0.0,0.0
1277,2022-01-25 13:00:00,11.0,0.0,0.0
1278,2022-01-25 14:00:00,11.0,0.0,0.0
1279,2022-01-25 15:00:00,11.0,0.0,0.0
1280,2022-01-25 16:00:00,11.0,0.0,0.0
1281,2022-01-25 17:00:00,11.0,0.0,0.0
1282,2022-01-25 18:00:00,11.0,0.0,0.0
1283,2022-01-25 19:00:00,11.0,0.0,0.0
1284,2022-01-25 20:00:00,11.0,0.0,0.0
1285,2022-01-25 21:00:00,11.0,0.0,0.0
1286,2022-01-25 22:00:00,11.0,0.0,0.0
1287,2022-01-25 23:00:00,11.0,0.0,0.0
1288,2022-01-26 00:00:00,11.0,0.0,0.0
1289,2022-01-26 01:00:00,11.0,0.0,0.0
1290,2022-01-26 02:00:00,11.0,0.0,0.0
1291,2022-01-26 03:00:00,11.0,0.0,0.0
1292,2022-01-26 04:00:00,11.0,0.0,0.0
1293,2022-01-26 05:00:00,11.0,0.0,0.0
1294,2022-01-26 06:00:00,11.0,0.057972483431158225,0.0
1295,2022-01-26 07:00:00,11.0,0.06998412227304267,0.0
1296,2022-01-26 08:00:00,11.0,0.011799650586060695,0.0
1297,2022-01-26 09:00:00,11.0,0.0,0.0
1298,2022-01-26 10:00:00,11.0,0.0,0.0
1299,2022-01-26 11:00:00,11.0,0.0,0.0
1300,2022-01-26 12:00:00,11.0,0.0,0.0
1301,2022-01-26 13:00:00,11.0,0.0,0.0
1302,2022-01-26 14:00:00,11.0,0.0,0.0
1303,2022-01-26 15:00:00,11.0,0.0,0.0
1304,2022-01-26 16:00:00,11.0,0.0,0.0
1305,2022-01-26 17:00:00,11.0,0.0,0.0
1306,2022-01-26 18:00:00,11.0,0.0,0.0
1307,2022-01-26 19:00:00,11.0,0.0,0.0
1308,2022-01-26 20:00:00,11.0,0.0,0.0
1309,2022-01-26 21:00:00,11.0,0.0,0.0
1310,2022-01-26 22:00:00,11.0,0.0,0.0
1311,2022-01-26 23:00:00,11.0,0.0,0.0
1312,2022-01-27 00:00:00,11.0,0.0,0.0
