When,cam_temp
2019-12-09 13:00:00,1.971568627450981
2019-12-09 14:00:00,1.971568627450981
2019-12-09 17:00:00,-0.8449019607843138
2019-12-09 18:00:00,-0.8449019607843138
2019-12-09 22:00:00,-1.3554901960784316
2019-12-10 01:00:00,-2.201764705882353
2019-12-10 02:00:00,-2.035490196078431
2019-12-12 00:00:00,-2.4205882352941175
2019-12-12 07:00:00,-2.4080392156862747
2019-12-13 02:00:00,-4.4715686274509805
2019-12-13 04:00:00,-4.601764705882353
2019-12-14 01:00:00,-4.524901960784313
2019-12-14 02:00:00,-4.677058823529412
2019-12-14 10:00:00,0.5613725490196079
2019-12-15 12:00:00,2.719803921568627
2019-12-15 13:00:00,2.202941176470588
2019-12-15 17:00:00,-0.18686274509803924
2019-12-16 02:00:00,0.37549019607843137
2019-12-16 06:00:00,2.8013725490196073
2019-12-16 08:00:00,2.621764705882353
2019-12-16 12:00:00,4.402156862745098
2019-12-16 14:00:00,4.9974509803921565
2019-12-16 16:00:00,4.220196078431373
2019-12-16 17:00:00,4.061764705882353
2019-12-16 19:00:00,4.759019607843137
2019-12-16 20:00:00,4.388039215686275
2019-12-17 07:00:00,5.785686274509803
2019-12-17 11:00:00,6.228039215686274
2019-12-17 20:00:00,7.1135294117647065
2019-12-18 00:00:00,7.807647058823529
2019-12-18 14:00:00,8.407647058823532
2019-12-18 22:00:00,5.669607843137255
2019-12-19 00:00:00,5.65705882352941
2019-12-19 02:00:00,4.9017647058823535
2019-12-19 06:00:00,5.7001960784313725
2019-12-19 08:00:00,5.9974509803921565
2019-12-19 10:00:00,6.006862745098037
2019-12-19 11:00:00,5.757450980392157
2019-12-19 12:00:00,6.64764705882353
2019-12-20 02:00:00,5.520588235294117
2019-12-20 04:00:00,6.222549019607845
2019-12-20 12:00:00,5.999803921568627
2019-12-20 14:00:00,5.126078431372548
2019-12-20 17:00:00,3.0398039215686268
2019-12-22 02:00:00,0.6845098039215686
2019-12-23 00:00:00,-1.501372549019608
2019-12-23 01:00:00,-1.3656862745098037
2019-12-23 07:00:00,-1.2472549019607841
2019-12-23 12:00:00,0.29
2019-12-23 16:00:00,-0.742156862745098
2019-12-23 22:00:00,-1.082549019607843
2019-12-24 06:00:00,-1.0794117647058825
2019-12-24 15:00:00,0.5331372549019606
2019-12-24 18:00:00,-0.506078431372549
2019-12-24 21:00:00,-0.8441176470588236
2019-12-25 08:00:00,0.016274509803921564
2019-12-25 13:00:00,0.9794117647058823
2019-12-25 20:00:00,-0.7954901960784315
2019-12-25 22:00:00,-1.6888235294117644
2019-12-26 00:00:00,-2.174313725490196
2019-12-26 07:00:00,-6.027647058823531
2019-12-26 16:00:00,-1.75
2019-12-26 20:00:00,-3.1256862745098037
2019-12-26 22:00:00,-3.0598039215686272
2019-12-27 00:00:00,-2.9594117647058824
2019-12-27 03:00:00,-2.757058823529412
2019-12-27 05:00:00,-1.2111764705882353
2019-12-27 16:00:00,-0.1303921568627451
2019-12-27 21:00:00,-0.41588235294117654
2019-12-28 14:00:00,-6.306862745098039
2019-12-28 15:00:00,-6.059803921568626
2019-12-28 17:00:00,-7.666862745098039
2019-12-29 16:00:00,-6.879411764705882
2019-12-29 19:00:00,-6.324901960784314
2019-12-30 07:00:00,-5.313137254901961
2019-12-30 14:00:00,-5.712352941176471
2019-12-30 16:00:00,-6.183725490196078
2019-12-31 07:00:00,-4.050392156862745
2019-12-31 08:00:00,-4.595490196078431
2019-12-31 11:00:00,0.2445098039215686
2019-12-31 13:00:00,-3.1868627450980394
2019-12-31 14:00:00,-2.7703921568627456
2019-12-31 15:00:00,-1.8276470588235296
2019-12-31 21:00:00,-5.882549019607844
2020-01-01 00:00:00,-6.251960784313725
2020-01-01 01:00:00,-7.020588235294117
2020-01-01 02:00:00,-6.807254901960785
2020-01-01 03:00:00,-4.482549019607843
2020-01-01 04:00:00,-4.9766666666666675
2020-01-01 05:00:00,-5.568823529411766
2020-01-01 06:00:00,-5.533529411764707
2020-01-01 07:00:00,-5.626078431372551
2020-01-01 08:00:00,-5.528823529411765
2020-01-01 09:00:00,-6.43
2020-01-01 10:00:00,-5.236274509803921
2020-01-01 11:00:00,-0.4527450980392157
2020-01-01 12:00:00,-4.1201960784313725
2020-01-01 13:00:00,-5.833137254901961
2020-01-01 14:00:00,-7.540588235294116
2020-01-01 15:00:00,-6.841764705882353
2020-01-01 16:00:00,-6.538235294117647
2020-01-01 17:00:00,-6.555490196078432
2020-01-01 18:00:00,-7.658235294117647
2020-01-01 19:00:00,-4.953137254901961
2020-01-01 20:00:00,-5.070784313725491
2020-01-01 21:00:00,-4.960196078431372
2020-01-01 22:00:00,-5.680196078431372
2020-01-01 23:00:00,-5.617450980392157
2020-01-02 00:00:00,-6.912352941176469
2020-01-02 01:00:00,-6.715490196078431
2020-01-02 02:00:00,-6.942941176470588
2020-01-02 03:00:00,-6.880196078431373
2020-01-02 04:00:00,-7.517843137254903
2020-01-02 05:00:00,-6.50921568627451
2020-01-02 06:00:00,-6.06607843137255
2020-01-02 07:00:00,-5.603333333333333
2020-01-02 08:00:00,-4.866078431372549
2020-01-02 09:00:00,-6.044901960784314
2020-01-02 10:00:00,-0.32176470588235295
2020-01-02 11:00:00,1.158235294117647
2020-01-02 12:00:00,0.8735294117647058
2020-01-02 13:00:00,0.946470588235294
2020-01-02 14:00:00,-5.681764705882354
2020-01-02 15:00:00,-3.11156862745098
2020-01-02 16:00:00,-0.9750980392156864
2020-01-02 17:00:00,-5.145294117647058
2020-01-02 18:00:00,-7.0401960784313715
2020-01-02 19:00:00,-5.2700000000000005
2020-01-02 20:00:00,-5.692745098039215
2020-01-02 21:00:00,-5.862941176470588
2020-01-02 22:00:00,-5.643333333333334
2020-01-02 23:00:00,-3.8558823529411765
2020-01-03 00:00:00,-3.6049019607843142
2020-01-03 01:00:00,-2.814313725490196
2020-01-03 02:00:00,-2.505294117647059
2020-01-03 03:00:00,-3.1554901960784307
2020-01-03 04:00:00,-3.517843137254903
2020-01-03 05:00:00,-2.4472549019607843
2020-01-03 06:00:00,-3.085686274509804
2020-01-03 07:00:00,-2.6715686274509802
2020-01-03 08:00:00,-2.8801960784313727
2020-01-03 09:00:00,-1.43078431372549
2020-01-03 10:00:00,-0.8825490196078429
2020-01-03 11:00:00,-0.978235294117647
2020-01-03 12:00:00,0.4413725490196078
2020-01-03 13:00:00,0.4429411764705882
2020-01-03 14:00:00,-0.29980392156862745
2020-01-03 15:00:00,-1.506078431372549
2020-01-03 16:00:00,-3.241764705882352
2020-01-03 17:00:00,-2.6872549019607845
2020-01-03 18:00:00,-4.195490196078432
2020-01-03 19:00:00,-3.4739215686274507
2020-01-03 20:00:00,-2.4409803921568627
2020-01-03 21:00:00,-3.4739215686274507
2020-01-03 22:00:00,-1.5664705882352936
2020-01-03 23:00:00,-1.2370588235294118
2020-01-04 00:00:00,-1.1727450980392158
2020-01-04 01:00:00,-0.5484313725490196
2020-01-04 02:00:00,-1.3468627450980393
2020-01-04 03:00:00,-0.986078431372549
2020-01-04 04:00:00,-0.8276470588235294
2020-01-04 05:00:00,-0.8998039215686274
2020-01-04 06:00:00,-0.7805882352941177
2020-01-04 07:00:00,-0.8127450980392156
2020-01-04 08:00:00,-0.4103921568627451
2020-01-04 09:00:00,-0.3531372549019608
2020-01-04 10:00:00,0.01549019607843137
2020-01-04 11:00:00,1.8868627450980395
2020-01-04 12:00:00,1.542549019607843
2020-01-04 13:00:00,2.6076470588235297
2020-01-04 14:00:00,1.1401960784313725
2020-01-04 15:00:00,1.0813725490196078
2020-01-04 16:00:00,1.4852941176470589
2020-01-04 17:00:00,0.8484313725490198
2020-01-04 18:00:00,0.4696078431372549
2020-01-04 19:00:00,0.6343137254901962
2020-01-04 20:00:00,0.47666666666666674
2020-01-04 21:00:00,0.47666666666666674
2020-01-04 22:00:00,-0.0033333333333333275
2020-01-04 23:00:00,0.13156862745098039
2020-01-05 00:00:00,-0.4072549019607844
2020-01-05 01:00:00,-1.5005882352941173
2020-01-05 02:00:00,-1.7296078431372548
2020-01-05 03:00:00,-2.244117647058824
2020-01-05 04:00:00,-1.8519607843137256
2020-01-05 05:00:00,-2.0103921568627454
2020-01-05 06:00:00,-1.938235294117647
2020-01-05 07:00:00,-1.9703921568627447
2020-01-05 08:00:00,-1.6378431372549016
2020-01-05 09:00:00,-3.0519607843137257
2020-01-05 10:00:00,-3.0166666666666666
2020-01-05 11:00:00,-1.478627450980392
2020-01-05 12:00:00,-4.42607843137255
2020-01-05 13:00:00,-4.997058823529412
2020-01-05 14:00:00,-5.6550980392156855
2020-01-05 15:00:00,-6.440196078431373
2020-01-05 16:00:00,-6.696666666666666
2020-01-05 17:00:00,-6.695882352941176
2020-01-05 18:00:00,-5.508431372549019
2020-01-05 19:00:00,-5.9225490196078425
2020-01-05 20:00:00,-6.141372549019609
2020-01-05 21:00:00,-5.4056862745098035
2020-01-05 22:00:00,-5.724117647058824
2020-01-05 23:00:00,-5.99313725490196
2020-01-06 00:00:00,-5.678627450980392
2020-01-06 01:00:00,-6.165686274509805
2020-01-06 02:00:00,-5.583725490196077
2020-01-06 03:00:00,-6.331960784313726
2020-01-06 04:00:00,-7.122549019607843
2020-01-06 05:00:00,-6.963333333333333
2020-01-06 06:00:00,-6.7750980392156865
2020-01-06 07:00:00,-6.449607843137254
2020-01-06 08:00:00,-5.743725490196079
2020-01-06 09:00:00,-5.096666666666668
2020-01-06 10:00:00,-4.579803921568628
2020-01-06 11:00:00,-0.36098039215686273
2020-01-06 12:00:00,-2.6339215686274513
2020-01-06 13:00:00,-3.6794117647058826
2020-01-06 14:00:00,-4.416666666666667
2020-01-06 15:00:00,-5.066078431372549
2020-01-06 16:00:00,-4.379019607843137
2020-01-06 17:00:00,-5.391568627450981
2020-01-06 18:00:00,-4.495098039215687
2020-01-06 19:00:00,-6.539803921568628
2020-01-06 20:00:00,-5.6135294117647065
2020-01-06 21:00:00,-3.9633333333333334
2020-01-06 22:00:00,-3.9939215686274507
2020-01-06 23:00:00,-3.91
2020-01-07 00:00:00,-4.7107843137254894
2020-01-07 01:00:00,-4.524117647058824
2020-01-07 02:00:00,-3.899803921568627
2020-01-07 03:00:00,-4.59
2020-01-07 04:00:00,-4.5994117647058825
2020-01-07 05:00:00,-5.312352941176471
2020-01-07 06:00:00,-2.4386274509803925
2020-01-07 07:00:00,-3.8794117647058823
2020-01-07 08:00:00,-4.540588235294117
2020-01-07 09:00:00,-3.5727450980392157
2020-01-07 10:00:00,-2.2347058823529413
2020-01-07 11:00:00,1.7535294117647058
2020-01-07 12:00:00,-1.262156862745098
2020-01-07 13:00:00,-3.7876470588235294
2020-01-07 14:00:00,-3.9782352941176464
2020-01-07 15:00:00,-2.4394117647058824
2020-01-07 16:00:00,-1.6245098039215689
2020-01-07 17:00:00,-2.7107843137254903
2020-01-07 18:00:00,-3.2221568627450976
2020-01-07 19:00:00,-3.9978431372549017
2020-01-07 20:00:00,-3.3264705882352943
2020-01-07 21:00:00,-4.851960784313725
2020-01-07 22:00:00,-5.708431372549019
2020-01-07 23:00:00,-6.31235294117647
2020-01-08 00:00:00,-3.867647058823529
2020-01-08 01:00:00,-5.07392156862745
2020-01-08 02:00:00,-4.457450980392157
2020-01-08 03:00:00,-5.060588235294117
2020-01-08 04:00:00,-4.084901960784314
2020-01-08 05:00:00,-5.168823529411765
2020-01-08 06:00:00,-4.813529411764706
2020-01-08 07:00:00,-4.490392156862746
2020-01-08 08:00:00,-4.904509803921568
2020-01-08 09:00:00,-4.889607843137254
2020-01-08 10:00:00,-4.376666666666667
2020-01-08 11:00:00,-0.1131372549019608
2020-01-08 12:00:00,-1.6590196078431376
2020-01-08 13:00:00,-2.845686274509804
2020-01-08 14:00:00,-2.3876470588235295
2020-01-08 15:00:00,-2.954705882352941
2020-01-08 16:00:00,-3.856666666666666
2020-01-08 17:00:00,-5.1743137254901965
2020-01-08 18:00:00,-5.096666666666667
2020-01-08 19:00:00,-5.6731372549019605
2020-01-08 20:00:00,-5.455098039215686
2020-01-08 21:00:00,-4.447254901960785
2020-01-08 22:00:00,-5.465294117647058
2020-01-08 23:00:00,-5.438627450980392
2020-01-09 00:00:00,-5.617450980392157
2020-01-09 01:00:00,-5.50686274509804
2020-01-09 02:00:00,-5.848039215686274
2020-01-09 03:00:00,-5.663725490196077
2020-01-09 04:00:00,-3.8284313725490198
2020-01-09 05:00:00,-2.9319607843137256
2020-01-09 06:00:00,-3.956274509803922
2020-01-09 07:00:00,-4.503725490196079
2020-01-09 08:00:00,-3.757843137254902
2020-01-09 09:00:00,-3.1578431372549027
2020-01-09 10:00:00,-2.395490196078431
2020-01-09 11:00:00,0.14725490196078428
2020-01-09 12:00:00,-0.7052941176470591
2020-01-09 13:00:00,-1.165686274509804
2020-01-09 14:00:00,-0.8966666666666667
2020-01-09 15:00:00,-1.8566666666666667
2020-01-09 16:00:00,-2.1327450980392157
2020-01-09 17:00:00,-3.6174509803921566
2020-01-09 18:00:00,-5.1445098039215695
2020-01-09 19:00:00,-4.722549019607843
2020-01-09 20:00:00,-5.684117647058824
2020-01-09 21:00:00,-4.033921568627451
2020-01-09 22:00:00,0.7731372549019606
2020-01-09 23:00:00,1.05
2020-01-10 00:00:00,-4.873921568627451
2020-01-10 01:00:00,-5.157843137254902
2020-01-10 02:00:00,-6.490392156862746
2020-01-10 03:00:00,-6.3656862745098035
2020-01-10 04:00:00,-4.977450980392157
2020-01-10 05:00:00,-3.692745098039216
2020-01-10 06:00:00,-2.896666666666667
2020-01-10 07:00:00,-2.666078431372549
2020-01-10 08:00:00,-3.8503921568627457
2020-01-10 09:00:00,-2.5539215686274503
2020-01-10 10:00:00,-1.3123529411764705
2020-01-10 11:00:00,1.9182352941176468
2020-01-10 12:00:00,-0.8629411764705883
2020-01-10 13:00:00,-2.8472549019607847
2020-01-10 14:00:00,-2.016666666666666
2020-01-10 15:00:00,0.0531372549019608
2020-01-10 16:00:00,-1.545294117647059
2020-01-10 17:00:00,-1.5468627450980392
2020-01-10 18:00:00,-1.1241176470588234
2020-01-10 19:00:00,-1.5939215686274508
2020-01-10 20:00:00,-2.8872549019607843
2020-01-10 21:00:00,-3.200196078431372
2020-01-10 22:00:00,-3.1570588235294115
2020-01-10 23:00:00,-2.859803921568628
2020-01-11 00:00:00,-3.9029411764705886
2020-01-11 01:00:00,-4.6770588235294115
2020-01-11 02:00:00,-4.14921568627451
2020-01-11 03:00:00,-3.1209803921568624
2020-01-11 04:00:00,-1.5609803921568628
2020-01-11 05:00:00,-1.4166666666666667
2020-01-11 06:00:00,-2.4119607843137256
2020-01-11 07:00:00,-4.574313725490195
2020-01-11 08:00:00,-4.859803921568628
2020-01-11 09:00:00,-4.6472549019607845
2020-01-11 10:00:00,-5.655882352941178
2020-01-11 11:00:00,0.7935294117647057
2020-01-11 12:00:00,-3.8629411764705885
2020-01-11 13:00:00,-5.227647058823529
2020-01-11 14:00:00,-6.336666666666666
2020-01-11 15:00:00,-6.746862745098039
2020-01-11 16:00:00,-7.1962745098039225
2020-01-11 17:00:00,-5.733529411764707
2020-01-11 18:00:00,-5.679411764705882
2020-01-11 19:00:00,-6.993921568627451
2020-01-11 20:00:00,-6.568039215686274
2020-01-11 21:00:00,-6.520196078431372
2020-01-11 22:00:00,-7.278627450980392
2020-01-11 23:00:00,-6.79
2020-01-12 00:00:00,-7.590000000000001
2020-01-12 01:00:00,-7.211960784313725
2020-01-12 02:00:00,-7.707647058823529
2020-01-12 03:00:00,-7.094313725490195
2020-01-12 04:00:00,-7.782156862745096
2020-01-12 05:00:00,-7.75
2020-01-12 06:00:00,-7.9147058823529415
2020-01-12 07:00:00,-8.536666666666667
2020-01-12 08:00:00,-7.83078431372549
2020-01-12 09:00:00,-7.691960784313726
2020-01-12 10:00:00,-6.314705882352942
2020-01-12 11:00:00,-0.32647058823529407
2020-01-12 12:00:00,-3.2315686274509803
2020-01-12 13:00:00,-5.553921568627452
2020-01-12 14:00:00,-6.064509803921568
2020-01-12 15:00:00,-5.495882352941176
2020-01-12 16:00:00,-6.159411764705882
2020-01-12 17:00:00,-6.068431372549021
2020-01-12 18:00:00,-6.709999999999998
2020-01-12 19:00:00,-6.240196078431373
2020-01-12 20:00:00,-6.518627450980392
2020-01-12 21:00:00,-6.637843137254903
2020-01-12 22:00:00,-7.429999999999999
2020-01-12 23:00:00,-6.681764705882353
2020-01-13 00:00:00,-5.394705882352941
2020-01-13 01:00:00,-5.742941176470589
2020-01-13 02:00:00,-7.006470588235294
2020-01-13 03:00:00,-6.086470588235294
2020-01-13 04:00:00,-6.4715686274509805
2020-01-13 05:00:00,-5.982156862745098
2020-01-13 06:00:00,-5.931960784313726
2020-01-13 07:00:00,-6.7350980392156865
2020-01-13 08:00:00,-6.309215686274509
2020-01-13 09:00:00,-5.033137254901961
2020-01-13 10:00:00,-3.974313725490196
2020-01-13 11:00:00,0.7009803921568627
2020-01-13 12:00:00,-0.5052941176470589
2020-01-13 13:00:00,-0.7092156862745097
2020-01-13 14:00:00,-2.216666666666667
2020-01-13 15:00:00,-1.798627450980392
2020-01-13 16:00:00,-5.342941176470588
2020-01-13 17:00:00,-6.805686274509803
2020-01-13 18:00:00,-4.165686274509803
2020-01-13 19:00:00,-5.020588235294118
2020-01-13 20:00:00,-5.39470588235294
2020-01-13 21:00:00,-5.499019607843137
2020-01-13 22:00:00,-5.517058823529412
2020-01-13 23:00:00,-6.049607843137253
2020-01-14 00:00:00,-6.4378431372549025
2020-01-14 01:00:00,-6.1060784313725485
2020-01-14 02:00:00,-6.1641176470588235
2020-01-14 03:00:00,-5.996274509803922
2020-01-14 04:00:00,-6.990784313725491
2020-01-14 05:00:00,-6.308431372549019
2020-01-14 06:00:00,-6.339019607843136
2020-01-14 07:00:00,-6.314705882352942
2020-01-14 08:00:00,-6.975098039215687
2020-01-14 09:00:00,-5.712352941176473
2020-01-14 10:00:00,-5.249607843137256
2020-01-14 11:00:00,0.726862745098039
2020-01-14 12:00:00,-2.9758823529411766
2020-01-14 13:00:00,-2.995490196078432
2020-01-14 14:00:00,-1.9154901960784314
2020-01-14 15:00:00,-4.1303921568627455
2020-01-14 16:00:00,-4.568823529411765
2020-01-14 17:00:00,-5.8449019607843145
2020-01-14 18:00:00,-4.930392156862745
2020-01-14 19:00:00,-5.884117647058824
2020-01-14 20:00:00,-4.930392156862745
2020-01-14 21:00:00,-4.899019607843137
2020-01-14 22:00:00,-5.517058823529412
2020-01-14 23:00:00,-5.492745098039215
2020-01-15 00:00:00,-6.283333333333333
2020-01-15 01:00:00,-7.142156862745099
2020-01-15 02:00:00,-6.8166666666666655
2020-01-15 03:00:00,-4.259019607843137
2020-01-15 04:00:00,-4.7249019607843135
2020-01-15 05:00:00,-5.333529411764705
2020-01-15 06:00:00,-4.977450980392157
2020-01-15 07:00:00,-5.31235294117647
2020-01-15 08:00:00,-5.4417647058823535
2020-01-15 09:00:00,-4.710000000000001
2020-01-15 10:00:00,-3.524117647058824
2020-01-15 11:00:00,0.6664705882352941
2020-01-15 12:00:00,-1.2001960784313723
2020-01-15 13:00:00,-3.99156862745098
2020-01-15 14:00:00,-4.127254901960785
2020-01-15 15:00:00,-5.246470588235294
2020-01-15 16:00:00,-3.6049019607843142
2020-01-15 17:00:00,-5.117843137254901
2020-01-15 18:00:00,-5.837058823529412
2020-01-15 19:00:00,-6.447254901960784
2020-01-15 20:00:00,-6.435490196078433
2020-01-15 21:00:00,-4.157843137254901
2020-01-15 22:00:00,-4.318627450980393
2020-01-15 23:00:00,-4.240196078431373
2020-01-16 00:00:00,-4.720196078431373
2020-01-16 01:00:00,-5.234705882352942
2020-01-16 02:00:00,-5.339019607843138
2020-01-16 03:00:00,-4.024509803921569
2020-01-16 04:00:00,-4.571960784313726
2020-01-16 05:00:00,-4.637058823529412
2020-01-16 06:00:00,-3.6401960784313725
2020-01-16 07:00:00,-3.7413725490196073
2020-01-16 08:00:00,-4.274705882352942
2020-01-16 09:00:00,-4.880196078431372
2020-01-16 10:00:00,-4.022941176470588
2020-01-16 11:00:00,1.1849019607843139
2020-01-16 12:00:00,0.3237254901960784
2020-01-16 13:00:00,-2.725686274509804
2020-01-16 14:00:00,-4.348431372549019
2020-01-16 15:00:00,-5.325686274509804
2020-01-16 16:00:00,-5.444117647058823
2020-01-16 17:00:00,-5.737450980392157
2020-01-16 18:00:00,-5.4872549019607835
2020-01-16 19:00:00,-6.763333333333334
2020-01-16 20:00:00,-4.793921568627451
2020-01-16 21:00:00,-4.720980392156863
2020-01-16 22:00:00,-5.512352941176471
2020-01-16 23:00:00,-5.46607843137255
2020-01-17 00:00:00,-5.423725490196078
2020-01-17 01:00:00,-5.7170588235294115
2020-01-17 02:00:00,-5.880980392156864
2020-01-17 03:00:00,-5.653529411764706
2020-01-17 04:00:00,-6.684117647058824
2020-01-17 05:00:00,-6.237058823529412
2020-01-17 06:00:00,-5.904509803921569
2020-01-17 07:00:00,-6.441764705882352
2020-01-17 08:00:00,-6.854313725490197
2020-01-17 09:00:00,-6.122549019607843
2020-01-17 10:00:00,-4.272352941176471
2020-01-17 11:00:00,2.8445098039215693
2020-01-17 12:00:00,2.732352941176471
2020-01-17 13:00:00,0.5707843137254902
2020-01-17 14:00:00,1.741764705882353
2020-01-17 15:00:00,0.4390196078431372
2020-01-17 16:00:00,-1.3900000000000003
2020-01-17 17:00:00,-2.2237254901960783
2020-01-17 18:00:00,-2.8958823529411766
2020-01-17 19:00:00,-3.4582352941176473
2020-01-17 20:00:00,-3.366470588235294
2020-01-17 21:00:00,-3.316274509803922
2020-01-17 22:00:00,-3.0739215686274513
2020-01-17 23:00:00,-3.277058823529411
2020-01-18 00:00:00,-4.079411764705882
2020-01-18 01:00:00,-4.18843137254902
2020-01-18 02:00:00,-3.3311764705882356
2020-01-18 03:00:00,-4.266078431372549
2020-01-18 04:00:00,-1.9696078431372548
2020-01-18 05:00:00,-2.538235294117647
2020-01-18 06:00:00,-2.2511764705882356
2020-01-18 07:00:00,-2.4598039215686276
2020-01-18 08:00:00,-1.854313725490196
2020-01-18 09:00:00,-2.932745098039216
2020-01-18 10:00:00,-1.9829411764705882
2020-01-18 11:00:00,-1.5656862745098032
2020-01-18 12:00:00,-1.6441176470588235
2020-01-18 13:00:00,-0.6370588235294118
2020-01-18 14:00:00,-1.3045098039215686
2020-01-18 15:00:00,-2.2001960784313725
2020-01-18 16:00:00,-5.080196078431372
2020-01-18 17:00:00,-5.249607843137254
2020-01-18 18:00:00,-4.999411764705882
2020-01-18 19:00:00,-5.044117647058823
2020-01-18 20:00:00,-7.266078431372549
2020-01-18 21:00:00,-9.136666666666667
2020-01-18 22:00:00,-9.815882352941175
2020-01-18 23:00:00,-11.735098039215684
2020-01-19 00:00:00,-10.586078431372549
2020-01-19 01:00:00,-6.95156862745098
2020-01-19 02:00:00,-6.821372549019608
2020-01-19 03:00:00,-5.970392156862745
2020-01-19 04:00:00,-6.410392156862744
2020-01-19 05:00:00,-6.644117647058823
2020-01-19 06:00:00,-7.62921568627451
2020-01-19 07:00:00,-9.86607843137255
2020-01-19 08:00:00,-12.283333333333335
2020-01-19 09:00:00,-13.213529411764705
2020-01-19 10:00:00,-10.226862745098037
2020-01-19 11:00:00,-3.664509803921568
2020-01-19 12:00:00,-4.714705882352941
2020-01-19 13:00:00,-4.521764705882353
2020-01-19 14:00:00,-4.850392156862745
2020-01-19 15:00:00,-6.38843137254902
2020-01-19 16:00:00,-4.573529411764706
2020-01-19 17:00:00,-5.419019607843137
2020-01-19 18:00:00,-5.66921568627451
2020-01-19 19:00:00,-6.3374509803921555
2020-01-19 20:00:00,-8.484117647058824
2020-01-19 21:00:00,-11.444117647058825
2020-01-19 22:00:00,-12.651176470588235
2020-01-19 23:00:00,-14.211960784313726
2020-01-20 00:00:00,-14.804117647058824
2020-01-20 01:00:00,-14.392352941176474
2020-01-20 02:00:00,-14.8221568627451
2020-01-20 03:00:00,-14.392352941176474
2020-01-20 04:00:00,-13.594705882352942
2020-01-20 05:00:00,-15.077843137254902
2020-01-20 06:00:00,-15.408039215686273
2020-01-20 07:00:00,-15.994705882352944
2020-01-20 08:00:00,-15.615098039215686
2020-01-20 09:00:00,-15.799411764705884
2020-01-20 10:00:00,-14.361764705882354
2020-01-20 11:00:00,-6.601764705882353
2020-01-20 12:00:00,-6.337450980392156
2020-01-20 13:00:00,-12.719411764705882
2020-01-20 14:00:00,-11.62686274509804
2020-01-20 15:00:00,-12.491176470588238
2020-01-20 16:00:00,-12.642549019607845
2020-01-20 17:00:00,-14.318627450980392
2020-01-20 18:00:00,-11.186862745098043
2020-01-20 19:00:00,-5.7249019607843135
2020-01-20 20:00:00,-6.015882352941176
2020-01-20 21:00:00,-5.931960784313725
2020-01-20 22:00:00,-5.998627450980391
2020-01-20 23:00:00,-4.7986274509803915
2020-01-21 00:00:00,-5.47156862745098
2020-01-21 01:00:00,-4.921764705882353
2020-01-21 02:00:00,-4.420588235294117
2020-01-21 03:00:00,-9.292745098039216
2020-01-21 04:00:00,-10.026078431372548
2020-01-21 05:00:00,-10.447254901960786
2020-01-21 06:00:00,-10.130392156862746
2020-01-21 07:00:00,-10.756274509803923
2020-01-21 08:00:00,-11.055882352941179
2020-01-21 09:00:00,-10.409607843137255
2020-01-21 10:00:00,-8.971176470588237
2020-01-21 11:00:00,-1.5162745098039219
2020-01-21 12:00:00,-0.9405882352941177
2020-01-21 13:00:00,-2.732745098039216
2020-01-21 14:00:00,-5.440196078431373
2020-01-21 15:00:00,-5.47392156862745
2020-01-21 16:00:00,-3.9468627450980396
2020-01-21 17:00:00,0.3652941176470588
2020-01-21 18:00:00,0.641372549019608
2020-01-21 19:00:00,0.0037254901960784097
2020-01-21 20:00:00,0.9111764705882353
2020-01-21 21:00:00,1.3292156862745097
2020-01-21 22:00:00,1.3401960784313725
2020-01-21 23:00:00,1.3801960784313725
2020-01-22 00:00:00,1.214705882352941
2020-01-22 01:00:00,1.271176470588235
2020-01-22 02:00:00,0.18725490196078426
2020-01-22 03:00:00,1.1817647058823528
2020-01-22 04:00:00,0.5347058823529411
2020-01-22 05:00:00,1.0829411764705883
2020-01-22 06:00:00,-1.9405882352941177
2020-01-22 07:00:00,-3.658235294117647
2020-01-22 08:00:00,-5.35313725490196
2020-01-22 09:00:00,-5.392352941176472
2020-01-22 10:00:00,-5.287254901960784
2020-01-22 11:00:00,-0.08725490196078425
2020-01-22 12:00:00,2.791176470588235
2020-01-22 13:00:00,-3.2856862745098034
2020-01-22 14:00:00,-5.142941176470589
2020-01-22 15:00:00,-5.313137254901961
2020-01-22 16:00:00,-6.403333333333334
2020-01-22 17:00:00,-7.845686274509803
2020-01-22 18:00:00,-8.316274509803922
2020-01-22 19:00:00,-8.207254901960784
2020-01-22 20:00:00,-8.702941176470588
2020-01-22 21:00:00,-7.449607843137255
2020-01-22 22:00:00,-7.66607843137255
2020-01-22 23:00:00,-6.308431372549019
2020-01-23 00:00:00,-6.905294117647058
2020-01-23 01:00:00,-6.681764705882353
2020-01-23 02:00:00,-7.237058823529412
2020-01-23 03:00:00,-6.524901960784312
2020-01-23 04:00:00,-6.211960784313725
2020-01-23 05:00:00,-6.578235294117647
2020-01-23 06:00:00,-5.738235294117648
2020-01-23 07:00:00,-6.963333333333332
2020-01-23 08:00:00,-6.91078431372549
2020-01-23 09:00:00,-8.062941176470586
2020-01-23 10:00:00,-7.558627450980392
2020-01-23 11:00:00,-1.529607843137255
2020-01-23 12:00:00,4.575490196078431
2020-01-23 13:00:00,2.617058823529412
2020-01-23 14:00:00,1.5268627450980392
2020-01-23 15:00:00,2.2445098039215687
2020-01-23 16:00:00,2.893921568627451
2020-01-23 17:00:00,1.5527450980392157
2020-01-23 18:00:00,0.5849019607843138
2020-01-23 19:00:00,0.5896078431372549
2020-01-23 20:00:00,-0.16725490196078419
2020-01-23 21:00:00,0.16686274509803928
2020-01-23 22:00:00,-4.914705882352941
2020-01-23 23:00:00,-7.057450980392156
2020-01-24 00:00:00,-4.106862745098039
2020-01-24 01:00:00,-4.342941176470588
2020-01-24 02:00:00,-4.474705882352941
2020-01-24 03:00:00,-4.089607843137255
2020-01-24 04:00:00,-5.025294117647058
2020-01-24 05:00:00,-5.091176470588235
2020-01-24 06:00:00,-5.299019607843137
2020-01-24 07:00:00,-4.695882352941177
2020-01-24 08:00:00,-4.354705882352941
2020-01-24 09:00:00,-4.182156862745098
2020-01-24 10:00:00,-3.2590196078431375
2020-01-24 11:00:00,-1.8174509803921568
2020-01-24 12:00:00,0.5550980392156862
2020-01-24 13:00:00,-1.4182352941176468
2020-01-24 14:00:00,-1.9060784313725492
2020-01-24 15:00:00,-2.166470588235294
2020-01-24 16:00:00,-2.6825490196078428
2020-01-24 17:00:00,-3.716274509803922
2020-01-24 18:00:00,-4.834705882352941
2020-01-24 19:00:00,-4.3500000000000005
2020-01-24 20:00:00,-5.0401960784313715
2020-01-24 21:00:00,-5.004117647058823
2020-01-24 22:00:00,-4.964901960784314
2020-01-24 23:00:00,-4.997843137254901
2020-01-25 00:00:00,-5.225294117647059
2020-01-25 01:00:00,-6.62843137254902
2020-01-25 02:00:00,-7.323333333333335
2020-01-25 03:00:00,-6.491960784313725
2020-01-25 04:00:00,-5.089607843137255
2020-01-25 05:00:00,-5.256666666666666
2020-01-25 06:00:00,-4.676274509803922
2020-01-25 07:00:00,-5.602549019607843
2020-01-25 08:00:00,-5.335882352941177
2020-01-25 09:00:00,-4.698235294117647
2020-01-25 10:00:00,-4.433921568627451
2020-01-25 11:00:00,-0.8684313725490197
2020-01-25 12:00:00,1.865686274509804
2020-01-25 13:00:00,-1.4527450980392154
2020-01-25 14:00:00,-2.083333333333333
2020-01-25 15:00:00,-2.0645098039215686
2020-01-25 16:00:00,-1.9045098039215684
2020-01-25 17:00:00,-3.7484313725490193
2020-01-25 18:00:00,-4.546862745098039
2020-01-25 19:00:00,-5.197843137254901
2020-01-25 20:00:00,-5.438627450980391
2020-01-25 21:00:00,-4.424509803921568
2020-01-25 22:00:00,-5.152352941176471
2020-01-25 23:00:00,-5.19
2020-01-26 00:00:00,-5.66607843137255
2020-01-26 01:00:00,-7.325686274509804
2020-01-26 02:00:00,-4.648823529411764
2020-01-26 03:00:00,-4.570392156862746
2020-01-26 04:00:00,-5.141372549019607
2020-01-26 05:00:00,-3.5515686274509797
2020-01-26 06:00:00,-3.065294117647059
2020-01-26 07:00:00,-4.142941176470589
2020-01-26 08:00:00,-2.9711764705882358
2020-01-26 09:00:00,-4.203333333333333
2020-01-26 10:00:00,-4.4715686274509805
2020-01-26 11:00:00,-0.33588235294117647
2020-01-26 12:00:00,1.3535294117647059
2020-01-26 13:00:00,-1.9931372549019608
2020-01-26 14:00:00,-1.3617647058823532
2020-01-26 15:00:00,-0.9209803921568627
2020-01-26 16:00:00,-1.698235294117647
2020-01-26 17:00:00,-3.0080392156862743
2020-01-26 18:00:00,-2.450392156862745
2020-01-26 19:00:00,-2.561764705882353
2020-01-26 20:00:00,-3.4033333333333333
2020-01-26 21:00:00,-3.743725490196078
2020-01-26 22:00:00,-4.066862745098039
2020-01-26 23:00:00,-3.2880392156862746
2020-01-27 00:00:00,-4.366470588235295
2020-01-27 01:00:00,-5.672352941176471
2020-01-27 02:00:00,-6.859803921568628
2020-01-27 03:00:00,-6.433921568627451
2020-01-27 04:00:00,-3.848039215686275
2020-01-27 05:00:00,-4.220588235294117
2020-01-27 06:00:00,-4.771176470588236
2020-01-27 07:00:00,-5.429215686274509
2020-01-27 08:00:00,-4.823725490196079
2020-01-27 09:00:00,-4.881764705882353
2020-01-27 10:00:00,-1.5923529411764707
2020-01-27 11:00:00,2.306470588235294
2020-01-27 12:00:00,1.8570588235294119
2020-01-27 13:00:00,0.8233333333333333
2020-01-27 14:00:00,-0.641764705882353
2020-01-27 15:00:00,0.7119607843137256
2020-01-27 16:00:00,-1.6229411764705879
2020-01-27 17:00:00,-0.1217647058823529
2020-01-27 18:00:00,-0.8707843137254903
2020-01-27 19:00:00,-0.8001960784313726
2020-01-27 20:00:00,0.9660784313725491
2020-01-27 21:00:00,0.16058823529411761
2020-01-27 22:00:00,-0.3923529411764706
2020-01-27 23:00:00,-0.5280392156862745
2020-01-28 00:00:00,-0.513921568627451
2020-01-28 01:00:00,0.09313725490196079
2020-01-28 02:00:00,0.2531372549019607
2020-01-28 03:00:00,-0.2958823529411765
2020-01-28 04:00:00,-0.885686274509804
2020-01-28 05:00:00,-0.1601960784313726
2020-01-28 06:00:00,-0.15313725490196076
2020-01-28 07:00:00,-1.2064705882352942
2020-01-28 08:00:00,-0.7115686274509804
2020-01-28 09:00:00,0.2382352941176471
2020-01-28 10:00:00,0.11666666666666667
2020-01-28 11:00:00,-1.418235294117647
2020-01-28 12:00:00,-2.819803921568628
2020-01-28 13:00:00,-1.7727450980392156
2020-01-28 14:00:00,-1.6174509803921573
2020-01-28 15:00:00,-2.248039215686275
2020-01-28 16:00:00,-3.0935294117647056
2020-01-28 17:00:00,-3.340588235294117
2020-01-28 18:00:00,-3.0888235294117643
2020-01-28 19:00:00,-3.1735294117647057
2020-01-28 20:00:00,-3.006470588235294
2020-01-28 21:00:00,-2.851176470588235
2020-01-28 22:00:00,-2.826078431372549
2020-01-28 23:00:00,-3.5131372549019604
2020-01-29 00:00:00,-2.7939215686274506
2020-01-29 01:00:00,-3.130392156862745
2020-01-29 02:00:00,-2.7688235294117645
2020-01-29 03:00:00,-2.3774509803921573
2020-01-29 04:00:00,-1.8213725490196078
2020-01-29 05:00:00,-1.885686274509804
2020-01-29 06:00:00,-1.7876470588235294
2020-01-29 07:00:00,-2.506862745098039
2020-01-29 08:00:00,-2.9437254901960785
2020-01-29 09:00:00,-2.117843137254902
2020-01-29 10:00:00,-2.3162745098039217
2020-01-29 11:00:00,-1.862941176470588
2020-01-29 12:00:00,-1.9241176470588233
2020-01-29 13:00:00,-1.5343137254901962
2020-01-29 14:00:00,-1.719411764705882
2020-01-29 15:00:00,-1.673921568627451
2020-01-29 16:00:00,-1.7766666666666662
2020-01-29 17:00:00,-0.9068627450980393
2020-01-29 18:00:00,-1.9829411764705878
2020-01-29 19:00:00,-1.393921568627451
2020-01-29 20:00:00,-1.3970588235294121
2020-01-29 21:00:00,-1.6354901960784316
2020-01-29 22:00:00,-1.6919607843137254
2020-01-29 23:00:00,-3.946078431372549
2020-01-30 00:00:00,-5.219803921568628
2020-01-30 01:00:00,-6.810392156862746
2020-01-30 02:00:00,-6.432352941176471
2020-01-30 03:00:00,-7.19
2020-01-30 04:00:00,-8.119411764705882
2020-01-30 05:00:00,-7.864509803921569
2020-01-30 06:00:00,-7.543725490196079
2020-01-30 07:00:00,-6.853529411764705
2020-01-30 08:00:00,-8.062941176470588
2020-01-30 09:00:00,-8.125686274509805
2020-01-30 10:00:00,-7.217450980392156
2020-01-30 11:00:00,-2.339019607843137
2020-01-30 12:00:00,-0.5852941176470587
2020-01-30 13:00:00,-4.440980392156863
2020-01-30 14:00:00,-5.606470588235293
2020-01-30 15:00:00,-5.529607843137255
2020-01-30 16:00:00,-4.928039215686274
2020-01-30 17:00:00,-3.166470588235294
2020-01-30 18:00:00,-3.166470588235294
2020-01-30 19:00:00,-3.219803921568628
2020-01-30 20:00:00,-2.937450980392157
2020-01-30 21:00:00,-2.8786274509803924
2020-01-30 22:00:00,-2.7923529411764707
2020-01-30 23:00:00,-2.9727450980392147
2020-01-31 00:00:00,-2.7962745098039212
2020-01-31 01:00:00,-2.808039215686274
2020-01-31 02:00:00,-3.4731372549019603
2020-01-31 03:00:00,-2.545294117647059
2020-01-31 04:00:00,-0.9570588235294119
2020-01-31 05:00:00,-0.7186274509803922
2020-01-31 06:00:00,-0.4809803921568628
2020-01-31 07:00:00,-0.5688235294117647
2020-01-31 08:00:00,-0.10294117647058822
2020-01-31 09:00:00,-0.15392156862745096
2020-01-31 10:00:00,0.3833333333333333
2020-01-31 11:00:00,0.5833333333333334
2020-01-31 12:00:00,2.8123529411764707
2020-01-31 13:00:00,0.2727450980392157
2020-01-31 14:00:00,-0.6370588235294118
2020-01-31 15:00:00,-1.2723529411764707
2020-01-31 16:00:00,-2.0998039215686277
2020-01-31 17:00:00,-2.9805882352941175
2020-01-31 18:00:00,-2.513921568627451
2020-01-31 19:00:00,-2.9523529411764704
2020-01-31 20:00:00,-2.9029411764705877
2020-01-31 21:00:00,-4.244901960784314
2020-01-31 22:00:00,-4.400196078431373
2020-01-31 23:00:00,-4.898235294117647
2020-02-01 00:00:00,-5.381372549019607
2020-02-01 01:00:00,-4.422156862745098
2020-02-01 02:00:00,-4.895882352941176
2020-02-01 03:00:00,-5.142941176470588
2020-02-01 04:00:00,-3.8433333333333333
2020-02-01 05:00:00,0.2492156862745098
2020-02-01 06:00:00,-1.0315686274509803
2020-02-01 07:00:00,-2.346078431372549
2020-02-01 08:00:00,-2.891960784313725
2020-02-01 09:00:00,0.19588235294117648
2020-02-01 10:00:00,1.281372549019608
2020-02-01 11:00:00,3.1707843137254903
2020-02-01 12:00:00,3.1660784313725485
2020-02-01 13:00:00,2.7127450980392154
2020-02-01 14:00:00,0.3088235294117647
2020-02-01 15:00:00,0.7747058823529411
2020-02-01 16:00:00,0.5966666666666667
2020-02-01 17:00:00,0.27352941176470585
2020-02-01 18:00:00,-1.0354901960784315
2020-02-01 19:00:00,-0.5413725490196079
2020-02-01 20:00:00,-1.2582352941176473
2020-02-01 21:00:00,-1.2033333333333334
2020-02-01 22:00:00,-1.4198039215686276
2020-02-01 23:00:00,-1.618235294117647
2020-02-02 00:00:00,-0.7766666666666666
2020-02-02 01:00:00,-0.8605882352941177
2020-02-02 02:00:00,-1.2433333333333334
2020-02-02 03:00:00,-1.5405882352941176
2020-02-02 04:00:00,-0.014313725490196083
2020-02-02 05:00:00,0.2625490196078431
2020-02-02 06:00:00,-0.24647058823529408
2020-02-02 07:00:00,0.5323529411764706
2020-02-02 08:00:00,-0.003333333333333333
2020-02-02 09:00:00,1.2327450980392158
2020-02-02 10:00:00,2.8178431372549015
2020-02-02 11:00:00,1.5386274509803923
2020-02-02 12:00:00,1.4805882352941178
2020-02-02 13:00:00,1.3943137254901958
2020-02-02 14:00:00,2.3182352941176467
2020-02-02 15:00:00,1.6115686274509806
2020-02-02 16:00:00,1.7480392156862743
2020-02-02 17:00:00,1.5174509803921572
2020-02-02 18:00:00,1.3998039215686278
2020-02-02 19:00:00,1.3464705882352945
2020-02-02 20:00:00,1.6484313725490194
2020-02-02 21:00:00,1.5511764705882354
2020-02-02 22:00:00,1.5127450980392154
2020-02-02 23:00:00,1.7927450980392154
2020-02-03 00:00:00,2.0798039215686273
2020-02-03 01:00:00,2.2719607843137255
2020-02-03 02:00:00,2.337058823529412
2020-02-03 03:00:00,2.4288235294117646
2020-02-03 04:00:00,1.9958823529411767
2020-02-03 05:00:00,2.066470588235294
2020-02-03 06:00:00,1.945686274509804
2020-02-03 07:00:00,2.133137254901961
2020-02-03 08:00:00,2.4154901960784314
2020-02-03 09:00:00,1.746470588235294
2020-02-03 10:00:00,2.863333333333333
2020-02-03 11:00:00,2.355882352941176
2020-02-03 12:00:00,2.863333333333333
2020-02-03 13:00:00,3.81
2020-02-03 14:00:00,2.864117647058824
2020-02-03 15:00:00,3.754313725490196
2020-02-03 16:00:00,3.81078431372549
2020-02-03 17:00:00,4.4303921568627445
2020-02-03 18:00:00,2.967647058823529
2020-02-03 19:00:00,4.266470588235294
2020-02-03 20:00:00,2.613921568627451
2020-02-03 21:00:00,3.041372549019608
2020-02-03 22:00:00,3.3488235294117645
2020-02-03 23:00:00,2.2641176470588236
2020-02-04 00:00:00,3.2280392156862745
2020-02-04 01:00:00,2.7347058823529413
2020-02-04 02:00:00,3.0837254901960787
2020-02-04 03:00:00,4.966078431372549
2020-02-04 04:00:00,4.84843137254902
2020-02-04 05:00:00,3.6280392156862753
2020-02-04 06:00:00,-0.08882352941176469
2020-02-04 07:00:00,-0.7845098039215685
2020-02-04 08:00:00,-1.2754901960784313
2020-02-04 09:00:00,-1.8182352941176465
2020-02-04 10:00:00,-1.8182352941176465
2020-02-04 11:00:00,-2.606470588235294
2020-02-04 12:00:00,-2.606470588235294
2020-02-04 13:00:00,-2.2880392156862746
2020-02-04 14:00:00,-3.665294117647059
2020-02-04 15:00:00,-3.0856862745098046
2020-02-04 16:00:00,-3.688823529411765
2020-02-04 17:00:00,-3.833921568627452
2020-02-04 18:00:00,-4.256666666666668
2020-02-04 19:00:00,-4.856666666666667
2020-02-04 20:00:00,-5.3037254901960775
2020-02-04 21:00:00,-5.159411764705882
2020-02-04 22:00:00,-4.451176470588235
2020-02-04 23:00:00,-4.722549019607843
2020-02-05 00:00:00,-4.673921568627451
2020-02-05 01:00:00,-4.485686274509804
2020-02-05 02:00:00,-5.099019607843138
2020-02-05 03:00:00,-3.9860784313725492
2020-02-05 04:00:00,-3.7790196078431366
2020-02-05 05:00:00,-4.044901960784314
2020-02-05 06:00:00,-3.939803921568628
2020-02-05 07:00:00,-4.073137254901961
2020-02-05 08:00:00,-4.50764705882353
2020-02-05 09:00:00,-4.83
2020-02-05 10:00:00,-4.586078431372549
2020-02-05 11:00:00,-3.816666666666667
2020-02-05 12:00:00,-2.7641176470588236
2020-02-05 13:00:00,-3.3107843137254904
2020-02-05 14:00:00,-3.475490196078432
2020-02-05 15:00:00,-3.5045098039215685
2020-02-05 16:00:00,-5.663725490196078
2020-02-05 17:00:00,-10.250392156862745
2020-02-05 18:00:00,-10.915490196078432
2020-02-05 19:00:00,-13.63313725490196
2020-02-05 20:00:00,-12.71470588235294
2020-02-05 21:00:00,-12.98764705882353
2020-02-05 22:00:00,-13.58686274509804
2020-02-05 23:00:00,-13.778235294117648
2020-02-06 00:00:00,-14.63392156862745
2020-02-06 01:00:00,-13.83078431372549
2020-02-06 02:00:00,-13.581372549019607
2020-02-06 03:00:00,-12.722549019607843
2020-02-06 04:00:00,-12.893529411764705
2020-02-06 05:00:00,-12.207254901960786
2020-02-06 06:00:00,-13.033921568627452
2020-02-06 07:00:00,-12.055098039215688
2020-02-06 08:00:00,-11.525686274509804
2020-02-06 09:00:00,-9.178235294117647
2020-02-06 10:00:00,-7.421372549019606
2020-02-06 11:00:00,-4.0903921568627455
2020-02-06 12:00:00,-4.630784313725489
2020-02-06 13:00:00,-6.779803921568627
2020-02-06 14:00:00,-8.320980392156864
2020-02-06 15:00:00,-11.626078431372546
2020-02-06 16:00:00,-10.037058823529412
2020-02-06 17:00:00,-9.98843137254902
2020-02-06 18:00:00,-9.057450980392156
2020-02-06 19:00:00,-9.658235294117647
2020-02-06 20:00:00,-10.649607843137256
2020-02-06 21:00:00,-9.382941176470588
2020-02-06 22:00:00,-9.712352941176471
2020-02-06 23:00:00,-9.968823529411765
2020-02-07 00:00:00,-9.816666666666666
2020-02-07 01:00:00,-10.382941176470588
2020-02-07 02:00:00,-9.327254901960785
2020-02-07 03:00:00,-8.359411764705882
2020-02-07 04:00:00,-9.66921568627451
2020-02-07 05:00:00,-10.855098039215688
2020-02-07 06:00:00,-8.818235294117649
2020-02-07 07:00:00,-9.585294117647058
2020-02-07 08:00:00,-9.204901960784314
2020-02-07 09:00:00,-9.663725490196079
2020-02-07 10:00:00,-9.543725490196078
2020-02-07 11:00:00,-3.6260784313725485
2020-02-07 12:00:00,0.08137254901960782
2020-02-07 13:00:00,-4.140588235294118
2020-02-07 14:00:00,-7.890392156862745
2020-02-07 15:00:00,-9.323333333333332
2020-02-07 16:00:00,-9.1021568627451
2020-02-07 17:00:00,-6.743725490196077
2020-02-07 18:00:00,-8.193137254901961
2020-02-07 19:00:00,-7.532745098039216
2020-02-07 20:00:00,-7.637058823529412
2020-02-07 21:00:00,-6.857450980392157
2020-02-07 22:00:00,-6.967254901960784
2020-02-07 23:00:00,-7.7829411764705885
2020-02-08 00:00:00,-7.825294117647057
2020-02-08 01:00:00,-7.953137254901961
2020-02-08 02:00:00,-7.905294117647058
2020-02-08 03:00:00,-7.7366666666666655
2020-02-08 04:00:00,-7.440196078431373
2020-02-08 05:00:00,-7.493529411764705
2020-02-08 06:00:00,-8.304509803921569
2020-02-08 07:00:00,-8.371960784313725
2020-02-08 08:00:00,-7.163333333333333
2020-02-08 09:00:00,-6.8425490196078425
2020-02-08 10:00:00,-4.718627450980391
2020-02-08 11:00:00,-1.2880392156862746
2020-02-08 12:00:00,0.4107843137254902
2020-02-08 13:00:00,-0.23784313725490194
2020-02-08 14:00:00,-0.13196078431372546
2020-02-08 15:00:00,-0.9821568627450981
2020-02-08 16:00:00,-3.529607843137255
2020-02-08 17:00:00,-6.720196078431373
2020-02-08 18:00:00,-7.6731372549019605
2020-02-08 19:00:00,-7.711568627450981
2020-02-08 20:00:00,-6.317058823529412
2020-02-08 21:00:00,-6.678627450980391
2020-02-08 22:00:00,-6.737450980392157
2020-02-08 23:00:00,-6.875490196078432
2020-02-09 00:00:00,-6.734313725490196
2020-02-09 01:00:00,-6.35
2020-02-09 02:00:00,-6.659019607843137
2020-02-09 03:00:00,-8.109999999999998
2020-02-09 04:00:00,-7.51078431372549
2020-02-09 05:00:00,-7.564117647058823
2020-02-09 06:00:00,-6.971960784313725
2020-02-09 07:00:00,-7.262156862745099
2020-02-09 08:00:00,-6.374313725490197
2020-02-09 09:00:00,-7.035490196078431
2020-02-09 10:00:00,-6.298235294117647
2020-02-09 11:00:00,-1.3813725490196076
2020-02-09 12:00:00,1.4154901960784314
2020-02-09 13:00:00,1.037450980392157
2020-02-09 14:00:00,-0.9986274509803922
2020-02-09 15:00:00,-4.764117647058823
2020-02-09 16:00:00,-3.383725490196079
2020-02-09 17:00:00,-1.6817647058823528
2020-02-09 18:00:00,-2.167254901960784
2020-02-09 19:00:00,-1.7123529411764706
2020-02-09 20:00:00,-1.2833333333333337
2020-02-09 21:00:00,-1.5162745098039216
2020-02-09 22:00:00,-2.415098039215686
2020-02-09 23:00:00,-0.24333333333333335
2020-02-10 00:00:00,-0.8794117647058823
2020-02-10 01:00:00,-0.6033333333333333
2020-02-10 02:00:00,-0.8323529411764704
2020-02-10 03:00:00,-0.6488235294117649
2020-02-10 04:00:00,1.4037254901960785
2020-02-10 05:00:00,1.4656862745098043
2020-02-10 06:00:00,0.6601960784313726
2020-02-10 07:00:00,0.9456862745098037
2020-02-10 08:00:00,1.4954901960784313
2020-02-10 09:00:00,1.8288235294117643
2020-02-10 10:00:00,3.403725490196078
2020-02-10 11:00:00,3.2366666666666672
2020-02-10 12:00:00,3.5378431372549026
2020-02-10 13:00:00,3.53078431372549
2020-02-10 14:00:00,4.398235294117648
2020-02-10 15:00:00,2.9409803921568622
2020-02-10 16:00:00,2.513529411764706
2020-02-10 17:00:00,2.941764705882353
2020-02-10 18:00:00,1.9833333333333332
2020-02-10 19:00:00,3.1715686274509802
2020-02-10 20:00:00,3.297843137254902
2020-02-10 21:00:00,3.6484313725490196
2020-02-10 22:00:00,4.191176470588235
2020-02-10 23:00:00,4.739411764705883
2020-02-11 00:00:00,5.05627450980392
2020-02-11 01:00:00,4.41235294117647
2020-02-11 02:00:00,3.797450980392157
2020-02-11 03:00:00,2.400588235294118
2020-02-11 04:00:00,3.244509803921569
2020-02-11 05:00:00,1.7982352941176472
2020-02-11 06:00:00,1.5896078431372551
2020-02-11 07:00:00,1.4154901960784314
2020-02-11 08:00:00,0.11980392156862744
2020-02-11 09:00:00,0.11980392156862744
2020-02-11 10:00:00,0.2876470588235294
2020-02-11 11:00:00,0.25549019607843143
2020-02-11 12:00:00,2.0390196078431373
2020-02-11 13:00:00,2.0390196078431373
2020-02-11 14:00:00,2.6805882352941177
2020-02-11 15:00:00,2.030392156862745
2020-02-11 16:00:00,0.874313725490196
2020-02-11 17:00:00,0.13392156862745097
2020-02-11 18:00:00,-1.021372549019608
2020-02-11 19:00:00,-0.7915686274509803
2020-02-11 20:00:00,-1.046470588235294
2020-02-11 21:00:00,-0.7045098039215686
2020-02-11 22:00:00,-1.0958823529411765
2020-02-11 23:00:00,-0.9899999999999999
2020-02-12 00:00:00,-1.9656862745098038
2020-02-12 01:00:00,-1.8229411764705883
2020-02-12 02:00:00,-2.113137254901961
2020-02-12 03:00:00,-2.2488235294117644
2020-02-12 04:00:00,-2.6903921568627447
2020-02-12 05:00:00,-2.4237254901960785
2020-02-12 06:00:00,-2.2417647058823524
2020-02-12 07:00:00,-2.299019607843137
2020-02-12 08:00:00,-2.014313725490196
2020-02-12 09:00:00,-1.7405882352941178
2020-02-12 10:00:00,-1.5790196078431367
2020-02-12 11:00:00,-1.4088235294117646
2020-02-12 12:00:00,-0.2276470588235294
2020-02-12 13:00:00,0.9652941176470587
2020-02-12 14:00:00,0.6201960784313727
2020-02-12 15:00:00,0.3323529411764705
2020-02-12 16:00:00,-0.4237254901960784
2020-02-12 17:00:00,-1.0935294117647059
2020-02-12 18:00:00,-3.0558823529411763
2020-02-12 19:00:00,-3.8307843137254896
2020-02-12 20:00:00,-3.599411764705882
2020-02-12 21:00:00,-4.433921568627451
2020-02-12 22:00:00,-3.763333333333334
2020-02-12 23:00:00,-4.50843137254902
2020-02-13 00:00:00,-5.491960784313725
2020-02-13 01:00:00,-5.769607843137256
2020-02-13 02:00:00,-6.1499999999999995
2020-02-13 03:00:00,-5.960980392156864
2020-02-13 04:00:00,-4.259019607843138
2020-02-13 05:00:00,-3.6205882352941177
2020-02-13 06:00:00,-5.2441176470588236
2020-02-13 07:00:00,-5.119411764705882
2020-02-13 08:00:00,-2.2519607843137255
2020-02-13 09:00:00,-3.7641176470588236
2020-02-13 10:00:00,0.020196078431372538
2020-02-13 11:00:00,1.842941176470588
2020-02-13 12:00:00,3.028039215686274
2020-02-13 13:00:00,4.002941176470588
2020-02-13 14:00:00,3.043725490196078
2020-02-13 15:00:00,1.6264705882352941
2020-02-13 16:00:00,0.1535294117647059
2020-02-13 17:00:00,-0.8684313725490196
2020-02-13 18:00:00,-0.35392156862745094
2020-02-13 19:00:00,-0.4998039215686274
2020-02-13 20:00:00,0.2515686274509804
2020-02-13 21:00:00,-2.1037254901960782
2020-02-13 22:00:00,-1.6903921568627454
2020-02-13 23:00:00,-2.2794117647058822
2020-02-14 00:00:00,-1.3829411764705883
2020-02-14 01:00:00,-1.9037254901960783
2020-02-14 02:00:00,-2.480196078431373
2020-02-14 03:00:00,-2.3688235294117646
2020-02-14 04:00:00,-1.8394117647058823
2020-02-14 05:00:00,-2.5719607843137258
2020-02-14 06:00:00,-1.7437254901960786
2020-02-14 07:00:00,-1.59156862745098
2020-02-14 08:00:00,-1.784509803921569
2020-02-14 09:00:00,-1.3664705882352943
2020-02-14 10:00:00,-0.7641176470588235
2020-02-14 11:00:00,1.0805882352941176
2020-02-14 12:00:00,1.3221568627450981
2020-02-14 13:00:00,-1.5280392156862745
2020-02-14 14:00:00,-1.2252941176470586
2020-02-14 15:00:00,-1.6017647058823532
2020-02-14 16:00:00,-3.5217647058823522
2020-02-14 17:00:00,-4.10843137254902
2020-02-14 18:00:00,-5.548431372549019
2020-02-14 19:00:00,-6.135882352941176
2020-02-14 20:00:00,-5.997058823529411
2020-02-14 21:00:00,-5.210392156862746
2020-02-14 22:00:00,-4.6872549019607845
2020-02-14 23:00:00,-6.133529411764705
2020-02-15 00:00:00,-5.531960784313727
2020-02-15 01:00:00,-5.555490196078432
2020-02-15 02:00:00,-5.99313725490196
2020-02-15 03:00:00,-5.39313725490196
2020-02-15 04:00:00,-6.1939215686274505
2020-02-15 05:00:00,-7.067647058823528
2020-02-15 06:00:00,-6.942941176470588
2020-02-15 07:00:00,-5.823725490196078
2020-02-15 08:00:00,-6.142941176470589
2020-02-15 09:00:00,-4.403333333333333
2020-02-15 10:00:00,-1.0598039215686275
2020-02-15 11:00:00,0.7566666666666667
2020-02-15 12:00:00,3.3033333333333332
2020-02-15 13:00:00,4.9935294117647056
2020-02-15 14:00:00,-2.3507843137254905
2020-02-15 15:00:00,-1.8598039215686273
2020-02-15 16:00:00,-3.2111764705882355
2020-02-15 17:00:00,-4.1860784313725485
2020-02-15 18:00:00,-4.804117647058823
2020-02-15 19:00:00,-5.450392156862746
2020-02-15 20:00:00,-4.619019607843137
2020-02-15 21:00:00,-5.605686274509805
2020-02-15 22:00:00,-1.9703921568627447
2020-02-15 23:00:00,-1.1523529411764706
2020-02-16 00:00:00,-0.41117647058823537
2020-02-16 01:00:00,-3.9727450980392156
2020-02-16 02:00:00,-4.762549019607843
2020-02-16 03:00:00,-5.38764705882353
2020-02-16 04:00:00,0.46568627450980393
2020-02-16 05:00:00,1.4256862745098038
2020-02-16 06:00:00,-0.4143137254901961
2020-02-16 07:00:00,-1.1829411764705882
2020-02-16 08:00:00,2.3998039215686275
2020-02-16 09:00:00,1.6601960784313725
2020-02-16 10:00:00,3.976274509803922
2020-02-16 11:00:00,3.976274509803922
2020-02-16 12:00:00,5.627254901960786
2020-02-16 13:00:00,6.844509803921567
2020-02-16 14:00:00,5.89
2020-02-16 15:00:00,6.091568627450981
2020-02-16 16:00:00,6.3150980392156875
2020-02-16 17:00:00,5.964509803921569
2020-02-16 18:00:00,2.4790196078431372
2020-02-16 19:00:00,1.5668627450980388
2020-02-16 20:00:00,1.4915686274509805
2020-02-16 21:00:00,0.6358823529411765
2020-02-16 22:00:00,0.3205882352941177
2020-02-16 23:00:00,-0.3029411764705882
2020-02-17 00:00:00,-0.16333333333333333
2020-02-17 01:00:00,0.6468627450980392
2020-02-17 02:00:00,-2.1601960784313725
2020-02-17 03:00:00,-1.9021568627450982
2020-02-17 04:00:00,-0.00960784313725491
2020-02-17 05:00:00,0.1127450980392157
2020-02-17 06:00:00,-0.7845098039215688
2020-02-17 07:00:00,-0.14686274509803923
2020-02-17 08:00:00,-0.3562745098039216
2020-02-17 09:00:00,0.32137254901960777
2020-02-17 10:00:00,3.279019607843137
2020-02-17 11:00:00,8.226470588235292
2020-02-17 12:00:00,10.076666666666666
2020-02-17 13:00:00,10.283725490196076
2020-02-17 14:00:00,7.719019607843139
2020-02-17 15:00:00,6.517450980392157
2020-02-17 16:00:00,4.941764705882353
2020-02-17 17:00:00,2.344901960784314
2020-02-17 18:00:00,0.9950980392156862
2020-02-17 19:00:00,0.7856862745098039
2020-02-17 20:00:00,0.2201960784313726
2020-02-17 21:00:00,-1.066862745098039
2020-02-17 22:00:00,0.2201960784313726
2020-02-17 23:00:00,-1.6001960784313725
2020-02-18 00:00:00,-0.7633333333333333
2020-02-18 01:00:00,-0.8982352941176471
2020-02-18 02:00:00,-1.1562745098039215
2020-02-18 03:00:00,-1.6221568627450977
2020-02-18 04:00:00,0.011568627450980393
2020-02-18 05:00:00,-0.030784313725490196
2020-02-18 06:00:00,-0.30607843137254903
2020-02-18 07:00:00,-0.5798039215686275
2020-02-18 08:00:00,-1.6872549019607839
2020-02-18 09:00:00,0.518235294117647
2020-02-18 10:00:00,1.4123529411764706
2020-02-18 11:00:00,2.374705882352941
2020-02-18 12:00:00,7.424901960784314
2020-02-18 13:00:00,8.482941176470588
2020-02-18 14:00:00,4.377058823529412
2020-02-18 15:00:00,2.333137254901961
2020-02-18 16:00:00,-1.2684313725490195
2020-02-18 17:00:00,-1.1750980392156862
2020-02-18 18:00:00,-3.0841176470588234
2020-02-18 19:00:00,-2.278627450980392
2020-02-18 20:00:00,-2.1680392156862744
2020-02-18 21:00:00,-2.755490196078431
2020-02-18 22:00:00,-2.3837254901960785
2020-02-18 23:00:00,-2.4292156862745102
2020-02-19 00:00:00,-3.2417647058823524
2020-02-19 01:00:00,-4.397843137254902
2020-02-19 02:00:00,-4.194705882352942
2020-02-19 03:00:00,-4.059019607843138
2020-02-19 04:00:00,-3.7280392156862745
2020-02-19 05:00:00,-3.626862745098039
2020-02-19 06:00:00,-2.135882352941177
2020-02-19 07:00:00,-1.9727450980392154
2020-02-19 08:00:00,-1.6535294117647055
2020-02-19 09:00:00,-1.6535294117647055
2020-02-19 10:00:00,-2.35
2020-02-19 11:00:00,-1.0433333333333334
2020-02-19 12:00:00,-1.11078431372549
2020-02-19 13:00:00,0.15745098039215685
2020-02-19 14:00:00,1.1315686274509804
2020-02-19 15:00:00,0.6609803921568628
2020-02-19 16:00:00,-0.6747058823529412
2020-02-19 17:00:00,-1.277843137254902
2020-02-19 18:00:00,-2.2425490196078433
2020-02-19 19:00:00,-2.740588235294118
2020-02-19 20:00:00,-2.3280392156862746
2020-02-19 21:00:00,-2.3586274509803924
2020-02-19 22:00:00,-1.9327450980392158
2020-02-19 23:00:00,-3.513921568627451
2020-02-20 00:00:00,-3.4394117647058824
2020-02-20 01:00:00,-3.8856862745098035
2020-02-20 02:00:00,-3.8723529411764703
2020-02-20 03:00:00,-4.375098039215686
2020-02-20 04:00:00,-4.260588235294118
2020-02-20 05:00:00,-3.2943137254901957
2020-02-20 06:00:00,-2.7045098039215683
2020-02-20 07:00:00,-2.925686274509804
2020-02-20 08:00:00,-2.03078431372549
2020-02-20 09:00:00,-0.642549019607843
2020-02-20 10:00:00,1.241372549019608
2020-02-20 11:00:00,3.28686274509804
2020-02-20 12:00:00,5.559803921568627
2020-02-20 13:00:00,7.206078431372549
2020-02-20 14:00:00,-0.16333333333333333
2020-02-20 15:00:00,-1.282549019607843
2020-02-20 16:00:00,-2.942156862745098
2020-02-20 17:00:00,-4.171176470588236
2020-02-20 18:00:00,-3.874705882352941
2020-02-20 19:00:00,-4.6629411764705875
2020-02-20 20:00:00,-5.789999999999998
2020-02-20 21:00:00,-5.935098039215688
2020-02-20 22:00:00,-5.648823529411765
2020-02-20 23:00:00,-6.004901960784314
2020-02-21 00:00:00,-6.773529411764705
2020-02-21 01:00:00,-3.4754901960784315
2020-02-21 02:00:00,-2.6598039215686278
2020-02-21 03:00:00,-3.0386274509803926
2020-02-21 04:00:00,-0.83078431372549
2020-02-21 05:00:00,-0.5562745098039217
2020-02-21 06:00:00,-0.03784313725490196
2020-02-21 07:00:00,0.7150980392156865
2020-02-21 08:00:00,0.5119607843137255
2020-02-21 09:00:00,0.35666666666666663
2020-02-21 10:00:00,0.6154901960784314
2020-02-21 11:00:00,0.0884313725490196
2020-02-21 12:00:00,1.343333333333333
2020-02-21 13:00:00,3.792745098039216
2020-02-21 14:00:00,3.719019607843137
2020-02-21 15:00:00,2.45078431372549
2020-02-21 16:00:00,3.2092156862745096
2020-02-21 17:00:00,0.2515686274509804
2020-02-21 18:00:00,-1.1688235294117646
2020-02-21 19:00:00,-2.084117647058824
2020-02-21 20:00:00,-2.472352941176471
2020-02-21 21:00:00,-2.5021568627450983
2020-02-21 22:00:00,-2.5021568627450983
2020-02-21 23:00:00,-3.413529411764706
2020-02-22 00:00:00,-3.883333333333333
2020-02-22 01:00:00,-3.6080392156862744
2020-02-22 02:00:00,-4.659803921568628
2020-02-22 03:00:00,-4.769607843137254
2020-02-22 04:00:00,-4.2558823529411764
2020-02-22 05:00:00,-4.4574509803921565
2020-02-22 06:00:00,-4.658235294117647
2020-02-22 07:00:00,-4.5374509803921566
2020-02-22 08:00:00,-3.9554901960784323
2020-02-22 09:00:00,-2.6519607843137254
2020-02-22 10:00:00,2.365294117647059
2020-02-22 11:00:00,4.8037254901960775
2020-02-22 12:00:00,6.759803921568627
2020-02-22 13:00:00,10.687647058823531
2020-02-22 14:00:00,2.9582352941176473
2020-02-22 15:00:00,1.4939215686274512
2020-02-22 16:00:00,0.04137254901960785
2020-02-22 17:00:00,0.4429411764705882
2020-02-22 18:00:00,-0.8174509803921568
2020-02-22 19:00:00,-0.5390196078431372
2020-02-22 20:00:00,-1.3994117647058824
2020-02-22 21:00:00,-2.283333333333333
2020-02-22 22:00:00,-2.3460784313725496
2020-02-22 23:00:00,-2.262156862745098
2020-02-23 00:00:00,-1.8605882352941177
2020-02-23 01:00:00,-3.1264705882352932
2020-02-23 02:00:00,-3.4166666666666674
2020-02-23 03:00:00,-2.502156862745098
2020-02-23 04:00:00,0.37235294117647055
2020-02-23 05:00:00,0.46098039215686276
2020-02-23 06:00:00,1.6601960784313723
2020-02-23 07:00:00,1.7166666666666668
2020-02-23 08:00:00,3.1017647058823528
2020-02-23 09:00:00,4.760588235294118
2020-02-23 10:00:00,6.8774509803921555
2020-02-23 11:00:00,10.036666666666665
2020-02-23 12:00:00,10.919803921568628
2020-02-23 13:00:00,11.054705882352941
2020-02-23 14:00:00,10.582549019607844
2020-02-23 15:00:00,10.947254901960786
2020-02-23 16:00:00,10.49156862745098
2020-02-23 17:00:00,7.417843137254902
2020-02-23 18:00:00,4.940196078431373
2020-02-23 19:00:00,3.5472549019607844
2020-02-23 20:00:00,4.671960784313725
2020-02-23 21:00:00,5.439019607843137
2020-02-23 22:00:00,5.901764705882352
2020-02-23 23:00:00,4.903333333333333
2020-02-24 00:00:00,4.49235294117647
2020-02-24 01:00:00,4.780196078431373
2020-02-24 02:00:00,4.155098039215686
2020-02-24 03:00:00,4.500196078431372
2020-02-24 04:00:00,4.144117647058823
2020-02-24 05:00:00,2.1362745098039215
2020-02-24 06:00:00,0.301764705882353
2020-02-24 07:00:00,0.1464705882352941
2020-02-24 08:00:00,0.3292156862745098
2020-02-24 09:00:00,0.039019607843137266
2020-02-24 10:00:00,5.780980392156862
2020-02-24 11:00:00,10.127647058823529
2020-02-24 12:00:00,13.633529411764705
2020-02-24 13:00:00,14.892352941176473
2020-02-24 14:00:00,7.187254901960784
2020-02-24 15:00:00,4.634313725490196
2020-02-24 16:00:00,2.5409803921568628
2020-02-24 17:00:00,1.874313725490196
2020-02-24 18:00:00,0.537843137254902
2020-02-24 19:00:00,0.4115686274509804
2020-02-24 20:00:00,-0.6558823529411764
2020-02-24 21:00:00,-1.089607843137255
2020-02-24 22:00:00,-1.7594117647058822
2020-02-24 23:00:00,-2.5978431372549022
2020-02-25 00:00:00,-2.2331372549019606
2020-02-25 01:00:00,-3.3092156862745092
2020-02-25 02:00:00,-2.6221568627450984
2020-02-25 03:00:00,-2.5750980392156864
2020-02-25 04:00:00,-1.3609803921568626
2020-02-25 05:00:00,-1.4260784313725492
2020-02-25 06:00:00,-0.9523529411764704
2020-02-25 07:00:00,-1.5256862745098037
2020-02-25 08:00:00,-0.7413725490196077
2020-02-25 09:00:00,0.12764705882352942
2020-02-25 10:00:00,2.7386274509803923
2020-02-25 11:00:00,4.7558823529411764
2020-02-25 12:00:00,8.12607843137255
2020-02-25 13:00:00,8.493921568627451
2020-02-25 14:00:00,7.41
2020-02-25 15:00:00,7.937843137254904
2020-02-25 16:00:00,5.296274509803922
2020-02-25 17:00:00,4.177058823529412
2020-02-25 18:00:00,2.2539215686274505
2020-02-25 19:00:00,-0.37431372549019615
2020-02-25 20:00:00,-1.7264705882352944
2020-02-25 21:00:00,-0.4315686274509805
2020-02-25 22:00:00,0.15196078431372548
2020-02-25 23:00:00,-1.077843137254902
2020-02-26 00:00:00,-1.1845098039215685
2020-02-26 01:00:00,-2.0503921568627455
2020-02-26 02:00:00,-1.9758823529411764
2020-02-26 03:00:00,-2.658235294117647
2020-02-26 04:00:00,-1.3045098039215686
2020-02-26 05:00:00,-2.0880392156862744
2020-02-26 06:00:00,-2.8872549019607843
2020-02-26 07:00:00,-2.7954901960784313
2020-02-26 08:00:00,-2.897450980392156
2020-02-26 09:00:00,-2.6982352941176475
2020-02-26 10:00:00,-2.75078431372549
2020-02-26 11:00:00,-3.888039215686274
2020-02-26 12:00:00,-2.5609803921568624
2020-02-26 13:00:00,-2.1758823529411764
2020-02-26 14:00:00,-2.084901960784314
2020-02-26 15:00:00,-4.47078431372549
2020-02-26 16:00:00,-3.997843137254902
2020-02-26 17:00:00,-5.059803921568627
2020-02-26 18:00:00,-6.140588235294118
2020-02-26 19:00:00,-5.854313725490196
2020-02-26 20:00:00,-6.001764705882352
2020-02-26 21:00:00,-6.091960784313725
2020-02-26 22:00:00,-5.99
2020-02-26 23:00:00,-5.75392156862745
2020-02-27 00:00:00,-5.273137254901961
2020-02-27 01:00:00,-5.917058823529413
2020-02-27 02:00:00,-5.782156862745099
2020-02-27 03:00:00,-5.480980392156862
2020-02-27 04:00:00,-6.690392156862746
2020-02-27 05:00:00,-8.755490196078432
2020-02-27 06:00:00,-7.98921568627451
2020-02-27 07:00:00,-12.877058823529412
2020-02-27 08:00:00,-8.169607843137255
2020-02-27 09:00:00,-6.128039215686275
2020-02-27 10:00:00,-3.600196078431373
2020-02-27 11:00:00,-3.558627450980392
2020-02-27 12:00:00,-4.401764705882353
2020-02-27 13:00:00,-4.470784313725491
2020-02-27 14:00:00,-5.301372549019606
2020-02-27 15:00:00,-5.290392156862745
2020-02-27 16:00:00,-4.023725490196078
2020-02-27 17:00:00,-4.465294117647058
2020-02-27 18:00:00,-3.0629411764705883
2020-02-27 19:00:00,-2.94921568627451
2020-02-27 20:00:00,-2.159411764705882
2020-02-27 21:00:00,-1.4998039215686274
2020-02-27 22:00:00,-2.9892156862745103
2020-02-27 23:00:00,-3.083333333333334
2020-02-28 00:00:00,-3.8252941176470587
2020-02-28 01:00:00,-4.443333333333333
2020-02-28 02:00:00,-4.425294117647058
2020-02-28 03:00:00,-4.720196078431373
2020-02-28 04:00:00,-5.466078431372549
2020-02-28 05:00:00,-5.988431372549019
2020-02-28 06:00:00,-5.929607843137257
2020-02-28 07:00:00,-11.282549019607842
2020-02-28 08:00:00,-8.899019607843137
2020-02-28 09:00:00,-11.282549019607842
2020-02-28 10:00:00,-6.4856862745098045
2020-02-28 11:00:00,-3.9092156862745098
2020-02-28 12:00:00,-0.2974509803921569
2020-02-28 13:00:00,0.6790196078431373
2020-02-28 14:00:00,-2.6700000000000004
2020-02-28 15:00:00,-7.4237254901960785
2020-02-28 16:00:00,-7.287254901960785
2020-02-28 17:00:00,-5.339019607843139
2020-02-28 18:00:00,-5.7194117647058835
2020-02-28 19:00:00,-4.576666666666667
2020-02-28 20:00:00,-4.849607843137255
2020-02-28 21:00:00,-4.127254901960785
2020-02-28 22:00:00,-4.703725490196079
2020-02-28 23:00:00,-1.6511764705882348
2020-02-29 00:00:00,-1.7515686274509803
2020-02-29 01:00:00,-0.5084313725490196
2020-02-29 02:00:00,-1.0684313725490195
2020-02-29 03:00:00,0.7527450980392157
2020-02-29 04:00:00,-0.04176470588235294
2020-02-29 05:00:00,0.032745098039215687
2020-02-29 06:00:00,0.6947058823529411
2020-02-29 07:00:00,-0.4950980392156863
2020-02-29 08:00:00,-0.6464705882352941
2020-02-29 09:00:00,0.16999999999999996
2020-02-29 10:00:00,-0.09431372549019611
2020-02-29 11:00:00,1.173921568627451
2020-02-29 12:00:00,2.1111764705882354
2020-02-29 13:00:00,3.8727450980392155
2020-02-29 14:00:00,-0.4699999999999999
2020-02-29 15:00:00,-2.4331372549019608
2020-02-29 16:00:00,-0.6174509803921568
2020-02-29 17:00:00,0.05078431372549022
2020-02-29 18:00:00,-0.5680392156862745
2020-02-29 19:00:00,-0.38999999999999996
2020-02-29 20:00:00,-0.05117647058823529
2020-02-29 21:00:00,-0.3954901960784314
2020-02-29 22:00:00,0.15509803921568627
2020-02-29 23:00:00,-0.0809803921568627
2020-03-01 00:00:00,-0.08254901960784312
2020-03-01 01:00:00,-0.28411764705882353
2020-03-01 02:00:00,-0.4041176470588235
2020-03-01 03:00:00,-1.5390196078431375
2020-03-01 04:00:00,-0.4998039215686274
2020-03-01 05:00:00,-0.8276470588235293
2020-03-01 06:00:00,-1.0684313725490195
2020-03-01 07:00:00,-1.1672549019607843
2020-03-01 08:00:00,-0.2370588235294118
2020-03-01 09:00:00,0.30960784313725487
2020-03-01 10:00:00,3.1856862745098034
2020-03-01 11:00:00,3.3449019607843145
2020-03-01 12:00:00,4.8837254901960785
2020-03-01 13:00:00,7.139411764705882
2020-03-01 14:00:00,6.079019607843136
2020-03-01 15:00:00,0.7315686274509804
2020-03-01 16:00:00,0.3645098039215687
2020-03-01 17:00:00,0.7354901960784315
2020-03-01 18:00:00,0.9488235294117647
2020-03-01 19:00:00,-0.7531372549019608
2020-03-01 20:00:00,-0.00882352941176472
2020-03-01 21:00:00,-3.26921568627451
2020-03-01 22:00:00,-2.6080392156862744
2020-03-01 23:00:00,-2.7727450980392163
2020-03-02 00:00:00,-2.4966666666666666
2020-03-02 01:00:00,-4.534313725490197
2020-03-02 02:00:00,-5.3060784313725495
2020-03-02 03:00:00,-4.356274509803922
2020-03-02 04:00:00,-3.095882352941177
2020-03-02 05:00:00,-1.7241176470588233
2020-03-02 06:00:00,-2.328823529411765
2020-03-02 07:00:00,-1.5288235294117647
2020-03-02 08:00:00,0.07901960784313726
2020-03-02 09:00:00,0.6931372549019608
2020-03-02 10:00:00,0.6688235294117648
2020-03-02 11:00:00,1.1527450980392155
2020-03-02 12:00:00,2.4954901960784315
2020-03-02 13:00:00,0.8696078431372549
2020-03-02 14:00:00,0.6688235294117648
2020-03-02 15:00:00,1.8170588235294118
2020-03-02 16:00:00,1.5103921568627448
2020-03-02 17:00:00,0.6115686274509804
2020-03-02 18:00:00,0.12137254901960784
2020-03-02 19:00:00,-0.8237254901960787
2020-03-02 20:00:00,-0.8260784313725489
2020-03-02 21:00:00,-0.7633333333333332
2020-03-02 22:00:00,-1.4527450980392158
2020-03-02 23:00:00,-1.1476470588235295
2020-03-03 00:00:00,-1.1594117647058824
2020-03-03 01:00:00,-1.4252941176470588
2020-03-03 02:00:00,-1.4629411764705882
2020-03-03 03:00:00,-1.811960784313725
2020-03-03 04:00:00,-2.0409803921568623
2020-03-03 05:00:00,-2.9907843137254897
2020-03-03 06:00:00,-3.2315686274509803
2020-03-03 07:00:00,-4.50764705882353
2020-03-03 08:00:00,-3.9805882352941175
2020-03-03 09:00:00,-3.782941176470588
2020-03-03 10:00:00,-2.002549019607843
2020-03-03 11:00:00,-0.36176470588235293
2020-03-03 12:00:00,-0.613529411764706
2020-03-03 13:00:00,2.911960784313726
2020-03-03 14:00:00,4.999803921568627
2020-03-03 15:00:00,-1.1743137254901959
2020-03-03 16:00:00,-4.217450980392157
2020-03-03 17:00:00,-4.66921568627451
2020-03-03 18:00:00,-5.104509803921569
2020-03-03 19:00:00,-4.779019607843137
2020-03-03 20:00:00,-5.901372549019609
2020-03-03 21:00:00,-7.35156862745098
2020-03-03 22:00:00,-8.794705882352941
2020-03-03 23:00:00,-9.320980392156864
2020-03-04 00:00:00,-4.51
2020-03-04 01:00:00,-4.248823529411765
2020-03-04 02:00:00,-4.242549019607843
2020-03-04 03:00:00,-3.906078431372549
2020-03-04 04:00:00,-4.204117647058823
2020-03-04 05:00:00,-4.07
2020-03-04 06:00:00,-3.5178431372549013
2020-03-04 07:00:00,-3.9711764705882358
2020-03-04 08:00:00,-4.1201960784313725
2020-03-04 09:00:00,-2.6801960784313725
2020-03-04 10:00:00,-3.2315686274509803
2020-03-04 11:00:00,-0.07627450980392159
2020-03-04 12:00:00,2.238235294117647
2020-03-04 13:00:00,2.824901960784314
2020-03-04 14:00:00,4.4405882352941175
2020-03-04 15:00:00,-4.4856862745098045
2020-03-04 16:00:00,-3.7296078431372552
2020-03-04 17:00:00,-5.665294117647059
2020-03-04 18:00:00,-4.3798039215686275
2020-03-04 19:00:00,-4.634705882352941
2020-03-04 20:00:00,-4.797843137254903
2020-03-04 21:00:00,-3.935882352941176
2020-03-04 22:00:00,-4.894313725490195
2020-03-04 23:00:00,-3.8527450980392155
2020-03-05 00:00:00,-2.2284313725490197
2020-03-05 01:00:00,-0.13509803921568628
2020-03-05 02:00:00,-2.4747058823529415
2020-03-05 03:00:00,-1.4198039215686273
2020-03-05 04:00:00,0.2868627450980392
2020-03-05 05:00:00,0.3056862745098039
2020-03-05 06:00:00,0.45156862745098025
2020-03-05 07:00:00,-0.15313725490196078
2020-03-05 08:00:00,-0.5350980392156862
2020-03-05 09:00:00,-1.0527450980392157
2020-03-05 10:00:00,-0.19705882352941181
2020-03-05 11:00:00,-0.7515686274509804
2020-03-05 12:00:00,-0.5680392156862745
2020-03-05 13:00:00,-0.28490196078431373
2020-03-05 14:00:00,0.7958823529411763
2020-03-05 15:00:00,1.414705882352941
2020-03-05 16:00:00,-0.28490196078431373
2020-03-05 17:00:00,0.5590196078431372
2020-03-05 18:00:00,-0.10999999999999999
2020-03-05 19:00:00,-0.24647058823529414
2020-03-05 20:00:00,0.06176470588235294
2020-03-05 21:00:00,0.26882352941176474
2020-03-05 22:00:00,-0.1782352941176471
2020-03-05 23:00:00,0.12843137254901962
2020-03-06 00:00:00,0.3739215686274511
2020-03-06 01:00:00,-0.44803921568627453
2020-03-06 02:00:00,-0.5170588235294117
2020-03-06 03:00:00,-0.71078431372549
2020-03-06 04:00:00,-1.0284313725490197
2020-03-06 05:00:00,-1.0535294117647056
2020-03-06 06:00:00,-0.7115686274509804
2020-03-06 07:00:00,-0.3766666666666667
2020-03-06 08:00:00,-0.33509803921568626
2020-03-06 09:00:00,0.5652941176470588
2020-03-06 10:00:00,0.8547058823529411
2020-03-06 11:00:00,1.6319607843137258
2020-03-06 12:00:00,2.1362745098039215
2020-03-06 13:00:00,1.9864705882352942
2020-03-06 14:00:00,1.8037254901960784
2020-03-06 15:00:00,2.3699999999999997
2020-03-06 16:00:00,0.7488235294117647
2020-03-06 17:00:00,-0.10294117647058826
2020-03-06 18:00:00,0.006078431372549029
2020-03-06 19:00:00,-0.5154901960784314
2020-03-06 20:00:00,0.16137254901960785
2020-03-06 21:00:00,-1.1476470588235295
2020-03-06 22:00:00,-1.259019607843137
2020-03-06 23:00:00,-0.9743137254901959
2020-03-07 00:00:00,-1.493529411764706
2020-03-07 01:00:00,-1.9445098039215685
2020-03-07 02:00:00,-1.5139215686274514
2020-03-07 03:00:00,-1.6527450980392155
2020-03-07 04:00:00,-2.913137254901961
2020-03-07 05:00:00,-3.1225490196078427
2020-03-07 06:00:00,-3.011176470588236
2020-03-07 07:00:00,-2.8982352941176472
2020-03-07 08:00:00,-3.011176470588236
2020-03-07 09:00:00,-2.6323529411764706
2020-03-07 10:00:00,-2.6472549019607845
2020-03-07 11:00:00,-1.4401960784313725
2020-03-07 12:00:00,-0.3907843137254903
2020-03-07 13:00:00,-0.45901960784313733
2020-03-07 14:00:00,0.425686274509804
2020-03-07 15:00:00,1.306470588235294
2020-03-07 16:00:00,0.9747058823529411
2020-03-07 17:00:00,-0.19549019607843135
2020-03-07 18:00:00,-1.42921568627451
2020-03-07 19:00:00,-1.5978431372549018
2020-03-07 20:00:00,-1.8182352941176465
2020-03-07 21:00:00,-2.457450980392157
2020-03-07 22:00:00,-2.5719607843137258
2020-03-07 23:00:00,-3.1680392156862744
2020-03-08 00:00:00,-3.299803921568628
2020-03-08 01:00:00,-8.405686274509804
2020-03-08 02:00:00,-9.363333333333333
2020-03-08 03:00:00,-9.284117647058823
2020-03-08 04:00:00,-10.211176470588235
2020-03-08 05:00:00,-10.26686274509804
2020-03-08 06:00:00,-10.757058823529412
2020-03-08 07:00:00,-10.674705882352942
2020-03-08 08:00:00,-9.208823529411765
2020-03-08 09:00:00,-7.5852941176470585
2020-03-08 10:00:00,-2.912352941176471
2020-03-08 11:00:00,-0.5445098039215686
2020-03-08 12:00:00,2.688431372549019
2020-03-08 13:00:00,6.171568627450981
2020-03-08 14:00:00,1.9660784313725492
2020-03-08 15:00:00,3.0468627450980397
2020-03-08 16:00:00,2.2233333333333336
2020-03-08 17:00:00,0.15196078431372548
2020-03-08 18:00:00,-2.5837254901960782
2020-03-08 19:00:00,-4.15078431372549
2020-03-08 20:00:00,-4.056666666666666
2020-03-08 21:00:00,-3.0778431372549018
2020-03-08 22:00:00,-3.9343137254901963
2020-03-08 23:00:00,-2.978235294117647
2020-03-09 00:00:00,-4.90843137254902
2020-03-09 01:00:00,-3.4182352941176473
2020-03-09 02:00:00,-2.9813725490196075
2020-03-09 03:00:00,-2.955490196078431
2020-03-09 04:00:00,-1.6174509803921568
2020-03-09 05:00:00,-1.2629411764705882
2020-03-09 06:00:00,-1.0684313725490195
2020-03-09 07:00:00,-1.9868627450980392
2020-03-09 08:00:00,-2.0386274509803926
2020-03-09 09:00:00,-1.1382352941176472
2020-03-09 10:00:00,-0.7264705882352942
2020-03-09 11:00:00,-0.17352941176470588
2020-03-09 12:00:00,2.7315686274509803
2020-03-09 13:00:00,2.231960784313726
2020-03-09 14:00:00,-0.6205882352941177
2020-03-09 15:00:00,-0.2558823529411765
2020-03-09 16:00:00,-1.6786274509803922
2020-03-09 17:00:00,-2.942941176470588
2020-03-09 18:00:00,-2.7954901960784313
2020-03-09 19:00:00,-2.9962745098039214
2020-03-09 20:00:00,-2.99078431372549
2020-03-09 21:00:00,-2.8464705882352943
2020-03-09 22:00:00,-4.022156862745098
2020-03-09 23:00:00,-4.39
2020-03-10 00:00:00,-5.735882352941176
2020-03-10 01:00:00,-7.891960784313726
2020-03-10 02:00:00,-5.98843137254902
2020-03-10 03:00:00,-5.799411764705883
2020-03-10 04:00:00,-6.135882352941176
2020-03-10 05:00:00,-4.744509803921569
2020-03-10 06:00:00,-3.7343137254901966
2020-03-10 07:00:00,-3.492745098039215
2020-03-10 08:00:00,-2.199411764705882
2020-03-10 09:00:00,-3.085686274509804
2020-03-10 10:00:00,-1.99
2020-03-10 11:00:00,-1.8896078431372547
2020-03-10 12:00:00,-1.2409803921568625
2020-03-10 13:00:00,-0.7994117647058823
2020-03-10 14:00:00,-0.9876470588235295
2020-03-10 15:00:00,-0.31784313725490193
2020-03-10 16:00:00,-0.6307843137254903
2020-03-10 17:00:00,-1.178235294117647
2020-03-10 18:00:00,-0.9492156862745097
2020-03-10 19:00:00,-1.4668627450980396
2020-03-10 20:00:00,-0.7562745098039215
2020-03-10 21:00:00,-0.6841176470588235
2020-03-10 22:00:00,-0.7468627450980394
2020-03-10 23:00:00,0.29784313725490197
2020-03-11 00:00:00,-0.009607843137254907
2020-03-11 01:00:00,0.3558823529411764
2020-03-11 02:00:00,-0.19549019607843138
2020-03-11 03:00:00,-0.12098039215686278
2020-03-11 04:00:00,-0.32960784313725494
2020-03-11 05:00:00,-0.2276470588235294
2020-03-11 06:00:00,0.2562745098039216
2020-03-11 07:00:00,0.3394117647058824
2020-03-11 08:00:00,0.8735294117647058
2020-03-11 09:00:00,0.9966666666666666
2020-03-11 10:00:00,2.9049019607843136
2020-03-11 11:00:00,2.1605882352941177
2020-03-11 12:00:00,3.393529411764706
2020-03-11 13:00:00,4.5245098039215685
2020-03-11 14:00:00,4.858627450980392
2020-03-11 15:00:00,4.772352941176471
2020-03-11 16:00:00,2.8139215686274515
2020-03-11 17:00:00,1.0249019607843137
2020-03-11 18:00:00,-0.6731372549019607
2020-03-11 19:00:00,-2.0676470588235296
2020-03-11 20:00:00,-2.22921568627451
2020-03-11 21:00:00,-1.9123529411764704
2020-03-11 22:00:00,-1.954705882352941
2020-03-11 23:00:00,-2.9978431372549017
2020-03-12 00:00:00,-2.8715686274509795
2020-03-12 01:00:00,-3.3570588235294125
2020-03-12 02:00:00,-3.4143137254901954
2020-03-12 03:00:00,-3.317843137254902
2020-03-12 04:00:00,-1.833921568627451
2020-03-12 05:00:00,-1.9209803921568627
2020-03-12 06:00:00,-1.8849019607843136
2020-03-12 07:00:00,-1.4103921568627453
2020-03-12 08:00:00,0.16843137254901963
2020-03-12 09:00:00,0.7127450980392156
2020-03-12 10:00:00,3.5550980392156863
2020-03-12 11:00:00,3.8994117647058824
2020-03-12 12:00:00,5.268039215686275
2020-03-12 13:00:00,8.487647058823528
2020-03-12 14:00:00,10.612352941176471
2020-03-12 15:00:00,7.288431372549019
2020-03-12 16:00:00,6.144901960784313
2020-03-12 17:00:00,4.749607843137254
2020-03-12 18:00:00,3.6876470588235293
2020-03-12 19:00:00,3.358235294117647
2020-03-12 20:00:00,2.6398039215686278
2020-03-12 21:00:00,2.3888235294117646
2020-03-12 22:00:00,2.395098039215686
2020-03-12 23:00:00,2.0460784313725484
2020-03-13 00:00:00,2.146470588235294
2020-03-13 01:00:00,1.1558823529411766
2020-03-13 02:00:00,1.8954901960784314
2020-03-13 03:00:00,2.6750980392156865
2020-03-13 04:00:00,1.2476470588235296
2020-03-13 05:00:00,0.8476470588235293
2020-03-13 06:00:00,0.9747058823529412
2020-03-13 07:00:00,0.45784313725490206
2020-03-13 08:00:00,0.581764705882353
2020-03-13 09:00:00,-0.2684313725490196
2020-03-13 10:00:00,-0.3696078431372549
2020-03-13 11:00:00,-0.4605882352941175
2020-03-13 12:00:00,0.46098039215686276
2020-03-13 13:00:00,0.4241176470588235
2020-03-13 14:00:00,0.5566666666666666
2020-03-13 15:00:00,1.1001960784313725
2020-03-13 16:00:00,1.13078431372549
2020-03-13 17:00:00,-0.46294117647058824
2020-03-13 18:00:00,-0.8252941176470588
2020-03-13 19:00:00,-2.4198039215686276
2020-03-13 20:00:00,-2.9892156862745094
2020-03-13 21:00:00,-4.2598039215686265
2020-03-13 22:00:00,-5.067647058823529
2020-03-13 23:00:00,-4.917058823529412
2020-03-14 00:00:00,-4.662156862745098
2020-03-14 01:00:00,-4.706078431372549
2020-03-14 02:00:00,-3.036274509803922
2020-03-14 03:00:00,-2.7037254901960783
2020-03-14 04:00:00,-1.5225490196078433
2020-03-14 05:00:00,-1.1845098039215687
2020-03-14 06:00:00,-1.2801960784313726
2020-03-14 07:00:00,-1.0958823529411763
2020-03-14 08:00:00,-0.4841176470588236
2020-03-14 09:00:00,1.2500000000000002
2020-03-14 10:00:00,4.369999999999999
2020-03-14 11:00:00,3.7668627450980394
2020-03-14 12:00:00,2.441372549019608
2020-03-14 13:00:00,1.9354901960784312
2020-03-14 14:00:00,1.4845098039215687
2020-03-14 15:00:00,0.6735294117647058
2020-03-14 16:00:00,0.25235294117647056
2020-03-14 17:00:00,-0.6252941176470589
2020-03-14 18:00:00,-0.7005882352941177
2020-03-14 19:00:00,-1.4315686274509807
2020-03-14 20:00:00,-1.0707843137254904
2020-03-14 21:00:00,-1.2433333333333332
2020-03-14 22:00:00,-1.4433333333333334
2020-03-14 23:00:00,-3.4354901960784314
2020-03-15 00:00:00,-4.480980392156862
2020-03-15 01:00:00,-5.1782352941176475
2020-03-15 02:00:00,-5.972745098039216
2020-03-15 03:00:00,-5.94764705882353
2020-03-15 04:00:00,-4.346862745098039
2020-03-15 05:00:00,-4.231568627450981
2020-03-15 06:00:00,-4.18843137254902
2020-03-15 07:00:00,-4.368823529411765
2020-03-15 08:00:00,-3.705294117647058
2020-03-15 09:00:00,-2.379019607843137
2020-03-15 10:00:00,2.0280392156862748
2020-03-15 11:00:00,3.052352941176471
2020-03-15 12:00:00,5.275098039215686
2020-03-15 13:00:00,8.584901960784315
2020-03-15 14:00:00,10.24686274509804
2020-03-15 15:00:00,8.060980392156862
2020-03-15 16:00:00,2.9943137254901955
2020-03-15 17:00:00,1.785686274509804
2020-03-15 18:00:00,1.0350980392156863
2020-03-15 19:00:00,0.514313725490196
2020-03-15 20:00:00,0.9511764705882353
2020-03-15 21:00:00,0.878235294117647
2020-03-15 22:00:00,0.8476470588235293
2020-03-15 23:00:00,0.14490196078431372
2020-03-16 00:00:00,-0.5241176470588236
2020-03-16 01:00:00,0.12607843137254904
2020-03-16 02:00:00,1.1127450980392157
2020-03-16 03:00:00,1.1856862745098038
2020-03-16 04:00:00,0.7041176470588235
2020-03-16 05:00:00,0.6837254901960785
2020-03-16 06:00:00,1.0570588235294116
2020-03-16 07:00:00,0.7064705882352942
2020-03-16 08:00:00,-1.0001960784313726
2020-03-16 09:00:00,-0.7821568627450981
2020-03-16 10:00:00,4.539411764705883
2020-03-16 11:00:00,6.65078431372549
2020-03-16 12:00:00,10.024117647058823
2020-03-16 13:00:00,11.542549019607845
2020-03-16 14:00:00,12.715882352941174
2020-03-16 15:00:00,12.483725490196079
2020-03-16 16:00:00,3.37
2020-03-16 17:00:00,2.559019607843137
2020-03-16 18:00:00,1.377058823529412
2020-03-16 19:00:00,-0.11549019607843139
2020-03-16 20:00:00,-1.130392156862745
2020-03-16 21:00:00,-1.767254901960784
2020-03-16 22:00:00,-2.0841176470588234
2020-03-16 23:00:00,-2.4425490196078425
2020-03-17 00:00:00,-3.0974509803921575
2020-03-17 01:00:00,-2.713137254901961
2020-03-17 02:00:00,-3.7452941176470587
2020-03-17 03:00:00,-4.408823529411765
2020-03-17 04:00:00,-2.3907843137254896
2020-03-17 05:00:00,-2.013529411764706
2020-03-17 06:00:00,-2.1876470588235293
2020-03-17 07:00:00,-2.4276470588235295
2020-03-17 08:00:00,-1.0809803921568626
2020-03-17 09:00:00,0.5582352941176472
2020-03-17 10:00:00,4.633529411764705
2020-03-17 11:00:00,8.611568627450982
2020-03-17 12:00:00,11.729215686274511
2020-03-17 13:00:00,13.511176470588234
2020-03-17 14:00:00,14.708039215686275
2020-03-17 15:00:00,14.858627450980391
2020-03-17 16:00:00,5.689999999999999
2020-03-17 17:00:00,4.12921568627451
2020-03-17 18:00:00,2.4084313725490194
2020-03-17 19:00:00,1.41
2020-03-17 20:00:00,1.097843137254902
2020-03-17 21:00:00,-0.9476470588235294
2020-03-17 22:00:00,-0.8449019607843139
2020-03-17 23:00:00,-0.043333333333333335
2020-03-18 00:00:00,-0.794705882352941
2020-03-18 01:00:00,-0.182156862745098
2020-03-18 02:00:00,-1.8158823529411765
2020-03-18 03:00:00,-2.7876470588235294
2020-03-18 04:00:00,-1.2033333333333331
2020-03-18 05:00:00,-0.9147058823529411
2020-03-18 06:00:00,-1.11
2020-03-18 07:00:00,-1.0480392156862746
2020-03-18 08:00:00,-0.16333333333333333
2020-03-18 09:00:00,0.3033333333333333
2020-03-18 10:00:00,5.9676470588235295
2020-03-18 11:00:00,9.64921568627451
2020-03-18 12:00:00,12.598235294117645
2020-03-18 13:00:00,15.035882352941178
2020-03-18 14:00:00,16.304117647058824
2020-03-18 15:00:00,15.549607843137254
2020-03-18 16:00:00,6.958235294117649
2020-03-18 17:00:00,4.85
2020-03-18 18:00:00,3.097843137254902
2020-03-18 19:00:00,1.9888235294117649
2020-03-18 20:00:00,1.0672549019607842
2020-03-18 21:00:00,0.5872549019607843
2020-03-18 22:00:00,-0.4268627450980393
2020-03-18 23:00:00,-0.7288235294117648
2020-03-19 00:00:00,-0.49823529411764705
2020-03-19 01:00:00,-0.7256862745098038
2020-03-19 02:00:00,-1.373529411764706
2020-03-19 03:00:00,-1.6127450980392155
2020-03-19 04:00:00,-1.4535294117647062
2020-03-19 05:00:00,-1.9147058823529413
2020-03-19 06:00:00,-2.073921568627451
2020-03-19 07:00:00,-2.0770588235294114
2020-03-19 08:00:00,-2.1562745098039215
2020-03-19 09:00:00,-2.073921568627451
2020-03-19 10:00:00,7.561372549019608
2020-03-19 11:00:00,9.443725490196078
2020-03-19 12:00:00,13.113529411764702
2020-03-19 13:00:00,15.152745098039215
2020-03-19 14:00:00,16.274313725490195
2020-03-19 15:00:00,15.384901960784314
2020-03-19 16:00:00,7.228823529411765
2020-03-19 17:00:00,4.7778431372549015
2020-03-19 18:00:00,3.548039215686275
2020-03-19 19:00:00,1.5213725490196082
2020-03-19 20:00:00,1.0672549019607842
2020-03-19 21:00:00,0.3198039215686274
2020-03-19 22:00:00,4.104901960784315
2020-03-19 23:00:00,3.573921568627451
2020-03-20 00:00:00,4.430392156862745
2020-03-20 01:00:00,4.182549019607844
2020-03-20 02:00:00,4.042156862745098
2020-03-20 03:00:00,3.7699999999999996
2020-03-20 04:00:00,3.388039215686274
2020-03-20 05:00:00,3.827254901960784
2020-03-20 06:00:00,3.1747058823529413
2020-03-20 07:00:00,2.93
2020-03-20 08:00:00,2.73
2020-03-20 09:00:00,2.062549019607843
2020-03-20 10:00:00,8.618627450980393
2020-03-20 11:00:00,10.998235294117649
2020-03-20 12:00:00,10.206078431372548
2020-03-20 13:00:00,13.60607843137255
2020-03-20 14:00:00,12.32921568627451
2020-03-20 15:00:00,14.21078431372549
2020-03-20 16:00:00,10.898627450980394
2020-03-20 17:00:00,8.090784313725491
2020-03-20 18:00:00,7.235098039215686
2020-03-20 19:00:00,5.766078431372549
2020-03-20 20:00:00,4.990392156862746
2020-03-20 21:00:00,3.9974509803921574
2020-03-20 22:00:00,2.81313725490196
2020-03-20 23:00:00,2.2045098039215687
2020-03-21 00:00:00,2.8084313725490193
2020-03-21 01:00:00,2.898627450980391
2020-03-21 02:00:00,2.5001960784313724
2020-03-21 03:00:00,-0.3774509803921568
2020-03-21 04:00:00,-1.934313725490196
2020-03-21 05:00:00,-2.0762745098039215
2020-03-21 06:00:00,-2.4550980392156863
2020-03-21 07:00:00,-1.927254901960784
2020-03-21 08:00:00,-1.2998039215686277
2020-03-21 09:00:00,0.7715686274509804
2020-03-21 10:00:00,6.098627450980391
2020-03-21 11:00:00,8.96607843137255
2020-03-21 12:00:00,12.88607843137255
2020-03-21 13:00:00,14.145686274509803
2020-03-21 14:00:00,14.65392156862745
2020-03-21 15:00:00,14.097843137254902
2020-03-21 16:00:00,9.675882352941176
2020-03-21 17:00:00,7.6774509803921545
2020-03-21 18:00:00,5.649215686274509
2020-03-21 19:00:00,4.548039215686275
2020-03-21 20:00:00,2.817058823529412
2020-03-21 21:00:00,3.151176470588235
2020-03-21 22:00:00,2.755882352941177
2020-03-21 23:00:00,1.3574509803921564
2020-03-22 00:00:00,1.6476470588235295
2020-03-22 01:00:00,1.1135294117647059
2020-03-22 02:00:00,1.4766666666666668
2020-03-22 03:00:00,0.8978431372549021
2020-03-22 04:00:00,-0.3162745098039215
2020-03-22 05:00:00,-0.05431372549019607
2020-03-22 06:00:00,-0.30764705882352944
2020-03-22 07:00:00,-0.47235294117647064
2020-03-22 08:00:00,-0.059019607843137256
2020-03-22 09:00:00,2.628823529411765
2020-03-22 10:00:00,4.2609803921568625
2020-03-22 11:00:00,2.9856862745098036
2020-03-22 12:00:00,3.060196078431373
2020-03-22 13:00:00,1.8743137254901958
2020-03-22 14:00:00,1.1605882352941177
2020-03-22 15:00:00,3.0727450980392153
2020-03-22 16:00:00,1.4013725490196076
2020-03-22 17:00:00,-0.15313725490196076
2020-03-22 18:00:00,-0.9798039215686276
2020-03-22 19:00:00,-1.7758823529411762
2020-03-22 20:00:00,-1.602549019607843
2020-03-22 21:00:00,-1.2566666666666668
2020-03-22 22:00:00,-1.9139215686274504
2020-03-22 23:00:00,-1.885686274509804
2020-03-23 00:00:00,-1.930392156862745
2020-03-23 01:00:00,-2.4354901960784314
2020-03-23 02:00:00,-1.6770588235294117
2020-03-23 03:00:00,-2.324117647058823
2020-03-23 04:00:00,-2.0072549019607844
2020-03-23 05:00:00,-2.0354901960784315
2020-03-23 06:00:00,-1.942156862745098
2020-03-23 07:00:00,-2.2080392156862745
2020-03-23 08:00:00,-2.2080392156862745
2020-03-23 09:00:00,-0.03549019607843139
2020-03-23 10:00:00,2.2147058823529413
2020-03-23 11:00:00,3.4272549019607847
2020-03-23 12:00:00,6.00843137254902
2020-03-23 13:00:00,7.00686274509804
2020-03-23 14:00:00,7.158235294117648
2020-03-23 15:00:00,6.846862745098038
2020-03-23 16:00:00,4.911960784313726
2020-03-23 17:00:00,-1.2841176470588234
2020-03-23 18:00:00,-4.103725490196078
2020-03-23 19:00:00,-5.253529411764706
2020-03-23 20:00:00,-6.479411764705882
2020-03-23 21:00:00,-6.129607843137255
2020-03-23 22:00:00,-6.786862745098039
2020-03-23 23:00:00,-6.161764705882353
2020-03-24 00:00:00,-7.845686274509804
2020-03-24 01:00:00,-8.848039215686274
2020-03-24 02:00:00,-8.111568627450982
2020-03-24 03:00:00,-6.6488235294117635
2020-03-24 04:00:00,-5.862156862745098
2020-03-24 05:00:00,-5.649607843137255
2020-03-24 06:00:00,-4.2260784313725495
2020-03-24 07:00:00,-4.239411764705882
2020-03-24 08:00:00,-5.033921568627451
2020-03-24 09:00:00,-5.701372549019607
2020-03-24 10:00:00,0.21470588235294116
2020-03-24 11:00:00,0.37078431372549026
2020-03-24 12:00:00,3.4358823529411766
2020-03-24 13:00:00,5.014705882352941
2020-03-24 14:00:00,5.874313725490196
2020-03-24 15:00:00,6.457058823529411
2020-03-24 16:00:00,4.999019607843137
2020-03-24 17:00:00,-1.4401960784313725
2020-03-24 18:00:00,-3.7484313725490193
2020-03-24 19:00:00,-5.156274509803922
2020-03-24 20:00:00,-6.250392156862745
2020-03-24 21:00:00,-6.897450980392155
2020-03-24 22:00:00,-7.87235294117647
2020-03-24 23:00:00,-8.053529411764705
2020-03-25 00:00:00,-9.284117647058823
2020-03-25 01:00:00,-7.23313725490196
2020-03-25 02:00:00,-7.047254901960784
2020-03-25 03:00:00,-7.477843137254902
2020-03-25 04:00:00,-7.4315686274509805
2020-03-25 05:00:00,-8.339019607843136
2020-03-25 06:00:00,-8.773529411764708
2020-03-25 07:00:00,-7.931960784313725
2020-03-25 08:00:00,-7.844901960784314
2020-03-25 09:00:00,-6.171176470588234
2020-03-25 10:00:00,1.2523529411764704
2020-03-25 11:00:00,-0.1915686274509804
2020-03-25 12:00:00,2.357450980392157
2020-03-25 13:00:00,3.588823529411765
2020-03-25 14:00:00,4.635098039215686
2020-03-25 15:00:00,2.973921568627451
2020-03-25 16:00:00,0.9472549019607842
2020-03-25 17:00:00,-1.4801960784313724
2020-03-25 18:00:00,-3.300588235294118
2020-03-25 19:00:00,-5.362549019607843
2020-03-25 20:00:00,-6.862156862745098
2020-03-25 21:00:00,-7.43313725490196
2020-03-25 22:00:00,-5.9947058823529416
2020-03-25 23:00:00,-3.4150980392156867
2020-03-26 00:00:00,-3.318627450980393
2020-03-26 01:00:00,-4.216666666666667
2020-03-26 02:00:00,-4.215098039215687
2020-03-26 03:00:00,-5.077058823529412
2020-03-26 04:00:00,-5.601764705882353
2020-03-26 05:00:00,-5.506078431372549
2020-03-26 06:00:00,-5.976666666666667
2020-03-26 07:00:00,-6.98529411764706
2020-03-26 08:00:00,-6.138235294117645
2020-03-26 09:00:00,-4.7688235294117645
2020-03-26 10:00:00,2.125294117647059
2020-03-26 11:00:00,1.5841176470588234
2020-03-26 12:00:00,3.634313725490196
2020-03-26 13:00:00,4.449215686274511
2020-03-26 14:00:00,3.1692156862745096
2020-03-26 15:00:00,3.3009803921568626
2020-03-26 16:00:00,2.37078431372549
2020-03-26 17:00:00,2.0139215686274508
2020-03-26 18:00:00,-0.08411764705882353
2020-03-26 19:00:00,-4.099019607843138
2020-03-26 20:00:00,-4.323333333333333
2020-03-26 21:00:00,-4.444901960784314
2020-03-26 22:00:00,-5.559411764705882
2020-03-26 23:00:00,-5.915490196078431
2020-03-27 00:00:00,-6.304509803921569
2020-03-27 01:00:00,-7.226862745098039
2020-03-27 02:00:00,-7.357058823529414
2020-03-27 03:00:00,-7.408823529411765
2020-03-27 04:00:00,-4.341372549019607
2020-03-27 05:00:00,-3.724901960784314
2020-03-27 06:00:00,-4.226862745098039
2020-03-27 07:00:00,-3.4880392156862747
2020-03-27 08:00:00,-3.745294117647059
2020-03-27 09:00:00,-1.2268627450980392
2020-03-27 10:00:00,3.4884313725490195
2020-03-27 11:00:00,5.188823529411764
2020-03-27 12:00:00,7.468039215686274
2020-03-27 13:00:00,10.183333333333334
2020-03-27 14:00:00,11.52294117647059
2020-03-27 15:00:00,9.920588235294117
2020-03-27 16:00:00,8.378627450980394
2020-03-27 17:00:00,4.939411764705883
2020-03-27 18:00:00,1.9198039215686273
2020-03-27 19:00:00,0.12921568627450977
2020-03-27 20:00:00,-1.8472549019607842
2020-03-27 21:00:00,-2.7939215686274506
2020-03-27 22:00:00,-3.26843137254902
2020-03-27 23:00:00,-3.38921568627451
2020-03-28 00:00:00,-3.1327450980392157
2020-03-28 01:00:00,-3.7798039215686283
2020-03-28 02:00:00,-3.9837254901960795
2020-03-28 03:00:00,-4.47313725490196
2020-03-28 04:00:00,-3.850392156862745
2020-03-28 05:00:00,-3.082549019607844
2020-03-28 06:00:00,-2.880980392156863
2020-03-28 07:00:00,-2.837843137254901
2020-03-28 08:00:00,1.9323529411764708
2020-03-28 09:00:00,6.198235294117646
2020-03-28 10:00:00,6.999803921568627
2020-03-28 11:00:00,7.642941176470589
2020-03-28 12:00:00,10.422549019607844
2020-03-28 13:00:00,13.683725490196078
2020-03-28 14:00:00,15.759019607843134
2020-03-28 15:00:00,12.118235294117648
2020-03-28 16:00:00,9.424901960784313
2020-03-28 17:00:00,9.05156862745098
2020-03-28 18:00:00,7.133921568627451
2020-03-28 19:00:00,5.193529411764706
2020-03-28 20:00:00,3.322941176470589
2020-03-28 21:00:00,2.549607843137255
2020-03-28 22:00:00,1.9652941176470586
2020-03-28 23:00:00,0.954313725490196
2020-03-29 00:00:00,-0.3892156862745098
2020-03-29 01:00:00,-1.59
2020-03-29 03:00:00,-0.6982352941176471
2020-03-29 04:00:00,-0.3837254901960785
2020-03-29 05:00:00,-0.028431372549019607
2020-03-29 06:00:00,0.9001960784313726
2020-03-29 07:00:00,1.0915686274509804
2020-03-29 08:00:00,1.304901960784314
2020-03-29 09:00:00,3.6915686274509807
2020-03-29 10:00:00,5.354313725490196
2020-03-29 11:00:00,8.457058823529412
2020-03-29 12:00:00,9.21313725490196
2020-03-29 13:00:00,8.800588235294118
2020-03-29 14:00:00,5.696274509803922
2020-03-29 15:00:00,3.517450980392157
2020-03-29 16:00:00,1.7103921568627451
2020-03-29 17:00:00,0.9456862745098039
2020-03-29 18:00:00,-1.9758823529411766
2020-03-29 19:00:00,-1.9711764705882353
2020-03-29 20:00:00,-3.130392156862745
2020-03-29 21:00:00,-3.936666666666666
2020-03-29 22:00:00,-3.4362745098039222
2020-03-29 23:00:00,-4.254313725490197
2020-03-30 00:00:00,-5.087254901960784
2020-03-30 01:00:00,-4.538235294117647
2020-03-30 02:00:00,-4.819803921568627
2020-03-30 03:00:00,-3.3460784313725487
2020-03-30 04:00:00,-3.241764705882352
2020-03-30 05:00:00,-3.0237254901960786
2020-03-30 06:00:00,-3.4245098039215693
2020-03-30 07:00:00,-3.2762745098039217
2020-03-30 08:00:00,-3.3241176470588236
2020-03-30 09:00:00,-3.004117647058824
2020-03-30 10:00:00,-1.5782352941176467
2020-03-30 11:00:00,-1.5664705882352945
2020-03-30 12:00:00,-1.8041176470588236
2020-03-30 13:00:00,-0.6950980392156865
2020-03-30 14:00:00,-1.6252941176470588
2020-03-30 15:00:00,0.013921568627450975
2020-03-30 16:00:00,0.5198039215686275
2020-03-30 17:00:00,-0.35235294117647065
2020-03-30 18:00:00,-2.39
2020-03-30 19:00:00,-2.846470588235294
2020-03-30 20:00:00,-3.2519607843137255
2020-03-30 21:00:00,-3.8150980392156866
2020-03-30 22:00:00,-3.491960784313725
2020-03-30 23:00:00,-3.8841176470588232
2020-03-31 00:00:00,-3.502156862745098
2020-03-31 01:00:00,-3.7703921568627456
2020-03-31 02:00:00,-3.7649019607843135
2020-03-31 03:00:00,-3.495882352941176
2020-03-31 04:00:00,-4.202549019607843
2020-03-31 05:00:00,-4.157058823529412
2020-03-31 06:00:00,-3.9939215686274507
2020-03-31 07:00:00,-4.712352941176471
2020-03-31 08:00:00,-4.393137254901961
2020-03-31 09:00:00,-3.8001960784313726
2020-03-31 10:00:00,-3.084117647058823
2020-03-31 11:00:00,-1.4260784313725487
2020-03-31 12:00:00,3.6813725490196085
2020-03-31 13:00:00,4.711960784313726
2020-03-31 14:00:00,6.127647058823531
2020-03-31 15:00:00,7.122156862745098
2020-03-31 16:00:00,8.395098039215686
2020-03-31 17:00:00,7.8398039215686275
2020-03-31 18:00:00,1.201372549019608
2020-03-31 19:00:00,-0.6503921568627451
2020-03-31 20:00:00,-3.855882352941176
2020-03-31 21:00:00,-5.059803921568627
2020-03-31 22:00:00,-6.034705882352941
2020-03-31 23:00:00,-6.3978431372549025
2020-04-01 00:00:00,-8.376666666666667
2020-04-01 01:00:00,-7.302941176470588
2020-04-01 02:00:00,-5.909999999999999
2020-04-01 03:00:00,-6.253529411764706
2020-04-01 04:00:00,-6.382941176470589
2020-04-01 05:00:00,-6.929607843137257
2020-04-01 06:00:00,-7.457450980392156
2020-04-01 07:00:00,-7.434705882352941
2020-04-01 08:00:00,-7.199411764705883
2020-04-01 09:00:00,-6.684117647058824
2020-04-01 10:00:00,-3.6252941176470586
2020-04-01 11:00:00,2.578627450980392
2020-04-01 12:00:00,2.8476470588235294
2020-04-01 13:00:00,5.395882352941176
2020-04-01 14:00:00,9.061764705882354
2020-04-01 15:00:00,10.504117647058825
2020-04-01 16:00:00,10.467254901960786
2020-04-01 17:00:00,10.344901960784314
2020-04-01 18:00:00,0.5033333333333333
2020-04-01 19:00:00,-0.8794117647058823
2020-04-01 20:00:00,-2.6041176470588234
2020-04-01 21:00:00,-3.673137254901961
2020-04-01 22:00:00,-4.561764705882353
2020-04-01 23:00:00,-5.10921568627451
2020-04-02 00:00:00,-5.858235294117646
2020-04-02 01:00:00,-5.603333333333333
2020-04-02 02:00:00,-6.179803921568627
2020-04-02 03:00:00,-6.062941176470589
2020-04-02 04:00:00,-4.662156862745098
2020-04-02 05:00:00,-3.789999999999999
2020-04-02 06:00:00,-4.393921568627451
2020-04-02 07:00:00,-5.424509803921569
2020-04-02 08:00:00,-4.419019607843137
2020-04-02 09:00:00,-3.112352941176471
2020-04-02 10:00:00,0.7252941176470589
2020-04-02 11:00:00,5.483725490196079
2020-04-02 12:00:00,6.803725490196079
2020-04-02 13:00:00,7.69
2020-04-02 14:00:00,10.106470588235295
2020-04-02 15:00:00,12.281372549019608
2020-04-02 16:00:00,13.638235294117646
2020-04-02 17:00:00,7.969215686274511
2020-04-02 18:00:00,7.4664705882352935
2020-04-02 19:00:00,4.5425490196078435
2020-04-02 20:00:00,3.2664705882352942
2020-04-02 21:00:00,2.6209803921568624
2020-04-02 22:00:00,1.6586274509803922
2020-04-02 23:00:00,0.7213725490196078
2020-04-03 00:00:00,0.35901960784313725
2020-04-03 01:00:00,-0.0684313725490196
2020-04-03 02:00:00,-0.3743137254901961
2020-04-03 03:00:00,-0.6762745098039215
2020-04-03 04:00:00,-1.1609803921568627
2020-04-03 05:00:00,-0.7837254901960783
2020-04-03 06:00:00,-1.961764705882353
2020-04-03 07:00:00,-2.3154901960784313
2020-04-03 08:00:00,-0.30058823529411766
2020-04-03 09:00:00,1.5503921568627452
2020-04-03 10:00:00,3.226470588235294
2020-04-03 11:00:00,6.3864705882352935
2020-04-03 12:00:00,8.540196078431373
2020-04-03 13:00:00,10.258627450980393
2020-04-03 14:00:00,11.319019607843135
2020-04-03 15:00:00,13.226470588235292
2020-04-03 16:00:00,12.980980392156862
2020-04-03 17:00:00,6.964509803921567
2020-04-03 18:00:00,6.942549019607843
2020-04-03 19:00:00,5.075098039215686
2020-04-03 20:00:00,3.079019607843137
2020-04-03 21:00:00,0.4633333333333334
2020-04-03 22:00:00,1.1880392156862742
2020-04-03 23:00:00,-0.3837254901960784
2020-04-04 00:00:00,-1.5554901960784313
2020-04-04 01:00:00,-3.3201960784313735
2020-04-04 02:00:00,-3.2692156862745096
2020-04-04 03:00:00,-4.997058823529412
2020-04-04 04:00:00,-3.2472549019607846
2020-04-04 05:00:00,-3.6017647058823528
2020-04-04 06:00:00,-3.5860784313725493
2020-04-04 07:00:00,-4.176666666666666
2020-04-04 08:00:00,-3.8127450980392155
2020-04-04 09:00:00,-3.4284313725490194
2020-04-04 10:00:00,0.9307843137254903
2020-04-04 11:00:00,6.117450980392157
2020-04-04 12:00:00,7.3770588235294134
2020-04-04 13:00:00,9.629607843137256
2020-04-04 14:00:00,12.533921568627452
2020-04-04 15:00:00,14.752745098039211
2020-04-04 16:00:00,15.166078431372547
2020-04-04 17:00:00,15.148039215686273
2020-04-04 18:00:00,4.942549019607844
2020-04-04 19:00:00,2.9629411764705877
2020-04-04 20:00:00,0.3158823529411765
2020-04-04 21:00:00,-0.2284313725490196
2020-04-04 22:00:00,-1.856666666666667
2020-04-04 23:00:00,-2.1601960784313725
2020-04-05 00:00:00,-2.4001960784313723
2020-04-05 01:00:00,-3.6464705882352946
2020-04-05 02:00:00,-3.6974509803921563
2020-04-05 03:00:00,-4.403333333333333
2020-04-05 04:00:00,-2.666862745098039
2020-04-05 05:00:00,-2.5852941176470585
2020-04-05 06:00:00,-2.473137254901961
2020-04-05 07:00:00,-2.8441176470588245
2020-04-05 08:00:00,-1.6841176470588235
2020-04-05 09:00:00,-1.9947058823529409
2020-04-05 10:00:00,3.1637254901960787
2020-04-05 11:00:00,9.315882352941175
2020-04-05 12:00:00,10.724509803921567
2020-04-05 13:00:00,12.797450980392158
2020-04-05 14:00:00,15.101764705882355
2020-04-05 15:00:00,17.052352941176473
2020-04-05 16:00:00,18.540196078431375
2020-04-05 17:00:00,18.490784313725488
2020-04-05 18:00:00,9.362941176470589
2020-04-05 19:00:00,8.303333333333335
2020-04-05 20:00:00,7.594313725490195
2020-04-05 21:00:00,6.881372549019607
2020-04-05 22:00:00,6.624901960784313
2020-04-05 23:00:00,6.388039215686275
2020-04-06 00:00:00,5.380980392156863
