,When,Discharge,v_a,Maximum Wind Speed,Wind Direction,T_a,RH,p_a,Fountain
0,2019-01-30 17:00:00,0.0,0.5,1.1,192.0,-9.7,86.9,889.0,0
1,2019-01-30 18:00:00,0.0,0.5,1.1,160.0,-10.7,87.4,888.9,0
2,2019-01-30 19:00:00,0.0,0.3,1.0,177.0,-11.2,88.9,888.6,0
3,2019-01-30 20:00:00,0.0,0.6,1.3,193.0,-11.5,87.4,888.2,0
4,2019-01-30 21:00:00,4.04,0.4,0.7,199.0,-11.3,89.4,888.0,1
5,2019-01-30 22:00:00,4.06,0.4,0.8,182.0,-10.6,88.4,887.2,1
6,2019-01-30 23:00:00,4.02,0.3,0.8,189.0,-9.8,88.5,886.7,1
7,2019-01-31 00:00:00,4.02,0.6,0.8,218.0,-8.8,87.5,886.6,1
8,2019-01-31 01:00:00,4.02,0.7,1.0,233.0,-7.8,89.2,886.4,1
9,2019-01-31 02:00:00,4.04,0.3,0.6,127.0,-7.1,89.6,885.8,1
10,2019-01-31 03:00:00,4.02,0.4,0.8,231.0,-6.6,89.4,885.9,1
11,2019-01-31 04:00:00,4.02,0.4,1.6,285.0,-6.5,89.7,885.6,1
12,2019-01-31 05:00:00,4.04,0.5,1.1,216.0,-5.0,91.4,885.5,1
13,2019-01-31 06:00:00,4.02,0.7,1.3,218.0,-4.1,91.7,885.7,1
14,2019-01-31 07:00:00,4.13,0.7,1.3,233.0,-3.5,88.4,886.1,1
15,2019-01-31 08:00:00,4.13,0.4,0.9,223.0,-3.0,89.9,886.4,1
16,2019-01-31 09:00:00,4.15,0.2,0.6,156.0,-1.9,83.1,886.3,1
17,2019-01-31 10:00:00,4.13,0.2,0.4,132.0,-1.6,82.0,885.8,1
18,2019-01-31 11:00:00,0.0,0.7,2.0,44.0,-0.7,80.5,884.6,0
19,2019-01-31 12:00:00,0.0,0.9,2.5,23.0,-1.2,82.0,884.0,0
20,2019-01-31 13:00:00,0.0,0.3,0.8,298.0,-1.2,80.1,884.1,0
21,2019-01-31 14:00:00,0.0,0.4,0.9,287.0,-1.2,80.0,883.1,0
22,2019-01-31 15:00:00,0.0,0.4,1.0,297.0,-1.4,82.1,882.7,0
23,2019-01-31 16:00:00,0.0,0.4,0.8,196.0,-2.2,86.7,882.4,0
24,2019-01-31 17:00:00,0.0,0.2,0.6,253.0,-2.2,87.8,882.3,0
25,2019-01-31 18:00:00,0.0,0.2,0.6,7.0,-2.2,88.4,881.8,0
26,2019-01-31 19:00:00,0.0,0.3,0.9,41.0,-2.4,88.9,882.0,0
27,2019-01-31 20:00:00,0.0,0.4,0.9,168.0,-3.4,90.0,881.7,0
28,2019-01-31 21:00:00,0.0,0.4,0.7,65.0,-3.2,91.0,881.5,0
29,2019-01-31 22:00:00,0.0,0.3,0.5,44.0,-3.2,91.1,881.5,0
30,2019-01-31 23:00:00,0.0,0.5,1.0,217.0,-3.2,91.6,881.4,0
31,2019-02-01 00:00:00,0.0,0.5,1.0,201.0,-2.8,91.4,881.7,0
32,2019-02-01 01:00:00,0.0,1.1,2.8,209.0,-2.4,93.0,881.7,0
33,2019-02-01 02:00:00,0.0,0.3,0.8,344.0,-0.5,93.8,881.6,0
34,2019-02-01 03:00:00,0.0,0.3,0.5,175.0,-0.3,93.0,881.0,0
35,2019-02-01 04:00:00,0.0,0.4,0.7,221.0,-0.4,94.5,880.6,0
36,2019-02-01 05:00:00,0.0,0.5,0.8,326.0,0.0,94.5,880.8,0
37,2019-02-01 06:00:00,0.0,0.2,0.5,186.0,0.0,94.4,880.9,0
38,2019-02-01 07:00:00,0.0,0.3,0.6,202.0,0.1,94.5,881.1,0
39,2019-02-01 08:00:00,0.0,0.4,0.7,199.0,0.2,94.6,881.3,0
40,2019-02-01 09:00:00,0.0,0.3,0.4,243.0,0.4,94.4,881.0,0
41,2019-02-01 10:00:00,0.0,0.3,0.4,254.0,0.4,94.0,880.7,0
42,2019-02-01 11:00:00,0.0,0.2,0.4,124.0,0.4,93.6,879.3,0
43,2019-02-01 12:00:00,0.0,0.2,0.3,29.0,0.3,93.9,878.4,0
44,2019-02-01 13:00:00,0.0,0.3,0.4,2.0,0.3,94.2,877.8,0
45,2019-02-01 14:00:00,0.0,0.1,0.3,291.0,0.1,94.1,877.4,0
46,2019-02-01 15:00:00,0.0,0.2,0.7,5.0,0.0,94.5,877.2,0
47,2019-02-01 16:00:00,0.0,0.0,0.0,0.0,-0.3,94.1,878.2,0
48,2019-02-01 17:00:00,0.0,0.0,0.0,0.0,-0.5,93.5,879.2,0
49,2019-02-01 18:00:00,0.0,0.0,0.0,0.0,-0.2,94.2,879.7,0
50,2019-02-01 19:00:00,0.0,0.0,0.0,0.0,0.0,94.6,879.9,0
51,2019-02-01 20:00:00,0.0,0.0,0.0,0.0,0.0,94.7,879.9,0
52,2019-02-01 21:00:00,0.0,0.0,0.0,0.0,0.0,94.8,879.7,0
53,2019-02-01 22:00:00,0.0,0.0,0.0,0.0,-0.2,94.7,879.9,0
54,2019-02-01 23:00:00,0.0,0.0,0.0,0.0,0.0,94.9,880.5,0
55,2019-02-02 00:00:00,0.0,0.0,0.0,0.0,0.0,94.7,880.5,0
56,2019-02-02 01:00:00,0.0,0.0,0.0,0.0,-0.3,94.7,880.5,0
57,2019-02-02 02:00:00,0.0,0.0,0.0,0.0,-0.4,94.6,880.5,0
58,2019-02-02 03:00:00,0.0,0.0,0.0,0.0,-1.1,93.9,880.6,0
59,2019-02-02 04:00:00,0.0,0.0,0.0,0.0,-1.7,93.5,881.3,0
60,2019-02-02 05:00:00,0.0,0.0,0.0,0.0,-3.0,91.6,882.1,0
61,2019-02-02 06:00:00,0.0,0.0,0.0,0.0,-3.5,92.9,882.8,0
62,2019-02-02 07:00:00,0.0,0.0,0.0,0.0,-4.1,90.8,883.4,0
63,2019-02-02 08:00:00,0.0,0.0,0.0,0.0,-3.6,91.2,883.9,0
64,2019-02-02 09:00:00,0.0,0.0,0.0,0.0,-0.9,85.0,884.3,0
65,2019-02-02 10:00:00,0.0,0.0,0.0,0.0,0.9,83.8,884.2,0
66,2019-02-02 11:00:00,0.0,0.0,0.0,0.0,0.9,89.6,884.4,0
67,2019-02-02 12:00:00,0.0,0.0,0.0,0.0,0.7,92.3,884.9,0
68,2019-02-02 13:00:00,0.0,0.0,0.0,0.0,0.8,90.8,885.3,0
69,2019-02-02 14:00:00,0.0,0.0,0.0,0.0,0.6,93.4,885.6,0
70,2019-02-02 15:00:00,0.0,0.0,0.0,0.0,0.5,92.5,886.4,0
71,2019-02-02 16:00:00,0.0,0.0,0.0,0.0,0.2,94.6,886.9,0
72,2019-02-02 17:00:00,0.0,0.0,0.0,0.0,-0.4,94.5,887.9,0
73,2019-02-02 18:00:00,0.0,0.0,0.0,0.0,0.0,94.9,888.9,0
74,2019-02-02 19:00:00,0.0,0.0,0.0,0.0,0.0,93.1,889.4,0
75,2019-02-02 20:00:00,0.0,0.0,0.0,0.0,0.0,92.7,889.9,0
76,2019-02-02 21:00:00,0.0,0.0,0.0,0.0,0.0,92.7,890.2,0
77,2019-02-02 22:00:00,0.0,0.0,0.0,0.0,-0.2,93.7,890.6,0
78,2019-02-02 23:00:00,0.0,0.0,0.0,0.0,-0.4,93.4,891.3,0
79,2019-02-03 00:00:00,0.0,0.0,0.0,0.0,-0.7,93.7,891.9,0
80,2019-02-03 01:00:00,0.0,0.0,0.0,0.0,-0.9,93.0,892.5,0
81,2019-02-03 02:00:00,0.0,0.0,0.0,0.0,-1.1,92.5,893.2,0
82,2019-02-03 03:00:00,0.0,0.0,0.0,0.0,-1.1,93.0,893.9,0
83,2019-02-03 04:00:00,0.0,0.0,0.0,0.0,-1.3,92.7,894.9,0
84,2019-02-03 05:00:00,0.0,0.0,0.0,0.0,-1.7,92.4,895.5,0
85,2019-02-03 06:00:00,0.0,0.0,0.0,0.0,-1.7,93.1,896.3,0
86,2019-02-03 07:00:00,0.0,0.0,0.0,0.0,-1.8,92.0,897.8,0
87,2019-02-03 08:00:00,0.0,0.0,0.0,0.0,-1.8,92.2,898.8,0
88,2019-02-03 09:00:00,0.0,0.0,0.0,0.0,-1.5,91.3,899.7,0
89,2019-02-03 10:00:00,0.0,0.0,0.0,0.0,-1.5,91.6,900.7,0
90,2019-02-03 11:00:00,0.0,0.0,0.0,0.0,-1.7,91.7,901.5,0
91,2019-02-03 12:00:00,0.0,0.0,0.0,0.0,-1.8,91.3,902.1,0
92,2019-02-03 13:00:00,0.0,0.0,0.0,0.0,-1.6,88.5,903.0,0
93,2019-02-03 14:00:00,0.0,0.0,0.0,0.0,-1.9,89.1,904.1,0
94,2019-02-03 15:00:00,0.0,0.0,0.0,0.0,-2.9,91.3,905.1,0
95,2019-02-03 16:00:00,0.0,0.0,0.0,0.0,-3.0,89.7,906.1,0
96,2019-02-03 17:00:00,3.99,0.0,0.0,0.0,-3.3,87.8,907.4,1
97,2019-02-03 18:00:00,3.97,0.0,0.0,0.0,-3.6,90.7,908.5,1
98,2019-02-03 19:00:00,3.99,0.0,0.0,0.0,-3.6,86.8,909.4,1
99,2019-02-03 20:00:00,3.99,0.0,0.0,0.0,-3.6,89.2,910.0,1
100,2019-02-03 21:00:00,3.98,0.0,0.0,0.0,-3.7,90.3,910.4,1
101,2019-02-03 22:00:00,3.98,0.0,0.0,0.0,-3.7,90.4,910.6,1
102,2019-02-03 23:00:00,3.98,0.0,0.0,0.0,-3.7,90.1,910.8,1
103,2019-02-04 00:00:00,3.97,0.0,0.0,0.0,-3.8,90.1,910.6,1
104,2019-02-04 01:00:00,3.97,0.0,0.0,0.0,-4.9,88.7,910.7,1
105,2019-02-04 02:00:00,3.97,0.0,0.0,0.0,-7.2,87.6,911.1,1
106,2019-02-04 03:00:00,3.97,0.0,0.0,0.0,-8.7,90.1,912.0,1
107,2019-02-04 04:00:00,3.98,0.0,0.0,0.0,-9.2,87.6,911.9,1
108,2019-02-04 05:00:00,4.0,0.0,0.0,0.0,-9.9,89.0,911.8,1
109,2019-02-04 06:00:00,4.0,0.0,0.0,0.0,-10.7,89.0,911.6,1
110,2019-02-04 07:00:00,4.0,0.0,0.0,0.0,-10.9,88.1,912.1,1
111,2019-02-04 08:00:00,4.0,0.0,0.0,0.0,-10.7,87.9,912.3,1
112,2019-02-04 09:00:00,3.99,0.0,0.0,0.0,-6.6,80.3,912.2,1
113,2019-02-04 10:00:00,3.97,0.0,0.0,0.0,-2.7,68.5,912.4,1
114,2019-02-04 11:00:00,0.0,0.0,0.0,0.0,-3.5,81.2,912.0,0
115,2019-02-04 12:00:00,0.0,0.0,0.0,0.0,-3.2,84.2,911.2,0
116,2019-02-04 13:00:00,0.0,0.0,0.0,0.0,-3.2,86.6,911.0,0
117,2019-02-04 14:00:00,0.0,0.0,0.0,0.0,-3.3,87.1,911.0,0
118,2019-02-04 15:00:00,0.0,0.0,0.0,0.0,-4.2,86.9,911.7,0
119,2019-02-04 16:00:00,0.0,0.0,0.0,0.0,-6.9,89.3,911.9,0
120,2019-02-04 17:00:00,0.0,0.0,0.0,0.0,-7.9,89.8,912.4,0
121,2019-02-04 18:00:00,0.0,0.0,0.0,0.0,-8.3,90.0,912.2,0
122,2019-02-04 19:00:00,0.0,0.0,0.0,0.0,-8.8,90.4,912.1,0
123,2019-02-04 20:00:00,0.0,0.0,0.0,0.0,-9.0,90.0,912.3,0
124,2019-02-04 21:00:00,0.0,0.0,0.0,0.0,-8.9,89.9,912.4,0
125,2019-02-04 22:00:00,0.0,0.0,0.0,0.0,-8.9,89.1,912.3,0
126,2019-02-04 23:00:00,0.0,0.0,0.0,0.0,-9.1,90.8,912.1,0
127,2019-02-05 00:00:00,0.0,0.0,0.0,0.0,-8.1,90.4,912.0,0
128,2019-02-05 01:00:00,0.0,0.0,0.0,0.0,-7.5,91.2,911.7,0
129,2019-02-05 02:00:00,0.0,0.0,0.0,0.0,-7.1,90.4,911.6,0
130,2019-02-05 03:00:00,0.0,0.0,0.0,0.0,-8.0,90.5,911.4,0
131,2019-02-05 04:00:00,0.0,0.0,0.0,0.0,-8.6,90.6,912.1,0
132,2019-02-05 05:00:00,0.0,0.0,0.0,0.0,-9.2,89.5,911.9,0
133,2019-02-05 06:00:00,0.0,0.0,0.0,0.0,-9.6,87.7,912.2,0
134,2019-02-05 07:00:00,0.0,0.0,0.0,0.0,-9.7,88.6,912.5,0
135,2019-02-05 08:00:00,0.0,0.0,0.0,0.0,-9.9,89.5,913.3,0
136,2019-02-05 09:00:00,0.0,0.0,0.0,0.0,-4.9,81.3,913.3,0
137,2019-02-05 10:00:00,0.0,0.3,0.6,179.0,-1.6,77.0,913.3,0
138,2019-02-05 11:00:00,0.0,0.5,0.9,47.0,-2.0,88.3,912.8,0
139,2019-02-05 12:00:00,0.0,0.5,1.3,46.0,-1.6,85.2,912.7,0
140,2019-02-05 13:00:00,0.0,0.2,0.5,213.0,-1.2,89.0,912.5,0
141,2019-02-05 14:00:00,0.0,0.2,0.4,46.0,-1.3,92.4,912.4,0
142,2019-02-05 15:00:00,0.0,0.5,0.8,201.0,-3.0,90.1,912.7,0
143,2019-02-05 16:00:00,0.0,0.5,1.0,197.0,-3.7,93.0,912.4,0
144,2019-02-05 17:00:00,0.0,0.5,1.3,180.0,-5.2,91.0,913.2,0
145,2019-02-05 18:00:00,0.0,0.3,0.6,182.0,-6.2,91.1,913.4,0
146,2019-02-05 19:00:00,0.0,0.3,0.6,189.0,-6.9,91.4,913.3,0
147,2019-02-05 20:00:00,0.0,0.4,1.3,177.0,-7.2,91.4,913.4,0
148,2019-02-05 21:00:00,3.54,0.4,0.9,199.0,-8.4,90.1,913.5,1
149,2019-02-05 22:00:00,3.54,0.4,1.1,178.0,-8.3,91.4,913.4,1
150,2019-02-05 23:00:00,3.54,0.4,0.9,228.0,-9.0,91.9,913.2,1
151,2019-02-06 00:00:00,3.56,0.4,0.8,197.0,-9.3,89.3,913.1,1
152,2019-02-06 01:00:00,3.56,0.3,0.7,177.0,-9.4,90.7,913.0,1
153,2019-02-06 02:00:00,3.56,0.4,1.1,179.0,-10.0,89.2,912.7,1
154,2019-02-06 03:00:00,3.56,0.3,0.6,194.0,-10.3,92.1,912.6,1
155,2019-02-06 04:00:00,3.58,0.4,0.8,186.0,-9.9,90.4,912.7,1
156,2019-02-06 05:00:00,3.58,0.3,0.7,185.0,-10.0,89.5,912.6,1
157,2019-02-06 06:00:00,3.61,0.4,0.9,189.0,-10.7,89.5,912.7,1
158,2019-02-06 07:00:00,3.62,0.4,1.0,180.0,-10.0,90.6,912.8,1
159,2019-02-06 08:00:00,3.62,0.4,0.8,171.0,-9.7,89.8,912.9,1
160,2019-02-06 09:00:00,3.84,0.5,0.7,219.0,-5.1,85.8,912.7,1
161,2019-02-06 10:00:00,3.86,0.2,0.4,172.0,0.1,73.8,912.2,1
162,2019-02-06 11:00:00,0.0,0.1,0.3,80.0,0.6,78.5,911.4,0
163,2019-02-06 12:00:00,0.0,0.3,0.7,45.0,-0.7,87.6,910.8,0
164,2019-02-06 13:00:00,0.0,0.3,0.6,28.0,-0.8,90.8,910.4,0
165,2019-02-06 14:00:00,0.0,0.2,0.3,179.0,-0.9,90.6,909.8,0
166,2019-02-06 15:00:00,0.0,0.2,0.4,213.0,-1.1,89.6,909.7,0
167,2019-02-06 16:00:00,0.0,0.1,0.3,187.0,-2.7,89.1,909.6,0
168,2019-02-06 17:00:00,0.0,0.2,0.6,184.0,-4.3,91.4,909.6,0
169,2019-02-06 18:00:00,0.0,0.5,1.4,184.0,-4.9,92.2,909.3,0
170,2019-02-06 19:00:00,0.0,0.4,1.1,171.0,-5.3,90.9,909.0,0
171,2019-02-06 20:00:00,0.0,0.3,0.6,184.0,-6.7,91.5,908.9,0
172,2019-02-06 21:00:00,0.0,0.3,0.6,186.0,-7.1,91.5,908.6,0
173,2019-02-06 22:00:00,0.0,0.5,0.8,183.0,-7.8,90.3,908.4,0
174,2019-02-06 23:00:00,0.0,0.5,0.7,202.0,-7.7,91.1,907.9,0
175,2019-02-07 00:00:00,0.0,0.4,0.8,209.0,-7.5,91.3,907.5,0
176,2019-02-07 01:00:00,0.0,0.4,1.5,184.0,-7.7,90.5,907.2,0
177,2019-02-07 02:00:00,0.0,0.7,1.2,208.0,-7.5,90.7,906.5,0
178,2019-02-07 03:00:00,0.0,0.5,1.5,181.0,-7.4,91.5,906.1,0
179,2019-02-07 04:00:00,0.0,0.3,0.7,170.0,-6.7,90.9,905.7,0
180,2019-02-07 05:00:00,0.0,0.7,1.5,201.0,-6.7,91.6,905.8,0
181,2019-02-07 06:00:00,0.0,0.7,1.7,200.0,-6.0,91.6,905.6,0
182,2019-02-07 07:00:00,0.0,0.6,1.2,201.0,-5.9,92.2,905.6,0
183,2019-02-07 08:00:00,0.0,0.6,1.1,184.0,-5.4,92.2,905.5,0
184,2019-02-07 09:00:00,0.0,0.5,1.0,216.0,-3.4,92.0,905.5,0
185,2019-02-07 10:00:00,0.0,0.3,0.9,209.0,-0.7,90.3,905.5,0
186,2019-02-07 11:00:00,0.0,0.9,1.8,155.0,0.7,88.2,905.6,0
187,2019-02-07 12:00:00,0.0,0.2,0.6,40.0,1.4,87.7,904.9,0
188,2019-02-07 13:00:00,0.0,0.5,0.8,197.0,1.4,88.0,905.0,0
189,2019-02-07 14:00:00,0.0,0.2,0.4,350.0,1.3,91.7,904.6,0
190,2019-02-07 15:00:00,0.0,0.4,1.0,192.0,0.9,93.0,905.1,0
191,2019-02-07 16:00:00,0.0,0.4,1.0,207.0,0.6,93.6,905.0,0
192,2019-02-07 17:00:00,0.0,0.2,0.6,335.0,0.5,94.5,905.0,0
193,2019-02-07 18:00:00,0.0,0.4,1.0,318.0,0.4,94.7,905.6,0
194,2019-02-07 19:00:00,0.0,0.6,1.2,0.0,0.2,94.3,906.9,0
195,2019-02-07 20:00:00,0.0,0.6,0.9,238.0,0.1,94.6,907.7,0
196,2019-02-07 21:00:00,0.0,0.6,1.0,238.0,0.0,94.8,908.4,0
197,2019-02-07 22:00:00,0.0,0.3,0.6,187.0,-0.2,94.7,909.2,0
198,2019-02-07 23:00:00,0.0,0.1,0.2,211.0,-0.5,94.6,909.2,0
199,2019-02-08 00:00:00,0.0,0.3,0.7,154.0,-1.8,91.2,909.0,0
200,2019-02-08 01:00:00,0.0,0.2,0.5,160.0,-3.5,92.3,909.0,0
201,2019-02-08 02:00:00,0.0,0.4,0.9,165.0,-4.4,92.8,909.1,0
202,2019-02-08 03:00:00,0.0,0.5,1.0,208.0,-5.3,92.7,909.0,0
203,2019-02-08 04:00:00,0.0,0.6,1.1,212.0,-5.8,92.5,908.8,0
204,2019-02-08 05:00:00,0.0,0.3,1.0,180.0,-5.6,92.7,908.3,0
205,2019-02-08 06:00:00,0.0,0.4,1.2,171.0,-6.2,91.8,908.0,0
206,2019-02-08 07:00:00,0.0,0.3,0.5,183.0,-6.5,91.5,908.0,0
207,2019-02-08 08:00:00,0.0,0.3,0.8,186.0,-6.7,92.0,908.3,0
208,2019-02-08 09:00:00,0.0,0.2,0.8,184.0,-5.3,91.3,908.2,0
209,2019-02-08 10:00:00,0.0,0.3,1.0,212.0,-1.3,84.6,907.8,0
210,2019-02-08 11:00:00,0.0,0.4,1.2,198.0,0.0,84.1,907.4,0
211,2019-02-08 12:00:00,0.0,0.1,0.4,50.0,1.0,88.6,906.7,0
212,2019-02-08 13:00:00,0.0,0.2,0.4,74.0,0.9,90.4,906.0,0
213,2019-02-08 14:00:00,0.0,0.4,0.9,73.0,1.5,83.6,905.4,0
214,2019-02-08 15:00:00,0.0,0.2,0.6,20.0,1.0,92.6,904.5,0
215,2019-02-08 16:00:00,0.0,0.5,1.2,180.0,0.4,91.4,904.1,0
216,2019-02-08 17:00:00,0.0,0.5,0.8,232.0,-1.1,94.0,903.8,0
217,2019-02-08 18:00:00,0.0,0.3,1.0,187.0,-1.6,93.4,903.7,0
218,2019-02-08 19:00:00,0.0,0.4,1.1,188.0,-1.9,93.2,903.9,0
219,2019-02-08 20:00:00,0.0,0.5,1.3,178.0,-2.3,93.7,903.7,0
220,2019-02-08 21:00:00,0.0,0.6,1.5,201.0,-2.9,93.8,903.3,0
221,2019-02-08 22:00:00,0.0,0.8,1.5,191.0,-3.1,94.2,903.1,0
222,2019-02-08 23:00:00,0.0,0.5,1.1,192.0,-3.6,93.9,902.8,0
223,2019-02-09 00:00:00,0.0,0.5,1.3,205.0,-3.6,93.9,902.6,0
224,2019-02-09 01:00:00,0.0,0.7,1.4,185.0,-3.3,94.8,902.4,0
225,2019-02-09 02:00:00,0.0,0.6,1.9,193.0,-2.7,94.9,902.4,0
226,2019-02-09 03:00:00,0.0,0.8,1.6,225.0,-1.7,95.2,902.3,0
227,2019-02-09 04:00:00,0.0,0.9,2.0,248.0,2.7,69.6,903.1,0
228,2019-02-09 05:00:00,0.0,0.8,2.0,210.0,2.2,83.8,903.4,0
229,2019-02-09 06:00:00,0.0,0.9,2.4,193.0,3.9,80.3,903.7,0
230,2019-02-09 07:00:00,0.0,0.7,1.5,234.0,3.3,84.6,903.9,0
231,2019-02-09 08:00:00,0.0,0.9,2.5,216.0,3.9,80.6,904.6,0
232,2019-02-09 09:00:00,0.0,1.0,2.8,226.0,3.5,87.6,905.7,0
233,2019-02-09 10:00:00,0.0,1.2,4.5,184.0,3.2,86.0,905.4,0
234,2019-02-09 11:00:00,0.0,1.0,4.1,201.0,3.8,83.4,905.7,0
235,2019-02-09 12:00:00,0.0,0.9,2.0,204.0,4.9,72.2,905.2,0
236,2019-02-09 13:00:00,0.0,1.2,3.8,193.0,3.7,82.5,905.5,0
237,2019-02-09 14:00:00,0.0,1.1,4.1,210.0,3.3,87.8,905.5,0
238,2019-02-09 15:00:00,0.0,0.6,1.4,214.0,3.8,87.5,905.5,0
239,2019-02-09 16:00:00,0.0,0.4,0.9,220.0,2.8,87.8,905.5,0
240,2019-02-09 17:00:00,0.0,0.5,1.2,244.0,1.2,92.6,905.4,0
241,2019-02-09 18:00:00,0.0,0.4,0.8,213.0,0.9,92.2,905.3,0
242,2019-02-09 19:00:00,0.0,0.3,0.7,197.0,0.2,93.3,904.9,0
243,2019-02-09 20:00:00,0.0,0.5,1.1,201.0,0.0,94.0,904.7,0
244,2019-02-09 21:00:00,0.0,0.5,0.8,202.0,0.0,93.6,904.3,0
245,2019-02-09 22:00:00,0.0,0.6,1.4,204.0,-0.3,93.6,904.2,0
246,2019-02-09 23:00:00,0.0,0.4,0.6,278.0,0.0,93.5,903.9,0
247,2019-02-10 00:00:00,0.0,0.7,1.9,204.0,0.0,93.0,903.2,0
248,2019-02-10 01:00:00,0.0,0.4,0.8,201.0,0.0,93.4,902.4,0
249,2019-02-10 02:00:00,0.0,0.5,1.1,217.0,-0.2,92.7,901.5,0
250,2019-02-10 03:00:00,0.0,0.5,0.9,193.0,-0.7,92.3,900.4,0
251,2019-02-10 04:00:00,0.0,0.5,1.3,202.0,-0.5,90.5,899.1,0
252,2019-02-10 05:00:00,0.0,0.3,0.9,164.0,-0.6,92.0,898.6,0
253,2019-02-10 06:00:00,0.0,1.4,4.1,230.0,-0.6,88.6,898.3,0
254,2019-02-10 07:00:00,0.0,0.6,1.0,141.0,1.2,85.8,897.2,0
255,2019-02-10 08:00:00,0.0,0.7,1.9,326.0,4.1,69.3,896.9,0
256,2019-02-10 09:00:00,0.0,0.9,4.0,188.0,6.7,55.5,895.8,0
257,2019-02-10 10:00:00,0.0,1.7,6.6,195.0,8.8,40.9,894.8,0
258,2019-02-10 11:00:00,0.0,1.9,6.3,195.0,9.1,40.3,894.4,0
259,2019-02-10 12:00:00,0.0,1.4,5.9,205.0,7.7,45.9,893.7,0
260,2019-02-10 13:00:00,0.0,1.5,4.2,192.0,6.4,58.0,893.5,0
261,2019-02-10 14:00:00,0.0,1.3,6.2,218.0,5.7,62.7,892.2,0
262,2019-02-10 15:00:00,0.0,0.8,2.6,202.0,3.9,82.4,892.0,0
263,2019-02-10 16:00:00,0.0,1.7,7.1,190.0,2.9,89.1,893.9,0
264,2019-02-10 17:00:00,0.0,1.5,5.7,183.0,0.8,91.8,897.1,0
265,2019-02-10 18:00:00,0.0,2.9,7.8,163.0,1.2,86.4,899.6,0
266,2019-02-10 19:00:00,0.0,1.6,5.9,178.0,0.7,87.0,900.4,0
267,2019-02-10 20:00:00,0.0,1.0,4.3,187.0,0.4,87.0,900.0,0
268,2019-02-10 21:00:00,0.0,0.9,4.1,191.0,0.0,92.8,900.0,0
269,2019-02-10 22:00:00,0.0,0.4,1.8,193.0,-0.2,94.2,899.6,0
270,2019-02-10 23:00:00,0.0,0.0,0.0,0.0,-0.3,93.7,900.3,0
271,2019-02-11 00:00:00,0.0,0.0,0.0,0.0,-0.4,86.6,901.4,0
272,2019-02-11 01:00:00,0.0,0.0,0.0,0.0,-0.8,91.4,901.1,0
273,2019-02-11 02:00:00,0.0,0.0,0.0,0.0,-0.9,88.7,901.0,0
274,2019-02-11 03:00:00,0.0,0.0,0.0,0.0,-1.5,90.0,902.3,0
275,2019-02-11 04:00:00,0.0,0.0,0.0,0.0,-1.6,89.4,902.2,0
276,2019-02-11 05:00:00,0.0,0.0,0.0,0.0,-1.8,90.5,903.5,0
277,2019-02-11 06:00:00,0.0,0.0,0.0,0.0,-1.8,89.6,904.3,0
278,2019-02-11 07:00:00,0.0,0.0,0.0,0.0,-2.0,92.7,905.5,0
279,2019-02-11 08:00:00,0.0,0.0,0.0,0.0,-2.0,89.5,906.9,0
280,2019-02-11 09:00:00,0.0,0.0,0.0,0.0,-1.6,90.0,907.3,0
281,2019-02-11 10:00:00,0.0,0.0,0.0,0.0,-1.2,89.1,908.3,0
282,2019-02-11 11:00:00,0.0,0.0,0.0,0.0,-0.5,84.5,909.4,0
283,2019-02-11 12:00:00,0.0,0.0,0.0,0.0,-0.6,82.7,909.7,0
284,2019-02-11 13:00:00,0.0,0.0,0.0,0.0,-0.2,78.6,909.6,0
285,2019-02-11 14:00:00,0.0,0.0,0.0,0.0,0.1,74.1,910.1,0
286,2019-02-11 15:00:00,0.0,0.0,0.0,0.0,-0.8,87.9,911.0,0
287,2019-02-11 16:00:00,0.0,0.0,0.0,0.0,-1.1,88.9,911.8,0
288,2019-02-11 17:00:00,0.0,0.0,0.0,0.0,-1.7,89.1,912.4,0
289,2019-02-11 18:00:00,3.05,0.0,0.0,0.0,-2.8,93.5,913.3,1
290,2019-02-11 19:00:00,3.05,0.0,0.0,0.0,-2.1,92.2,914.1,1
291,2019-02-11 20:00:00,2.98,0.0,0.0,0.0,-2.2,91.7,914.8,1
292,2019-02-11 21:00:00,3.0,0.0,0.0,0.0,-3.9,91.0,915.9,1
293,2019-02-11 22:00:00,3.03,0.0,0.0,0.0,-2.9,93.4,916.3,1
294,2019-02-11 23:00:00,3.01,0.0,0.0,0.0,-4.0,87.6,915.8,1
295,2019-02-12 00:00:00,3.07,0.0,0.0,0.0,-6.2,90.0,916.7,1
296,2019-02-12 01:00:00,3.05,0.0,0.0,0.0,-6.2,90.3,917.6,1
297,2019-02-12 02:00:00,3.1,0.0,0.0,0.0,-4.8,89.9,918.0,1
298,2019-02-12 03:00:00,3.07,0.0,0.0,0.0,-6.2,91.8,918.2,1
299,2019-02-12 04:00:00,3.16,0.0,0.0,0.0,-7.6,91.0,918.0,1
300,2019-02-12 05:00:00,3.1,0.0,0.0,0.0,-8.6,90.5,918.2,1
301,2019-02-12 06:00:00,3.08,0.0,0.0,0.0,-9.1,89.3,918.5,1
302,2019-02-12 07:00:00,3.05,0.0,0.0,0.0,-9.6,90.8,918.9,1
303,2019-02-12 08:00:00,2.79,0.0,0.0,0.0,-9.3,91.1,919.1,1
304,2019-02-12 09:00:00,2.83,0.0,0.0,0.0,-8.7,90.1,919.7,1
305,2019-02-12 10:00:00,2.81,0.0,0.0,0.0,-3.4,80.7,919.5,1
306,2019-02-12 11:00:00,0.0,0.0,0.0,0.0,-1.2,79.9,919.7,0
307,2019-02-12 12:00:00,0.0,0.0,0.0,0.0,-0.8,82.9,919.5,0
308,2019-02-12 13:00:00,0.0,0.0,0.0,0.0,1.0,74.1,919.7,0
309,2019-02-12 14:00:00,0.0,0.0,0.0,0.0,0.9,78.9,919.4,0
310,2019-02-12 15:00:00,0.0,0.0,0.0,0.0,-0.4,84.2,919.6,0
311,2019-02-12 16:00:00,0.0,0.0,0.0,0.0,-2.2,86.6,919.1,0
312,2019-02-12 17:00:00,0.0,0.0,0.0,0.0,-3.9,87.9,919.1,0
313,2019-02-12 18:00:00,0.0,0.0,0.0,0.0,-5.0,87.6,919.5,0
314,2019-02-12 19:00:00,0.0,0.0,0.0,0.0,-6.0,89.0,919.6,0
315,2019-02-12 20:00:00,0.0,0.0,0.0,0.0,-6.6,89.4,919.7,0
316,2019-02-12 21:00:00,0.0,0.0,0.0,0.0,-7.2,89.2,920.0,0
317,2019-02-12 22:00:00,0.0,0.0,0.0,0.0,-7.5,88.8,919.8,0
318,2019-02-12 23:00:00,0.0,0.0,0.0,0.0,-7.7,90.8,919.7,0
319,2019-02-13 00:00:00,0.0,0.0,0.0,0.0,-7.9,90.1,919.4,0
320,2019-02-13 01:00:00,0.0,0.0,0.0,0.0,-8.5,91.7,919.4,0
321,2019-02-13 02:00:00,0.0,0.0,0.0,0.0,-8.1,90.4,919.1,0
322,2019-02-13 03:00:00,0.0,0.0,0.0,0.0,-8.4,90.9,919.2,0
323,2019-02-13 04:00:00,0.0,0.0,0.0,0.0,-8.2,89.9,919.4,0
324,2019-02-13 05:00:00,0.0,0.0,0.0,0.0,-8.3,89.9,919.6,0
325,2019-02-13 06:00:00,0.0,0.0,0.0,0.0,-8.5,91.5,919.6,0
326,2019-02-13 07:00:00,0.0,0.0,0.0,0.0,-8.3,91.0,920.1,0
327,2019-02-13 08:00:00,0.0,0.0,0.0,0.0,-8.4,91.4,920.5,0
328,2019-02-13 09:00:00,0.0,0.0,0.0,0.0,-7.5,91.2,920.6,0
329,2019-02-13 10:00:00,0.0,0.0,0.0,0.0,-0.4,75.2,920.3,0
330,2019-02-13 11:00:00,0.0,0.0,0.0,0.0,0.2,78.6,920.7,0
331,2019-02-13 12:00:00,0.0,0.0,0.0,0.0,1.0,81.5,920.6,0
332,2019-02-13 13:00:00,0.0,0.0,0.0,0.0,0.9,88.7,920.6,0
333,2019-02-13 14:00:00,0.0,0.0,0.0,0.0,0.9,90.2,920.4,0
334,2019-02-13 15:00:00,0.0,0.0,0.0,0.0,0.7,92.4,920.6,0
335,2019-02-13 16:00:00,0.0,0.0,0.0,0.0,-0.5,92.6,920.5,0
336,2019-02-13 17:00:00,0.0,0.0,0.0,0.0,-1.7,93.2,920.8,0
337,2019-02-13 18:00:00,0.0,0.0,0.0,0.0,-2.4,92.1,921.1,0
338,2019-02-13 19:00:00,0.0,0.0,0.0,0.0,-2.6,93.7,921.4,0
339,2019-02-13 20:00:00,0.0,0.0,0.0,0.0,-3.5,91.9,921.2,0
340,2019-02-13 21:00:00,0.0,0.0,0.0,0.0,-3.9,90.8,921.5,0
341,2019-02-13 22:00:00,3.37,0.0,0.0,0.0,-4.5,90.0,921.8,1
342,2019-02-13 23:00:00,3.36,0.0,0.0,0.0,-4.7,91.8,921.7,1
343,2019-02-14 00:00:00,3.37,0.0,0.0,0.0,-5.1,91.2,921.8,1
344,2019-02-14 01:00:00,3.36,0.0,0.0,0.0,-5.6,90.6,921.9,1
345,2019-02-14 02:00:00,3.38,0.0,0.0,0.0,-5.6,90.8,922.1,1
346,2019-02-14 03:00:00,3.38,0.0,0.0,0.0,-5.8,90.7,921.9,1
347,2019-02-14 04:00:00,3.4,0.0,0.0,0.0,-6.1,91.5,921.8,1
348,2019-02-14 05:00:00,3.38,0.0,0.0,0.0,-5.9,90.2,921.8,1
349,2019-02-14 06:00:00,3.4,0.0,0.0,0.0,-5.9,90.8,921.5,1
350,2019-02-14 07:00:00,3.4,0.0,0.0,0.0,-6.2,92.1,921.8,1
351,2019-02-14 08:00:00,3.36,0.0,0.0,0.0,-5.5,90.4,922.3,1
352,2019-02-14 09:00:00,3.37,0.0,0.0,0.0,-4.9,90.4,922.1,1
353,2019-02-14 10:00:00,3.7,0.0,0.0,0.0,1.8,71.4,922.1,1
354,2019-02-14 11:00:00,0.0,0.2,0.4,191.0,4.2,66.7,922.0,0
355,2019-02-14 12:00:00,0.0,0.1,0.4,152.0,3.5,76.1,921.7,0
356,2019-02-14 13:00:00,0.0,0.1,0.3,182.0,3.3,79.1,921.1,0
357,2019-02-14 14:00:00,0.0,0.2,0.4,241.0,3.0,81.2,920.7,0
358,2019-02-14 15:00:00,0.0,0.2,0.3,166.0,2.3,86.9,920.5,0
359,2019-02-14 16:00:00,0.0,0.3,0.6,201.0,0.4,91.4,920.1,0
360,2019-02-14 17:00:00,0.0,0.3,0.5,190.0,-0.9,91.7,920.0,0
361,2019-02-14 18:00:00,0.0,0.5,0.8,205.0,-1.2,91.0,920.1,0
362,2019-02-14 19:00:00,0.0,0.4,1.2,179.0,-2.0,89.4,920.0,0
363,2019-02-14 20:00:00,0.0,0.4,0.7,201.0,-2.5,91.1,919.9,0
364,2019-02-14 21:00:00,0.0,0.6,1.2,207.0,-3.1,90.2,919.8,0
365,2019-02-14 22:00:00,0.0,0.3,0.7,183.0,-3.6,89.5,919.8,0
366,2019-02-14 23:00:00,3.55,0.5,1.0,201.0,-3.9,88.5,919.7,1
367,2019-02-15 00:00:00,3.56,0.4,0.8,177.0,-4.5,89.6,919.6,1
368,2019-02-15 01:00:00,3.56,0.4,0.6,183.0,-4.9,87.2,919.5,1
369,2019-02-15 02:00:00,3.58,0.3,0.6,181.0,-4.7,88.4,919.6,1
370,2019-02-15 03:00:00,3.58,0.7,1.0,221.0,-5.1,88.7,919.3,1
371,2019-02-15 04:00:00,3.6,0.5,0.8,199.0,-5.1,87.6,919.0,1
372,2019-02-15 05:00:00,3.6,0.3,0.6,182.0,-5.3,87.4,919.0,1
373,2019-02-15 06:00:00,3.6,0.6,0.9,206.0,-5.3,87.4,919.1,1
374,2019-02-15 07:00:00,3.6,0.3,0.7,183.0,-5.6,87.8,919.2,1
375,2019-02-15 08:00:00,3.62,0.4,0.8,200.0,-5.4,86.7,919.3,1
376,2019-02-15 09:00:00,3.75,0.6,1.0,201.0,-4.7,89.2,919.3,1
377,2019-02-15 10:00:00,3.81,0.2,0.3,185.0,4.0,60.5,919.3,1
378,2019-02-15 11:00:00,0.0,0.2,0.4,155.0,5.7,59.0,919.2,0
379,2019-02-15 12:00:00,0.0,0.1,0.3,145.0,4.4,68.4,918.6,0
380,2019-02-15 13:00:00,0.0,0.2,0.4,201.0,4.9,67.4,918.1,0
381,2019-02-15 14:00:00,0.0,0.3,0.6,214.0,4.8,67.8,917.7,0
382,2019-02-15 15:00:00,0.0,0.3,0.5,197.0,3.3,77.8,917.6,0
383,2019-02-15 16:00:00,0.0,0.5,0.7,208.0,1.2,83.8,917.3,0
384,2019-02-15 17:00:00,0.0,0.4,0.9,194.0,0.7,82.6,917.2,0
385,2019-02-15 18:00:00,0.0,0.5,0.9,194.0,-0.2,84.9,917.5,0
386,2019-02-15 19:00:00,0.0,0.5,1.0,181.0,-0.8,82.5,917.5,0
387,2019-02-15 20:00:00,0.0,0.5,0.8,172.0,-1.8,85.1,917.3,0
388,2019-02-15 21:00:00,0.0,0.5,0.7,198.0,-2.1,85.1,917.3,0
389,2019-02-15 22:00:00,0.0,0.4,0.6,187.0,-2.9,86.4,917.4,0
390,2019-02-15 23:00:00,0.0,0.7,1.1,198.0,-2.9,83.6,917.4,0
391,2019-02-16 00:00:00,0.0,0.7,1.1,199.0,-3.1,84.7,917.4,0
392,2019-02-16 01:00:00,0.0,0.4,0.9,185.0,-3.8,85.2,917.5,0
393,2019-02-16 02:00:00,0.0,0.4,0.7,193.0,-3.9,87.7,917.4,0
394,2019-02-16 03:00:00,0.0,0.6,1.2,182.0,-3.7,84.7,917.1,0
395,2019-02-16 04:00:00,0.0,0.4,0.8,189.0,-4.0,86.7,917.2,0
396,2019-02-16 05:00:00,0.0,0.5,1.2,191.0,-3.7,85.1,917.4,0
397,2019-02-16 06:00:00,0.0,0.4,1.0,187.0,-3.8,85.1,917.4,0
398,2019-02-16 07:00:00,0.0,0.5,0.8,190.0,-4.0,86.6,917.5,0
399,2019-02-16 08:00:00,0.0,0.4,0.8,195.0,-3.3,84.1,917.7,0
400,2019-02-16 09:00:00,0.0,0.8,1.2,215.0,-3.0,85.7,917.4,0
401,2019-02-16 10:00:00,0.0,0.3,0.9,188.0,5.3,55.5,917.3,0
402,2019-02-16 11:00:00,0.0,0.2,0.7,180.0,6.5,54.4,917.3,0
403,2019-02-16 12:00:00,0.0,0.2,0.3,181.0,5.0,64.7,916.9,0
404,2019-02-16 13:00:00,0.0,0.2,0.5,205.0,5.2,65.8,916.5,0
405,2019-02-16 14:00:00,0.0,0.3,0.8,204.0,5.2,66.4,916.0,0
406,2019-02-16 15:00:00,0.0,0.4,0.7,216.0,4.3,68.3,915.9,0
407,2019-02-16 16:00:00,0.0,0.5,0.7,210.0,2.3,76.3,915.7,0
408,2019-02-16 17:00:00,0.0,0.5,0.8,211.0,1.7,76.6,915.7,0
409,2019-02-16 18:00:00,0.0,0.5,0.9,209.0,0.7,79.6,916.2,0
410,2019-02-16 19:00:00,0.0,0.6,0.9,199.0,-0.3,80.9,916.2,0
411,2019-02-16 20:00:00,0.0,0.6,1.0,198.0,-1.0,81.9,916.2,0
412,2019-02-16 21:00:00,0.0,0.7,1.1,214.0,-1.7,80.6,916.1,0
413,2019-02-16 22:00:00,0.0,0.7,1.0,205.0,-2.3,81.6,916.0,0
414,2019-02-16 23:00:00,0.0,0.4,0.7,179.0,-2.9,81.8,915.9,0
415,2019-02-17 00:00:00,0.0,0.7,1.0,214.0,-3.5,86.1,916.0,0
416,2019-02-17 01:00:00,0.0,0.7,1.1,196.0,-3.2,81.0,915.8,0
417,2019-02-17 02:00:00,0.0,0.5,0.9,180.0,-3.4,81.8,915.5,0
418,2019-02-17 03:00:00,0.0,0.7,1.0,208.0,-3.5,80.7,915.1,0
419,2019-02-17 04:00:00,0.0,0.4,0.6,185.0,-3.9,83.4,915.1,0
420,2019-02-17 05:00:00,0.0,0.5,0.9,188.0,-4.1,83.6,914.9,0
421,2019-02-17 06:00:00,0.0,0.6,1.1,206.0,-4.2,84.4,914.6,0
422,2019-02-17 07:00:00,0.0,0.5,0.8,208.0,-4.2,81.7,914.7,0
423,2019-02-17 08:00:00,0.0,0.4,0.7,191.0,-4.2,84.0,914.4,0
424,2019-02-17 09:00:00,0.0,0.5,1.0,206.0,-3.6,83.1,914.3,0
425,2019-02-17 10:00:00,0.0,0.2,0.6,194.0,4.5,58.1,914.2,0
426,2019-02-17 11:00:00,0.0,0.2,0.5,162.0,5.9,54.7,914.1,0
427,2019-02-17 12:00:00,0.0,0.3,0.5,44.0,5.4,54.5,913.5,0
428,2019-02-17 13:00:00,0.0,0.4,0.9,83.0,6.8,47.2,913.2,0
429,2019-02-17 14:00:00,0.0,0.3,0.7,220.0,5.6,61.7,912.8,0
430,2019-02-17 15:00:00,0.0,0.6,0.8,225.0,4.5,64.9,912.4,0
431,2019-02-17 16:00:00,0.0,0.5,0.9,205.0,2.4,73.9,912.0,0
432,2019-02-17 17:00:00,0.0,0.5,0.8,221.0,1.3,77.8,912.0,0
433,2019-02-17 18:00:00,0.0,0.3,0.8,199.0,0.3,79.9,912.2,0
434,2019-02-17 19:00:00,0.0,0.5,1.4,174.0,-0.5,81.6,912.1,0
435,2019-02-17 20:00:00,0.0,0.9,1.3,226.0,-1.2,80.3,912.2,0
436,2019-02-17 21:00:00,0.0,0.6,0.9,215.0,-1.7,80.5,912.2,0
437,2019-02-17 22:00:00,0.0,0.5,0.8,198.0,-2.2,83.5,912.2,0
438,2019-02-17 23:00:00,0.0,0.5,0.7,198.0,-2.8,81.8,911.9,0
439,2019-02-18 00:00:00,0.0,0.4,0.9,184.0,-2.8,81.3,911.7,0
440,2019-02-18 01:00:00,0.0,0.5,0.8,203.0,-3.2,80.6,911.6,0
441,2019-02-18 02:00:00,0.0,0.4,1.0,188.0,-3.6,82.3,911.6,0
442,2019-02-18 03:00:00,0.0,0.3,0.7,190.0,-4.3,83.9,911.2,0
443,2019-02-18 04:00:00,0.0,0.5,0.9,193.0,-4.0,81.4,911.1,0
444,2019-02-18 05:00:00,0.0,0.5,0.8,240.0,-4.2,81.6,910.8,0
445,2019-02-18 06:00:00,0.0,0.4,0.9,173.0,-4.6,84.3,910.4,0
446,2019-02-18 07:00:00,0.0,0.6,0.8,203.0,-4.6,83.5,910.3,0
447,2019-02-18 08:00:00,0.0,0.3,0.6,183.0,-4.2,81.9,910.2,0
448,2019-02-18 09:00:00,0.0,0.6,0.9,212.0,-3.8,82.3,910.0,0
449,2019-02-18 10:00:00,0.0,0.2,0.5,229.0,4.5,56.1,909.7,0
450,2019-02-18 11:00:00,0.0,0.2,0.6,72.0,6.9,50.4,909.4,0
451,2019-02-18 12:00:00,0.0,0.3,1.4,51.0,5.8,53.9,908.8,0
452,2019-02-18 13:00:00,0.0,0.8,2.3,8.0,7.2,47.7,908.2,0
453,2019-02-18 14:00:00,0.0,0.4,1.4,276.0,7.7,43.1,907.9,0
454,2019-02-18 15:00:00,0.0,0.4,0.8,200.0,4.9,61.6,907.8,0
455,2019-02-18 16:00:00,0.0,0.3,0.6,206.0,2.0,77.1,907.8,0
456,2019-02-18 17:00:00,0.0,0.4,0.9,204.0,0.9,78.1,908.0,0
457,2019-02-18 18:00:00,0.0,0.4,0.8,193.0,-0.2,83.9,908.4,0
458,2019-02-18 19:00:00,0.0,0.6,0.9,215.0,-1.1,82.9,908.7,0
459,2019-02-18 20:00:00,0.0,0.6,0.8,209.0,-1.7,82.5,908.8,0
460,2019-02-18 21:00:00,0.0,0.4,1.6,178.0,-2.1,82.8,909.0,0
461,2019-02-18 22:00:00,0.0,0.5,0.8,202.0,-2.3,82.8,909.0,0
462,2019-02-18 23:00:00,0.0,0.7,1.1,193.0,-2.9,83.8,909.0,0
463,2019-02-19 00:00:00,0.0,0.4,0.8,178.0,-3.4,85.3,909.3,0
464,2019-02-19 01:00:00,0.0,0.7,1.2,205.0,-3.4,81.3,909.4,0
465,2019-02-19 02:00:00,0.0,0.6,1.3,192.0,-3.8,84.2,909.5,0
466,2019-02-19 03:00:00,0.0,0.8,1.0,203.0,-3.5,84.5,909.2,0
467,2019-02-19 04:00:00,0.0,0.3,0.5,194.0,-3.7,81.2,909.2,0
468,2019-02-19 05:00:00,0.0,0.4,0.8,202.0,-4.2,84.8,909.3,0
469,2019-02-19 06:00:00,0.0,0.3,0.8,185.0,-4.6,83.4,909.3,0
470,2019-02-19 07:00:00,0.0,0.4,1.1,173.0,-4.4,84.1,909.7,0
471,2019-02-19 08:00:00,0.0,0.5,0.8,192.0,-4.3,81.3,910.1,0
472,2019-02-19 09:00:00,0.0,0.5,0.7,222.0,-3.4,83.0,910.0,0
473,2019-02-19 10:00:00,0.0,0.3,0.6,119.0,4.8,58.2,910.2,0
474,2019-02-19 11:00:00,0.0,0.6,1.6,188.0,6.0,40.2,910.4,0
475,2019-02-19 12:00:00,0.0,0.6,1.6,244.0,6.7,41.8,910.1,0
476,2019-02-19 13:00:00,0.0,0.4,1.0,56.0,6.9,48.7,909.7,0
477,2019-02-19 14:00:00,0.0,0.7,1.3,215.0,5.5,56.6,909.0,0
478,2019-02-19 15:00:00,0.0,0.8,2.1,17.0,5.6,52.7,909.1,0
479,2019-02-19 16:00:00,0.0,0.4,0.6,208.0,3.4,68.1,909.1,0
480,2019-02-19 17:00:00,0.0,0.8,1.1,217.0,1.3,79.3,908.9,0
481,2019-02-19 18:00:00,0.0,0.5,0.9,190.0,0.0,81.5,909.4,0
482,2019-02-19 19:00:00,0.0,0.5,1.0,230.0,-0.7,82.5,909.9,0
483,2019-02-19 20:00:00,0.0,0.6,0.9,210.0,-1.6,82.7,910.0,0
484,2019-02-19 21:00:00,0.0,0.3,0.7,177.0,-1.8,83.0,910.1,0
485,2019-02-19 22:00:00,0.0,0.4,1.3,181.0,-2.2,85.3,910.1,0
486,2019-02-19 23:00:00,0.0,0.3,0.5,192.0,-2.4,83.9,910.2,0
487,2019-02-20 00:00:00,0.0,0.5,0.8,169.0,-3.0,84.4,910.4,0
488,2019-02-20 01:00:00,0.0,0.5,0.7,200.0,-3.1,85.0,910.5,0
489,2019-02-20 02:00:00,0.0,0.3,0.6,188.0,-3.3,85.1,910.4,0
490,2019-02-20 03:00:00,0.0,0.5,0.8,215.0,-3.6,85.2,910.2,0
491,2019-02-20 04:00:00,0.0,0.3,0.6,187.0,-4.0,85.9,910.2,0
492,2019-02-20 05:00:00,0.0,0.3,0.6,176.0,-4.1,85.3,910.4,0
493,2019-02-20 06:00:00,0.0,0.4,0.8,177.0,-4.1,86.5,910.7,0
494,2019-02-20 07:00:00,0.0,0.4,0.7,190.0,-4.3,87.0,911.0,0
495,2019-02-20 08:00:00,0.0,0.4,0.8,201.0,-3.8,84.4,911.4,0
496,2019-02-20 09:00:00,0.0,0.6,0.9,212.0,-3.1,81.9,911.6,0
497,2019-02-20 10:00:00,0.0,0.2,0.4,168.0,4.0,62.7,911.7,0
498,2019-02-20 11:00:00,0.0,0.2,0.5,168.0,6.3,56.8,911.9,0
499,2019-02-20 12:00:00,0.0,0.4,1.0,47.0,5.6,53.7,911.9,0
500,2019-02-20 13:00:00,0.0,0.7,2.1,318.0,7.5,46.1,911.8,0
501,2019-02-20 14:00:00,0.0,0.5,1.4,357.0,7.3,48.1,911.9,0
502,2019-02-20 15:00:00,0.0,0.3,0.5,178.0,6.1,58.3,912.0,0
503,2019-02-20 16:00:00,0.0,0.5,0.7,209.0,2.8,77.1,912.2,0
504,2019-02-20 17:00:00,0.0,0.5,0.7,202.0,1.6,81.8,912.5,0
505,2019-02-20 18:00:00,0.0,0.4,0.6,198.0,0.6,84.8,913.2,0
506,2019-02-20 19:00:00,0.0,0.2,0.5,192.0,-0.2,86.1,913.5,0
507,2019-02-20 20:00:00,0.0,0.4,1.2,173.0,-0.7,85.6,913.9,0
508,2019-02-20 21:00:00,0.0,0.6,0.8,211.0,-1.1,87.0,914.0,0
509,2019-02-20 22:00:00,0.0,0.6,1.1,230.0,-1.4,86.9,914.2,0
510,2019-02-20 23:00:00,0.0,0.4,0.8,191.0,-1.7,87.8,914.3,0
511,2019-02-21 00:00:00,0.0,0.4,0.7,200.0,-1.8,87.5,914.6,0
512,2019-02-21 01:00:00,0.0,0.4,0.8,190.0,-1.9,88.6,914.7,0
513,2019-02-21 02:00:00,0.0,0.5,1.0,180.0,-2.2,89.0,914.9,0
514,2019-02-21 03:00:00,0.0,0.5,0.8,199.0,-2.5,89.6,915.0,0
515,2019-02-21 04:00:00,0.0,0.6,0.9,199.0,-2.5,88.7,915.1,0
516,2019-02-21 05:00:00,0.0,0.4,0.8,192.0,-2.7,89.9,915.3,0
517,2019-02-21 06:00:00,0.0,0.3,0.6,204.0,-3.2,90.0,915.3,0
518,2019-02-21 07:00:00,0.0,0.5,0.7,200.0,-2.7,88.8,915.6,0
519,2019-02-21 08:00:00,0.0,0.3,0.7,192.0,-2.6,88.8,915.8,0
520,2019-02-21 09:00:00,0.0,0.3,0.7,199.0,-1.4,87.9,915.8,0
521,2019-02-21 10:00:00,0.0,0.2,0.5,135.0,6.6,58.7,916.4,0
522,2019-02-21 11:00:00,0.0,0.2,0.4,148.0,7.4,55.8,916.3,0
523,2019-02-21 12:00:00,0.0,0.2,0.5,137.0,5.7,66.0,915.9,0
524,2019-02-21 13:00:00,0.0,0.5,1.3,131.0,7.2,55.6,915.9,0
525,2019-02-21 14:00:00,0.0,0.4,0.9,64.0,7.6,55.6,915.8,0
526,2019-02-21 15:00:00,0.0,0.3,0.7,221.0,5.7,66.9,916.2,0
527,2019-02-21 16:00:00,0.0,0.4,0.8,204.0,3.1,75.2,916.5,0
528,2019-02-21 17:00:00,0.0,0.3,0.6,191.0,2.2,75.6,916.7,0
529,2019-02-21 18:00:00,0.0,0.5,0.8,209.0,0.9,84.1,917.5,0
530,2019-02-21 19:00:00,0.0,0.4,0.7,199.0,0.2,86.2,917.9,0
531,2019-02-21 20:00:00,0.0,0.4,0.7,241.0,-0.3,85.1,918.3,0
532,2019-02-21 21:00:00,0.0,0.4,0.8,182.0,-0.6,85.5,918.7,0
533,2019-02-21 22:00:00,0.0,0.6,0.9,226.0,-1.2,88.3,918.9,0
534,2019-02-21 23:00:00,0.0,0.4,0.9,194.0,-1.4,88.3,918.9,0
535,2019-02-22 00:00:00,0.0,0.6,0.8,209.0,-1.5,87.9,918.8,0
536,2019-02-22 01:00:00,0.0,0.6,0.8,216.0,-1.1,87.1,918.9,0
537,2019-02-22 02:00:00,0.0,0.8,1.0,221.0,-0.4,85.5,919.0,0
538,2019-02-22 03:00:00,0.0,0.5,0.8,199.0,-0.3,86.6,918.8,0
539,2019-02-22 04:00:00,0.0,0.7,1.3,224.0,0.4,86.0,919.1,0
540,2019-02-22 05:00:00,0.0,0.4,1.1,179.0,-0.2,87.8,918.7,0
541,2019-02-22 06:00:00,0.0,0.5,0.7,213.0,-0.5,86.5,918.7,0
542,2019-02-22 07:00:00,0.0,0.7,1.2,201.0,0.4,86.4,919.3,0
543,2019-02-22 08:00:00,0.0,0.4,0.6,197.0,1.1,84.7,919.4,0
544,2019-02-22 09:00:00,0.0,0.4,0.5,242.0,2.4,80.5,919.3,0
545,2019-02-22 10:00:00,0.0,0.2,0.4,91.0,7.0,62.3,919.2,0
546,2019-02-22 11:00:00,0.0,1.6,3.3,50.0,9.0,59.8,918.7,0
547,2019-02-22 12:00:00,0.0,1.9,3.5,59.0,8.8,57.7,918.3,0
548,2019-02-22 13:00:00,0.0,2.7,3.7,49.0,9.3,57.2,918.4,0
549,2019-02-22 14:00:00,0.0,1.9,3.9,48.0,9.0,62.8,918.4,0
550,2019-02-22 15:00:00,0.0,1.0,3.7,22.0,7.5,69.0,918.3,0
551,2019-02-22 16:00:00,0.0,0.5,1.5,356.0,6.8,71.1,918.7,0
552,2019-02-22 17:00:00,0.0,0.5,1.0,355.0,5.5,74.7,918.8,0
553,2019-02-22 18:00:00,0.0,0.4,0.8,210.0,2.4,84.8,919.0,0
554,2019-02-22 19:00:00,0.0,0.6,1.0,212.0,1.2,89.4,918.4,0
555,2019-02-22 20:00:00,0.0,0.4,0.8,192.0,0.3,90.9,918.4,0
556,2019-02-22 21:00:00,0.0,0.3,0.7,222.0,-0.4,92.1,918.5,0
557,2019-02-22 22:00:00,0.0,0.3,0.6,203.0,-1.0,92.3,918.4,0
558,2019-02-22 23:00:00,0.0,0.4,0.8,195.0,-1.1,93.2,917.8,0
559,2019-02-23 00:00:00,0.0,0.6,1.4,167.0,-1.7,93.1,918.0,0
560,2019-02-23 01:00:00,0.0,0.6,1.3,160.0,-2.4,93.3,917.9,0
561,2019-02-23 02:00:00,0.0,0.4,0.7,159.0,-2.8,92.4,917.9,0
562,2019-02-23 03:00:00,0.0,0.4,1.1,185.0,-3.3,93.3,917.9,0
563,2019-02-23 04:00:00,0.0,0.4,1.3,154.0,-3.4,93.0,917.6,0
564,2019-02-23 05:00:00,0.0,0.6,1.5,174.0,-4.1,92.4,917.5,0
565,2019-02-23 06:00:00,0.0,0.4,1.1,194.0,-4.4,91.7,917.1,0
566,2019-02-23 07:00:00,0.0,0.2,0.5,168.0,-4.9,91.3,917.0,0
567,2019-02-23 08:00:00,0.0,0.5,1.1,176.0,-4.9,90.5,917.1,0
568,2019-02-23 09:00:00,0.0,0.3,1.2,201.0,-1.0,86.1,917.2,0
569,2019-02-23 10:00:00,0.0,0.8,2.0,80.0,1.6,79.2,917.2,0
570,2019-02-23 11:00:00,0.0,1.2,2.4,9.0,4.0,73.2,917.4,0
571,2019-02-23 12:00:00,0.0,0.7,2.1,28.0,5.0,69.4,917.3,0
572,2019-02-23 13:00:00,0.0,0.5,1.3,36.0,4.9,71.0,916.7,0
573,2019-02-23 14:00:00,0.0,0.9,1.9,47.0,7.0,61.1,916.0,0
574,2019-02-23 15:00:00,0.0,0.7,1.6,280.0,6.5,61.3,916.9,0
575,2019-02-23 16:00:00,0.0,0.2,0.4,160.0,3.0,81.3,916.5,0
576,2019-02-23 17:00:00,0.0,0.3,0.7,196.0,1.5,84.5,916.7,0
577,2019-02-23 18:00:00,0.0,0.2,0.4,221.0,0.7,87.2,916.9,0
578,2019-02-23 19:00:00,0.0,0.3,0.8,190.0,0.4,87.0,917.5,0
579,2019-02-23 20:00:00,0.0,0.5,0.9,200.0,0.0,87.7,917.6,0
580,2019-02-23 21:00:00,0.0,0.3,0.6,193.0,-0.4,88.8,917.3,0
581,2019-02-23 22:00:00,0.0,0.3,0.9,220.0,-1.4,90.3,917.3,0
582,2019-02-23 23:00:00,0.0,0.2,0.4,190.0,-1.6,90.1,917.4,0
583,2019-02-24 00:00:00,0.0,0.3,0.7,183.0,-2.0,90.8,917.6,0
584,2019-02-24 01:00:00,0.0,0.2,0.4,149.0,-2.1,91.5,917.4,0
585,2019-02-24 02:00:00,0.0,0.3,1.0,187.0,-3.1,89.6,917.5,0
586,2019-02-24 03:00:00,0.0,0.5,1.2,179.0,-3.3,91.2,917.5,0
587,2019-02-24 04:00:00,0.0,0.4,0.9,174.0,-3.6,90.1,917.7,0
588,2019-02-24 05:00:00,0.0,0.3,0.6,187.0,-4.0,88.5,918.4,0
589,2019-02-24 06:00:00,0.0,0.3,0.6,168.0,-4.4,90.2,918.9,0
590,2019-02-24 07:00:00,0.0,0.3,0.5,174.0,-4.3,90.5,919.4,0
591,2019-02-24 08:00:00,0.0,0.4,0.8,185.0,-4.5,86.3,919.9,0
592,2019-02-24 09:00:00,0.0,0.3,0.6,145.0,-1.7,80.1,920.2,0
593,2019-02-24 10:00:00,0.0,0.4,0.9,60.0,3.7,61.8,920.4,0
594,2019-02-24 11:00:00,0.0,0.9,1.4,52.0,3.8,65.7,920.8,0
595,2019-02-24 12:00:00,0.0,0.5,1.3,193.0,4.6,65.7,920.6,0
596,2019-02-24 13:00:00,0.0,0.8,2.3,31.0,6.8,58.4,920.2,0
597,2019-02-24 14:00:00,0.0,0.4,0.9,226.0,6.5,60.9,919.8,0
598,2019-02-24 15:00:00,0.0,0.5,1.2,343.0,5.3,67.6,919.5,0
599,2019-02-24 16:00:00,0.0,0.4,0.9,195.0,3.9,75.2,919.7,0
600,2019-02-24 17:00:00,0.0,0.4,0.7,223.0,1.4,84.3,920.1,0
601,2019-02-24 18:00:00,0.0,0.2,0.7,237.0,0.3,87.3,920.4,0
602,2019-02-24 19:00:00,0.0,0.4,1.3,184.0,-0.4,87.9,920.2,0
603,2019-02-24 20:00:00,0.0,0.4,0.6,204.0,-1.0,88.4,920.1,0
604,2019-02-24 21:00:00,0.0,0.4,0.8,192.0,-1.6,89.8,920.1,0
605,2019-02-24 22:00:00,0.0,0.4,0.6,197.0,-1.7,87.7,919.7,0
606,2019-02-24 23:00:00,0.0,0.5,0.8,203.0,-2.3,89.2,920.1,0
607,2019-02-25 00:00:00,0.0,0.6,1.0,223.0,-2.2,88.9,919.8,0
608,2019-02-25 01:00:00,0.0,0.5,1.3,174.0,-2.6,87.6,919.2,0
609,2019-02-25 02:00:00,0.0,0.4,0.8,256.0,-2.6,88.5,918.9,0
610,2019-02-25 03:00:00,0.0,0.3,0.6,179.0,-3.2,88.4,919.4,0
611,2019-02-25 04:00:00,0.0,0.3,0.7,203.0,-3.3,88.7,919.5,0
612,2019-02-25 05:00:00,0.0,0.3,0.6,173.0,-3.4,88.7,920.1,0
613,2019-02-25 06:00:00,0.0,0.3,0.7,183.0,-3.5,89.8,920.1,0
614,2019-02-25 07:00:00,0.0,0.5,0.9,198.0,-3.5,89.1,920.2,0
615,2019-02-25 08:00:00,0.0,0.4,0.7,191.0,-3.2,88.4,920.5,0
616,2019-02-25 09:00:00,0.0,0.3,0.7,230.0,-1.1,82.9,920.8,0
617,2019-02-25 10:00:00,0.0,0.3,0.9,66.0,3.5,64.7,921.1,0
618,2019-02-25 11:00:00,0.0,0.2,0.7,60.0,6.3,58.2,921.0,0
619,2019-02-25 12:00:00,0.0,1.2,2.7,39.0,6.7,58.6,920.7,0
620,2019-02-25 13:00:00,0.0,0.5,1.8,358.0,7.2,58.4,920.1,0
621,2019-02-25 14:00:00,0.0,0.6,1.9,31.0,7.6,58.3,919.9,0
622,2019-02-25 15:00:00,0.0,0.5,1.2,289.0,7.7,58.6,919.9,0
623,2019-02-25 16:00:00,0.0,0.6,1.1,213.0,3.8,74.9,920.1,0
624,2019-02-25 17:00:00,0.0,0.5,0.8,206.0,1.5,85.0,920.3,0
625,2019-02-25 18:00:00,0.0,0.5,0.7,225.0,0.8,85.5,920.3,0
626,2019-02-25 19:00:00,0.0,0.3,0.5,219.0,-0.5,89.3,920.3,0
627,2019-02-25 20:00:00,0.0,0.2,0.5,199.0,-0.6,89.5,920.3,0
628,2019-02-25 21:00:00,0.0,0.4,0.7,209.0,-1.2,90.2,920.5,0
629,2019-02-25 22:00:00,0.0,0.6,0.8,231.0,-1.6,90.8,920.8,0
630,2019-02-25 23:00:00,0.0,0.3,0.5,193.0,-1.5,90.6,920.5,0
631,2019-02-26 00:00:00,0.0,0.4,1.0,179.0,-1.9,89.7,920.3,0
632,2019-02-26 01:00:00,0.0,0.4,0.8,194.0,-2.3,90.5,920.4,0
633,2019-02-26 02:00:00,0.0,0.5,1.0,198.0,-2.4,88.4,920.2,0
634,2019-02-26 03:00:00,0.0,0.7,1.0,203.0,-2.4,89.7,919.7,0
635,2019-02-26 04:00:00,0.0,0.4,1.3,196.0,-2.7,88.3,919.9,0
636,2019-02-26 05:00:00,0.0,1.0,1.5,221.0,-2.5,87.7,919.4,0
637,2019-02-26 06:00:00,0.0,0.6,1.0,206.0,-2.8,88.2,919.3,0
638,2019-02-26 07:00:00,0.0,0.5,1.0,182.0,-2.8,89.1,919.9,0
639,2019-02-26 08:00:00,0.0,0.5,0.9,207.0,-2.2,87.3,919.7,0
640,2019-02-26 09:00:00,0.0,0.3,0.6,207.0,0.1,80.2,919.7,0
641,2019-02-26 10:00:00,0.0,0.2,0.4,175.0,6.0,58.5,919.9,0
642,2019-02-26 11:00:00,0.0,0.2,0.4,160.0,6.8,57.2,919.8,0
643,2019-02-26 12:00:00,0.0,0.3,0.8,58.0,7.0,60.3,919.3,0
644,2019-02-26 13:00:00,0.0,0.8,1.5,56.0,8.7,58.2,919.0,0
645,2019-02-26 14:00:00,0.0,0.4,0.9,18.0,8.9,60.4,918.5,0
646,2019-02-26 15:00:00,0.0,0.3,0.7,123.0,8.7,62.1,918.6,0
647,2019-02-26 16:00:00,0.0,0.4,0.8,198.0,4.2,76.3,918.5,0
648,2019-02-26 17:00:00,0.0,0.4,0.9,201.0,2.4,83.0,918.3,0
649,2019-02-26 18:00:00,0.0,0.4,0.8,206.0,1.5,84.4,918.5,0
650,2019-02-26 19:00:00,0.0,0.5,1.0,177.0,0.6,87.1,918.3,0
651,2019-02-26 20:00:00,0.0,0.3,0.7,178.0,0.0,87.7,918.1,0
652,2019-02-26 21:00:00,0.0,0.5,0.8,206.0,-0.6,86.5,918.0,0
653,2019-02-26 22:00:00,0.0,0.7,1.0,198.0,-1.2,87.2,917.9,0
654,2019-02-26 23:00:00,0.0,0.7,1.0,203.0,-1.3,82.6,917.6,0
655,2019-02-27 00:00:00,0.0,0.6,1.0,189.0,-2.0,86.6,917.5,0
656,2019-02-27 01:00:00,0.0,0.3,0.8,196.0,-1.8,81.7,917.2,0
657,2019-02-27 02:00:00,0.0,0.4,0.7,191.0,-2.0,82.5,916.8,0
658,2019-02-27 03:00:00,0.0,0.3,1.0,180.0,-2.3,83.8,916.2,0
659,2019-02-27 04:00:00,0.0,0.6,1.0,197.0,-2.3,81.9,915.9,0
660,2019-02-27 05:00:00,0.0,0.8,1.2,221.0,-2.4,80.0,915.7,0
661,2019-02-27 06:00:00,0.0,0.5,0.9,197.0,-2.5,81.0,915.8,0
662,2019-02-27 07:00:00,0.0,0.4,0.8,184.0,-2.4,82.7,915.6,0
663,2019-02-27 08:00:00,0.0,0.5,1.0,207.0,-1.7,80.4,915.3,0
664,2019-02-27 09:00:00,0.0,0.3,0.7,168.0,1.6,69.7,915.1,0
665,2019-02-27 10:00:00,0.0,0.2,0.5,258.0,8.8,51.8,915.0,0
666,2019-02-27 11:00:00,0.0,0.2,0.6,169.0,8.2,52.3,914.4,0
667,2019-02-27 12:00:00,0.0,0.4,1.4,66.0,7.6,54.0,913.8,0
668,2019-02-27 13:00:00,0.0,0.6,1.8,40.0,9.8,50.7,913.5,0
669,2019-02-27 14:00:00,0.0,0.1,0.4,162.0,8.5,59.7,913.0,0
670,2019-02-27 15:00:00,0.0,0.3,0.6,208.0,7.7,60.7,912.7,0
671,2019-02-27 16:00:00,,,,,,,,0
672,2019-02-27 17:00:00,,,,,,,,0
673,2019-02-27 18:00:00,,,,,,,,0
674,2019-02-27 19:00:00,,,,,,,,0
675,2019-02-27 20:00:00,,,,,,,,0
676,2019-02-27 21:00:00,,,,,,,,0
677,2019-02-27 22:00:00,,,,,,,,0
678,2019-02-27 23:00:00,,,,,,,,0
679,2019-02-28 00:00:00,,,,,,,,0
680,2019-02-28 01:00:00,,,,,,,,0
681,2019-02-28 02:00:00,,,,,,,,0
682,2019-02-28 03:00:00,,,,,,,,0
683,2019-02-28 04:00:00,,,,,,,,0
684,2019-02-28 05:00:00,,,,,,,,0
685,2019-02-28 06:00:00,,,,,,,,0
686,2019-02-28 07:00:00,,,,,,,,0
687,2019-02-28 08:00:00,,,,,,,,0
688,2019-02-28 09:00:00,,,,,,,,0
689,2019-02-28 10:00:00,,,,,,,,0
690,2019-02-28 11:00:00,,,,,,,,0
691,2019-02-28 12:00:00,,,,,,,,0
692,2019-02-28 13:00:00,,,,,,,,0
693,2019-02-28 14:00:00,,,,,,,,0
694,2019-02-28 15:00:00,,,,,,,,0
695,2019-02-28 16:00:00,,,,,,,,0
696,2019-02-28 17:00:00,,,,,,,,0
697,2019-02-28 18:00:00,,,,,,,,0
698,2019-02-28 19:00:00,,,,,,,,0
699,2019-02-28 20:00:00,,,,,,,,0
700,2019-02-28 21:00:00,,,,,,,,0
701,2019-02-28 22:00:00,,,,,,,,0
702,2019-02-28 23:00:00,,,,,,,,0
703,2019-03-01 00:00:00,,,,,,,,0
704,2019-03-01 01:00:00,,,,,,,,0
705,2019-03-01 02:00:00,,,,,,,,0
706,2019-03-01 03:00:00,,,,,,,,0
707,2019-03-01 04:00:00,,,,,,,,0
708,2019-03-01 05:00:00,,,,,,,,0
709,2019-03-01 06:00:00,,,,,,,,0
710,2019-03-01 07:00:00,,,,,,,,0
711,2019-03-01 08:00:00,,,,,,,,0
712,2019-03-01 09:00:00,,,,,,,,0
713,2019-03-01 10:00:00,,,,,,,,0
714,2019-03-01 11:00:00,,,,,,,,0
715,2019-03-01 12:00:00,,,,,,,,0
716,2019-03-01 13:00:00,,,,,,,,0
717,2019-03-01 14:00:00,,,,,,,,0
718,2019-03-01 15:00:00,,,,,,,,0
719,2019-03-01 16:00:00,,,,,,,,0
720,2019-03-01 17:00:00,,,,,,,,0
721,2019-03-01 18:00:00,,,,,,,,0
722,2019-03-01 19:00:00,,,,,,,,0
723,2019-03-01 20:00:00,,,,,,,,0
724,2019-03-01 21:00:00,,,,,,,,0
725,2019-03-01 22:00:00,,,,,,,,0
726,2019-03-01 23:00:00,,,,,,,,0
727,2019-03-02 00:00:00,,,,,,,,0
728,2019-03-02 01:00:00,,,,,,,,0
729,2019-03-02 02:00:00,,,,,,,,0
730,2019-03-02 03:00:00,,,,,,,,0
731,2019-03-02 04:00:00,,,,,,,,0
732,2019-03-02 05:00:00,,,,,,,,0
733,2019-03-02 06:00:00,,,,,,,,0
734,2019-03-02 07:00:00,,,,,,,,0
735,2019-03-02 08:00:00,,,,,,,,0
736,2019-03-02 09:00:00,,,,,,,,0
737,2019-03-02 10:00:00,,,,,,,,0
738,2019-03-02 11:00:00,,,,,,,,0
739,2019-03-02 12:00:00,,,,,,,,0
740,2019-03-02 13:00:00,,,,,,,,0
741,2019-03-02 14:00:00,,,,,,,,0
742,2019-03-02 15:00:00,0.0,0.5,1.4,223.0,4.5,77.8,906.4,0
743,2019-03-02 16:00:00,0.0,0.5,0.9,241.0,4.6,76.9,906.5,0
744,2019-03-02 17:00:00,0.0,0.6,1.3,206.0,3.9,80.6,906.7,0
745,2019-03-02 18:00:00,0.0,0.3,0.6,194.0,2.6,87.9,907.3,0
746,2019-03-02 19:00:00,0.0,0.4,1.2,347.0,3.0,86.8,908.2,0
747,2019-03-02 20:00:00,0.0,0.2,0.5,193.0,1.9,91.6,908.8,0
748,2019-03-02 21:00:00,0.0,0.3,0.5,343.0,2.0,92.7,908.9,0
749,2019-03-02 22:00:00,0.0,0.6,0.9,247.0,1.6,93.0,909.1,0
750,2019-03-02 23:00:00,0.0,0.2,0.4,116.0,1.7,93.6,909.0,0
751,2019-03-03 00:00:00,0.0,0.4,0.7,243.0,0.8,93.8,909.1,0
752,2019-03-03 01:00:00,0.0,0.4,0.8,282.0,0.6,94.3,908.6,0
753,2019-03-03 02:00:00,0.0,0.3,0.6,190.0,-0.3,94.3,908.0,0
754,2019-03-03 03:00:00,0.0,0.7,1.2,161.0,-0.7,95.1,908.4,0
755,2019-03-03 04:00:00,0.0,0.4,0.7,38.0,-0.6,95.2,907.7,0
756,2019-03-03 05:00:00,0.0,0.4,0.8,230.0,-0.6,95.0,907.7,0
757,2019-03-03 06:00:00,0.0,0.4,1.0,174.0,-1.3,95.0,907.6,0
758,2019-03-03 07:00:00,0.0,0.6,1.3,213.0,-1.7,95.2,907.5,0
759,2019-03-03 08:00:00,0.0,0.3,0.6,178.0,-1.5,94.9,907.1,0
760,2019-03-03 09:00:00,0.0,0.5,1.1,206.0,-0.5,93.0,907.3,0
761,2019-03-03 10:00:00,0.0,0.4,0.8,62.0,4.5,74.8,907.0,0
762,2019-03-03 11:00:00,0.0,0.6,1.8,61.0,7.3,52.6,906.9,0
763,2019-03-03 12:00:00,0.0,2.1,5.1,115.0,9.4,45.2,906.5,0
764,2019-03-03 13:00:00,0.0,0.5,1.0,196.0,9.3,49.2,905.6,0
765,2019-03-03 14:00:00,0.0,1.0,4.3,92.0,10.6,41.1,905.0,0
766,2019-03-03 15:00:00,0.0,1.0,3.7,193.0,10.0,40.7,904.1,0
767,2019-03-03 16:00:00,0.0,0.9,3.1,202.0,9.0,47.9,904.2,0
768,2019-03-03 17:00:00,0.0,0.5,1.8,169.0,6.8,62.4,902.9,0
769,2019-03-03 18:00:00,0.0,0.5,1.1,169.0,3.4,75.1,902.8,0
770,2019-03-03 19:00:00,0.0,0.6,1.3,229.0,1.8,79.0,902.3,0
771,2019-03-03 20:00:00,0.0,0.5,0.8,224.0,2.0,74.2,902.4,0
772,2019-03-03 21:00:00,0.0,0.7,1.5,195.0,1.7,78.6,902.1,0
773,2019-03-03 22:00:00,0.0,0.6,1.2,215.0,0.9,81.0,901.5,0
774,2019-03-03 23:00:00,0.0,0.5,1.1,253.0,0.6,80.8,900.1,0
775,2019-03-04 00:00:00,0.0,0.4,0.8,200.0,1.8,74.2,899.3,0
776,2019-03-04 01:00:00,0.0,0.7,1.4,189.0,1.6,77.1,899.3,0
777,2019-03-04 02:00:00,0.0,1.4,3.7,200.0,6.7,39.7,898.3,0
778,2019-03-04 03:00:00,0.0,1.2,2.6,222.0,7.5,35.5,897.4,0
779,2019-03-04 04:00:00,0.0,0.5,1.1,222.0,4.1,65.8,895.5,0
780,2019-03-04 05:00:00,0.0,0.5,1.3,294.0,3.6,66.1,894.4,0
781,2019-03-04 06:00:00,0.0,0.7,1.7,128.0,7.8,44.8,893.6,0
782,2019-03-04 07:00:00,0.0,1.9,9.2,194.0,10.5,34.9,894.6,0
783,2019-03-04 08:00:00,0.0,1.2,3.9,165.0,7.9,52.7,895.9,0
784,2019-03-04 09:00:00,0.0,0.4,1.1,181.0,5.0,82.7,896.3,0
785,2019-03-04 10:00:00,0.0,0.6,1.3,227.0,3.7,90.6,897.0,0
786,2019-03-04 11:00:00,0.0,1.3,4.2,196.0,2.2,89.8,898.6,0
787,2019-03-04 12:00:00,0.0,1.9,6.0,167.0,1.5,89.5,898.9,0
788,2019-03-04 13:00:00,0.0,0.6,1.8,249.0,2.1,88.4,897.6,0
789,2019-03-04 14:00:00,0.0,0.9,2.5,190.0,3.0,79.4,898.0,0
790,2019-03-04 15:00:00,0.0,0.7,2.2,217.0,4.0,69.7,897.2,0
791,2019-03-04 16:00:00,0.0,0.6,1.4,205.0,1.5,91.1,899.2,0
792,2019-03-04 17:00:00,0.0,2.9,9.0,177.0,2.9,74.8,899.4,0
793,2019-03-04 18:00:00,0.0,1.0,3.4,202.0,1.7,88.3,899.8,0
794,2019-03-04 19:00:00,0.0,0.7,2.5,247.0,2.3,75.4,899.9,0
795,2019-03-04 20:00:00,0.0,0.9,3.0,225.0,2.5,68.8,900.5,0
796,2019-03-04 21:00:00,0.0,0.7,2.5,206.0,2.9,70.9,900.8,0
797,2019-03-04 22:00:00,0.0,1.6,4.9,173.0,2.5,70.7,901.7,0
798,2019-03-04 23:00:00,0.0,1.1,5.2,173.0,0.9,85.7,902.1,0
799,2019-03-05 00:00:00,0.0,0.7,1.3,234.0,0.8,81.8,901.7,0
800,2019-03-05 01:00:00,0.0,0.9,4.8,192.0,1.9,72.8,901.7,0
801,2019-03-05 02:00:00,0.0,0.4,0.8,86.0,0.5,88.5,901.6,0
802,2019-03-05 03:00:00,0.0,1.7,5.4,163.0,0.7,87.8,901.5,0
803,2019-03-05 04:00:00,0.0,0.8,1.9,215.0,1.1,79.9,901.3,0
804,2019-03-05 05:00:00,0.0,1.3,5.2,197.0,1.2,83.2,901.6,0
805,2019-03-05 06:00:00,0.0,1.5,5.3,193.0,1.5,78.5,901.8,0
806,2019-03-05 07:00:00,0.0,1.7,6.4,187.0,1.7,74.4,901.9,0
807,2019-03-05 08:00:00,0.0,1.0,4.9,198.0,1.6,73.7,902.3,0
808,2019-03-05 09:00:00,0.0,1.5,4.2,181.0,2.5,63.1,902.1,0
809,2019-03-05 10:00:00,0.0,2.9,6.9,151.0,4.8,50.0,902.3,0
810,2019-03-05 11:00:00,0.0,2.4,8.8,163.0,5.5,46.7,902.1,0
811,2019-03-05 12:00:00,0.0,2.6,9.4,165.0,5.5,44.6,902.3,0
812,2019-03-05 13:00:00,0.0,2.0,6.1,177.0,6.5,45.3,901.9,0
813,2019-03-05 14:00:00,0.0,2.6,8.3,160.0,6.5,44.7,901.8,0
814,2019-03-05 15:00:00,0.0,2.5,7.0,158.0,6.5,46.7,902.1,0
815,2019-03-05 16:00:00,0.0,0.7,2.9,224.0,6.2,46.6,902.3,0
816,2019-03-05 17:00:00,0.0,0.8,1.4,223.0,4.1,62.6,902.3,0
817,2019-03-05 18:00:00,0.0,0.3,0.9,192.0,2.7,73.0,902.9,0
818,2019-03-05 19:00:00,0.0,0.4,0.9,196.0,0.9,81.0,903.3,0
819,2019-03-05 20:00:00,0.0,0.3,0.6,211.0,-0.3,84.4,903.1,0
820,2019-03-05 21:00:00,0.0,0.4,0.6,183.0,-1.0,84.9,903.2,0
821,2019-03-05 22:00:00,0.0,0.4,0.7,209.0,-1.4,84.2,903.0,0
822,2019-03-05 23:00:00,0.0,0.3,0.7,189.0,-1.7,86.0,902.3,0
823,2019-03-06 00:00:00,0.0,0.6,0.8,213.0,-2.0,86.7,902.1,0
824,2019-03-06 01:00:00,0.0,0.4,0.7,228.0,-2.0,83.8,901.8,0
825,2019-03-06 02:00:00,0.0,0.7,0.9,225.0,-2.1,85.1,901.3,0
826,2019-03-06 03:00:00,0.0,0.3,0.6,187.0,-2.2,83.3,900.6,0
827,2019-03-06 04:00:00,0.0,0.4,1.3,188.0,-2.3,83.5,900.7,0
828,2019-03-06 05:00:00,0.0,0.7,1.2,241.0,-2.4,82.5,900.1,0
829,2019-03-06 06:00:00,0.0,0.3,0.8,199.0,-2.6,83.0,899.7,0
830,2019-03-06 07:00:00,0.0,0.3,0.8,156.0,-2.4,83.9,899.2,0
831,2019-03-06 08:00:00,0.0,0.4,0.9,219.0,-1.5,82.4,898.8,0
832,2019-03-06 09:00:00,0.0,0.3,0.9,197.0,0.7,76.4,898.2,0
833,2019-03-06 10:00:00,0.0,0.2,0.5,140.0,3.9,72.0,897.8,0
834,2019-03-06 11:00:00,0.0,1.0,1.9,76.0,6.3,47.9,897.2,0
835,2019-03-06 12:00:00,0.0,0.3,1.0,221.0,6.8,49.3,897.0,0
836,2019-03-06 13:00:00,0.0,1.2,3.2,48.0,7.5,46.4,896.2,0
837,2019-03-06 14:00:00,0.0,0.5,1.9,56.0,7.8,51.9,895.5,0
838,2019-03-06 15:00:00,0.0,0.4,1.1,168.0,8.3,45.0,894.9,0
839,2019-03-06 16:00:00,0.0,0.4,0.7,258.0,5.4,70.3,894.0,0
840,2019-03-06 17:00:00,0.0,1.0,1.9,152.0,4.1,76.9,893.8,0
841,2019-03-06 18:00:00,0.0,0.7,1.8,55.0,2.8,81.0,892.3,0
842,2019-03-06 19:00:00,0.0,1.3,4.5,167.0,8.7,44.6,892.1,0
843,2019-03-06 20:00:00,0.0,0.7,2.3,237.0,7.2,51.0,891.6,0
844,2019-03-06 21:00:00,0.0,0.5,1.1,202.0,3.7,70.5,891.4,0
845,2019-03-06 22:00:00,0.0,1.8,6.9,191.0,7.8,47.6,891.1,0
846,2019-03-06 23:00:00,0.0,1.9,8.9,189.0,10.2,36.5,890.4,0
847,2019-03-07 00:00:00,0.0,1.5,5.9,196.0,10.2,38.6,889.8,0
848,2019-03-07 01:00:00,0.0,1.1,3.4,193.0,9.9,36.9,889.3,0
849,2019-03-07 02:00:00,0.0,2.1,6.8,196.0,10.4,38.1,888.3,0
850,2019-03-07 03:00:00,0.0,1.0,5.6,140.0,9.6,44.9,889.1,0
851,2019-03-07 04:00:00,0.0,0.8,2.6,106.0,5.4,81.6,891.5,0
852,2019-03-07 05:00:00,0.0,1.0,5.1,203.0,2.9,88.4,892.9,0
853,2019-03-07 06:00:00,0.0,0.9,3.5,191.0,2.0,91.9,893.9,0
854,2019-03-07 07:00:00,0.0,0.7,1.8,218.0,1.9,92.6,894.0,0
855,2019-03-07 08:00:00,0.0,0.6,2.3,141.0,2.5,92.0,895.3,0
856,2019-03-07 09:00:00,0.0,1.1,3.1,185.0,3.3,89.1,895.4,0
857,2019-03-07 10:00:00,0.0,0.9,3.2,198.0,4.3,82.9,895.9,0
858,2019-03-07 11:00:00,0.0,2.0,7.1,164.0,4.8,80.8,897.1,0
859,2019-03-07 12:00:00,0.0,1.3,4.8,188.0,3.1,87.9,898.2,0
860,2019-03-07 13:00:00,0.0,1.1,4.0,189.0,3.2,89.2,898.2,0
861,2019-03-07 14:00:00,0.0,0.6,1.5,207.0,3.5,85.9,897.9,0
862,2019-03-07 15:00:00,0.0,0.9,3.6,233.0,2.2,90.7,898.5,0
863,2019-03-07 16:00:00,0.0,0.3,0.7,252.0,2.5,93.0,898.6,0
864,2019-03-07 17:00:00,0.0,0.4,0.8,153.0,1.7,93.6,898.5,0
865,2019-03-07 18:00:00,0.0,0.3,0.8,228.0,0.4,94.4,899.2,0
866,2019-03-07 19:00:00,0.0,0.4,0.9,186.0,-0.5,95.0,899.8,0
867,2019-03-07 20:00:00,0.0,0.3,0.8,179.0,-0.8,95.3,900.3,0
868,2019-03-07 21:00:00,0.0,0.3,0.7,317.0,-1.0,95.4,900.6,0
869,2019-03-07 22:00:00,0.0,0.3,0.6,185.0,-0.9,95.4,901.0,0
870,2019-03-07 23:00:00,0.0,0.6,1.4,218.0,-0.3,95.4,901.2,0
871,2019-03-08 00:00:00,0.0,0.6,1.3,235.0,1.7,91.3,901.4,0
872,2019-03-08 01:00:00,0.0,0.8,2.0,193.0,1.2,90.7,901.8,0
873,2019-03-08 02:00:00,0.0,0.8,1.3,223.0,1.3,89.4,902.1,0
874,2019-03-08 03:00:00,0.0,0.8,3.8,211.0,2.3,83.3,902.0,0
875,2019-03-08 04:00:00,0.0,0.9,2.0,201.0,1.9,83.5,902.3,0
876,2019-03-08 05:00:00,0.0,1.0,4.2,227.0,1.8,84.3,902.9,0
877,2019-03-08 06:00:00,0.0,0.6,1.0,231.0,2.0,83.7,903.3,0
878,2019-03-08 07:00:00,0.0,1.0,4.8,196.0,2.4,84.0,904.0,0
879,2019-03-08 08:00:00,0.0,0.3,0.6,220.0,2.2,90.5,904.8,0
880,2019-03-08 09:00:00,0.0,1.4,4.5,175.0,2.5,86.5,906.1,0
881,2019-03-08 10:00:00,0.0,0.5,1.6,220.0,2.3,91.9,907.1,0
882,2019-03-08 11:00:00,0.0,1.1,5.0,184.0,3.8,82.9,907.2,0
883,2019-03-08 12:00:00,0.0,1.2,4.4,180.0,4.1,80.9,907.5,0
884,2019-03-08 13:00:00,0.0,1.5,4.4,165.0,4.8,73.1,907.3,0
885,2019-03-08 14:00:00,0.0,1.0,3.6,185.0,4.6,77.3,907.6,0
886,2019-03-08 15:00:00,0.0,0.7,2.3,192.0,4.2,77.1,908.0,0
887,2019-03-08 16:00:00,0.0,0.8,3.0,222.0,3.7,79.5,908.0,0
888,2019-03-08 17:00:00,0.0,0.5,0.9,222.0,3.5,81.1,907.9,0
889,2019-03-08 18:00:00,0.0,0.6,1.1,209.0,2.8,84.6,908.5,0
890,2019-03-08 19:00:00,0.0,0.7,1.1,214.0,2.6,86.6,909.2,0
891,2019-03-08 20:00:00,0.0,0.4,0.9,195.0,1.7,90.6,909.0,0
892,2019-03-08 21:00:00,0.0,0.4,0.6,285.0,1.0,91.9,909.6,0
893,2019-03-08 22:00:00,0.0,0.4,0.8,247.0,0.9,92.8,909.7,0
894,2019-03-08 23:00:00,0.0,0.9,2.2,183.0,3.2,78.1,909.3,0
895,2019-03-09 00:00:00,0.0,0.8,2.2,202.0,3.4,75.3,909.8,0
896,2019-03-09 01:00:00,0.0,1.1,3.7,196.0,4.3,71.0,909.7,0
897,2019-03-09 02:00:00,0.0,1.2,3.7,179.0,4.1,72.0,909.6,0
898,2019-03-09 03:00:00,0.0,0.5,1.7,205.0,4.0,71.6,909.4,0
899,2019-03-09 04:00:00,0.0,1.3,3.4,184.0,4.0,72.5,909.5,0
900,2019-03-09 05:00:00,0.0,0.6,1.1,237.0,2.8,87.2,910.2,0
901,2019-03-09 06:00:00,0.0,0.5,1.2,201.0,2.8,83.9,909.8,0
902,2019-03-09 07:00:00,0.0,0.8,1.8,235.0,3.3,79.9,909.9,0
903,2019-03-09 08:00:00,0.0,0.6,1.2,247.0,3.6,82.5,910.6,0
904,2019-03-09 09:00:00,0.0,0.6,1.4,235.0,4.8,76.3,910.9,0
905,2019-03-09 10:00:00,0.0,0.5,1.1,19.0,5.5,82.6,910.9,0
906,2019-03-09 11:00:00,0.0,0.8,2.7,217.0,6.7,74.0,910.8,0
907,2019-03-09 12:00:00,0.0,1.2,2.8,167.0,6.8,76.2,910.7,0
908,2019-03-09 13:00:00,0.0,0.8,2.8,192.0,6.5,83.7,910.2,0
909,2019-03-09 14:00:00,0.0,1.4,4.7,177.0,6.4,83.8,910.6,0
910,2019-03-09 15:00:00,0.0,1.6,6.9,171.0,6.1,86.8,910.8,0
911,2019-03-09 16:00:00,0.0,0.9,2.4,181.0,5.5,91.5,911.7,0
912,2019-03-09 17:00:00,0.0,0.8,2.1,196.0,5.3,92.8,912.4,0
913,2019-03-09 18:00:00,0.0,0.6,1.2,202.0,5.1,94.4,912.8,0
914,2019-03-09 19:00:00,0.0,0.7,1.2,185.0,4.0,94.2,913.0,0
915,2019-03-09 20:00:00,0.0,0.4,0.8,259.0,3.6,94.7,912.6,0
916,2019-03-09 21:00:00,0.0,0.2,0.5,64.0,3.3,95.0,912.4,0
917,2019-03-09 22:00:00,0.0,0.5,1.1,15.0,3.3,95.2,911.9,0
918,2019-03-09 23:00:00,0.0,0.8,1.3,192.0,3.1,95.2,911.1,0
919,2019-03-10 00:00:00,0.0,0.3,0.7,137.0,3.4,95.3,910.5,0
920,2019-03-10 01:00:00,0.0,0.5,1.0,180.0,3.4,95.3,909.7,0
921,2019-03-10 02:00:00,0.0,1.0,2.8,208.0,3.5,95.5,908.3,0
922,2019-03-10 03:00:00,0.0,0.7,1.2,213.0,4.6,95.3,906.9,0
923,2019-03-10 04:00:00,0.0,0.8,1.9,200.0,6.1,95.4,907.2,0
924,2019-03-10 05:00:00,0.0,1.5,6.0,191.0,7.2,89.9,907.1,0
925,2019-03-10 06:00:00,0.0,1.1,5.3,201.0,7.6,84.0,906.9,0
926,2019-03-10 07:00:00,0.0,1.6,5.8,196.0,7.1,90.6,907.1,0
927,2019-03-10 08:00:00,0.0,1.3,5.2,197.0,6.9,89.5,907.5,0
928,2019-03-10 09:00:00,0.0,1.7,6.3,171.0,8.2,77.4,907.1,0
929,2019-03-10 10:00:00,0.0,1.1,4.9,189.0,8.6,73.8,906.9,0
930,2019-03-10 11:00:00,0.0,1.2,3.4,189.0,8.9,73.2,906.8,0
931,2019-03-10 12:00:00,0.0,1.9,6.2,188.0,8.9,68.3,905.4,0
932,2019-03-10 13:00:00,0.0,2.6,8.1,184.0,7.4,83.6,907.4,0
933,2019-03-10 14:00:00,0.0,1.2,3.8,193.0,7.8,80.7,907.6,0
934,2019-03-10 15:00:00,0.0,1.4,6.8,197.0,7.4,83.9,907.2,0
935,2019-03-10 16:00:00,0.0,1.5,6.2,161.0,6.4,88.3,908.1,0
936,2019-03-10 17:00:00,0.0,1.5,6.5,204.0,5.8,87.3,908.5,0
937,2019-03-10 18:00:00,0.0,0.9,2.4,218.0,4.5,86.9,908.9,0
938,2019-03-10 19:00:00,0.0,1.4,7.2,200.0,4.5,87.2,909.3,0
939,2019-03-10 20:00:00,0.0,1.4,7.0,183.0,5.3,76.8,909.8,0
940,2019-03-10 21:00:00,0.0,0.6,1.5,222.0,4.7,80.7,910.1,0
941,2019-03-10 22:00:00,0.0,2.7,8.1,153.0,4.4,72.4,911.4,0
942,2019-03-10 23:00:00,0.0,0.8,1.9,231.0,4.1,75.0,911.5,0
943,2019-03-11 00:00:00,0.0,0.7,1.4,100.0,3.4,77.2,911.5,0
944,2019-03-11 01:00:00,0.0,1.4,4.6,195.0,2.3,73.7,911.7,0
945,2019-03-11 02:00:00,0.0,1.1,4.7,189.0,2.2,66.6,911.6,0
946,2019-03-11 03:00:00,0.0,1.3,4.1,201.0,1.9,69.5,911.0,0
947,2019-03-11 04:00:00,0.0,2.1,5.8,158.0,2.1,70.8,911.3,0
948,2019-03-11 05:00:00,0.0,2.4,6.7,154.0,1.8,68.1,911.0,0
949,2019-03-11 06:00:00,0.0,1.3,3.3,178.0,1.7,66.4,910.3,0
950,2019-03-11 07:00:00,0.0,1.2,3.9,184.0,0.9,78.4,910.0,0
951,2019-03-11 08:00:00,0.0,0.7,2.4,214.0,0.2,88.4,909.8,0
952,2019-03-11 09:00:00,0.0,0.7,1.9,11.0,-0.2,93.0,909.6,0
953,2019-03-11 10:00:00,0.0,0.0,0.0,0.0,-1.6,93.1,910.0,0
954,2019-03-11 11:00:00,0.0,0.0,0.0,0.0,-1.4,91.5,909.8,0
955,2019-03-11 12:00:00,0.0,0.0,0.0,0.0,-1.6,86.4,911.5,0
956,2019-03-11 13:00:00,0.0,0.0,0.0,0.0,-1.0,83.7,912.0,0
957,2019-03-11 14:00:00,0.0,0.0,0.0,0.0,-1.4,80.7,912.7,0
958,2019-03-11 15:00:00,0.0,0.0,0.0,0.0,-0.9,83.0,912.7,0
959,2019-03-11 16:00:00,0.0,0.0,0.0,0.0,-1.1,87.8,912.8,0
960,2019-03-11 17:00:00,0.0,0.0,0.0,0.0,-1.6,86.9,913.3,0
961,2019-03-11 18:00:00,0.0,0.0,0.0,0.0,-1.8,89.4,913.9,0
962,2019-03-11 19:00:00,0.0,0.0,0.0,0.0,-1.9,90.2,914.6,0
963,2019-03-11 20:00:00,0.0,0.0,0.0,0.0,-1.9,92.2,914.8,0
964,2019-03-11 21:00:00,0.0,0.0,0.0,0.0,-2.0,91.6,915.5,0
965,2019-03-11 22:00:00,0.0,0.0,0.0,0.0,-2.3,92.5,915.4,0
966,2019-03-11 23:00:00,0.0,0.0,0.0,0.0,-2.5,91.6,915.6,0
967,2019-03-12 00:00:00,0.0,0.0,0.0,0.0,-2.8,91.3,915.3,0
968,2019-03-12 01:00:00,0.0,0.0,0.0,0.0,-3.9,91.3,916.0,0
969,2019-03-12 02:00:00,0.0,0.0,0.0,0.0,-4.8,91.5,915.7,0
970,2019-03-12 03:00:00,0.0,0.0,0.0,0.0,-6.0,91.5,915.3,0
971,2019-03-12 04:00:00,0.0,0.0,0.0,0.0,-7.1,91.0,914.6,0
972,2019-03-12 05:00:00,0.0,0.0,0.0,0.0,-8.1,89.8,914.3,0
973,2019-03-12 06:00:00,0.0,0.0,0.0,0.0,-8.6,89.9,913.3,0
974,2019-03-12 07:00:00,0.0,0.0,0.0,0.0,-8.6,88.8,912.9,0
975,2019-03-12 08:00:00,0.0,0.0,0.0,0.0,-8.2,90.0,912.5,0
976,2019-03-12 09:00:00,0.0,0.0,0.0,0.0,-2.3,79.9,911.5,0
977,2019-03-12 10:00:00,0.0,0.0,0.0,0.0,0.2,76.6,910.4,0
978,2019-03-12 11:00:00,0.0,0.3,0.9,333.0,0.9,70.6,909.8,0
979,2019-03-12 12:00:00,0.0,1.3,2.3,61.0,1.4,59.5,909.1,0
980,2019-03-12 13:00:00,0.0,0.5,1.6,26.0,2.0,64.6,908.0,0
981,2019-03-12 14:00:00,0.0,1.0,1.7,64.0,2.3,62.2,907.0,0
982,2019-03-12 15:00:00,0.0,0.3,0.8,40.0,2.6,81.8,905.7,0
983,2019-03-12 16:00:00,0.0,0.3,0.5,56.0,2.2,84.3,904.5,0
984,2019-03-12 17:00:00,0.0,0.4,1.0,123.0,1.1,89.0,903.7,0
985,2019-03-12 18:00:00,0.0,0.5,1.0,222.0,0.1,93.4,903.6,0
986,2019-03-12 19:00:00,0.0,0.5,1.0,198.0,-0.2,93.7,902.8,0
987,2019-03-12 20:00:00,0.0,0.5,1.1,123.0,0.2,94.7,901.9,0
988,2019-03-12 21:00:00,0.0,1.0,1.8,220.0,3.8,67.2,901.8,0
989,2019-03-12 22:00:00,0.0,1.6,6.9,183.0,6.7,50.2,901.8,0
990,2019-03-12 23:00:00,0.0,1.0,4.3,207.0,6.3,52.7,900.3,0
991,2019-03-13 00:00:00,0.0,0.7,2.5,316.0,6.9,50.7,900.8,0
992,2019-03-13 01:00:00,0.0,1.2,4.5,185.0,2.4,81.2,904.0,0
993,2019-03-13 02:00:00,0.0,1.0,3.9,194.0,0.4,93.5,904.5,0
994,2019-03-13 03:00:00,0.0,0.8,2.2,202.0,0.4,91.9,904.6,0
995,2019-03-13 04:00:00,0.0,0.3,0.6,182.0,0.2,93.0,904.9,0
996,2019-03-13 05:00:00,0.0,0.5,1.7,78.0,0.0,93.9,904.9,0
997,2019-03-13 06:00:00,0.0,0.8,2.0,197.0,-0.3,87.4,905.0,0
998,2019-03-13 07:00:00,0.0,0.8,3.1,190.0,0.0,89.5,905.1,0
999,2019-03-13 08:00:00,0.0,0.3,0.7,207.0,-0.4,92.0,905.1,0
1000,2019-03-13 09:00:00,0.0,0.9,3.0,218.0,0.3,85.1,905.3,0
1001,2019-03-13 10:00:00,0.0,1.3,3.8,193.0,0.8,76.6,904.7,0
1002,2019-03-13 11:00:00,0.0,0.7,2.8,191.0,1.0,75.3,904.8,0
1003,2019-03-13 12:00:00,0.0,1.0,3.3,162.0,1.3,70.4,904.3,0
1004,2019-03-13 13:00:00,0.0,0.9,3.1,162.0,1.9,71.3,903.4,0
1005,2019-03-13 14:00:00,0.0,1.5,5.7,167.0,1.5,71.8,903.8,0
1006,2019-03-13 15:00:00,0.0,1.1,3.9,183.0,1.8,67.8,904.2,0
1007,2019-03-13 16:00:00,0.0,1.2,3.8,210.0,1.0,83.1,904.4,0
1008,2019-03-13 17:00:00,0.0,0.8,2.0,219.0,1.2,80.8,904.9,0
1009,2019-03-13 18:00:00,0.0,1.6,5.5,176.0,0.7,82.3,904.7,0
1010,2019-03-13 19:00:00,0.0,1.1,3.4,172.0,0.8,80.2,905.2,0
1011,2019-03-13 20:00:00,0.0,1.2,3.8,166.0,0.1,83.7,904.9,0
1012,2019-03-13 21:00:00,0.0,1.2,3.9,183.0,0.4,87.6,905.2,0
1013,2019-03-13 22:00:00,0.0,0.8,3.7,200.0,0.4,90.9,905.7,0
1014,2019-03-13 23:00:00,0.0,0.7,1.3,210.0,0.4,91.8,906.0,0
1015,2019-03-14 00:00:00,0.0,0.0,0.0,0.0,0.2,94.0,906.2,0
1016,2019-03-14 01:00:00,0.0,0.0,0.0,0.0,0.1,94.0,906.7,0
1017,2019-03-14 02:00:00,0.0,0.0,0.0,0.0,0.1,93.1,906.6,0
1018,2019-03-14 03:00:00,0.0,0.0,0.0,0.0,-0.3,92.9,906.4,0
1019,2019-03-14 04:00:00,0.0,0.0,0.0,0.0,-0.2,92.5,906.4,0
1020,2019-03-14 05:00:00,0.0,0.0,0.0,0.0,0.0,91.7,906.4,0
1021,2019-03-14 06:00:00,0.0,0.0,0.0,0.0,0.0,87.9,906.3,0
1022,2019-03-14 07:00:00,0.0,0.0,0.0,0.0,0.1,85.3,906.0,0
1023,2019-03-14 08:00:00,0.0,0.0,0.0,0.0,0.6,84.3,906.2,0
1024,2019-03-14 09:00:00,0.0,0.0,0.0,0.0,1.0,81.4,905.7,0
1025,2019-03-14 10:00:00,0.0,0.0,0.0,0.0,1.7,76.9,905.3,0
1026,2019-03-14 11:00:00,0.0,0.0,0.0,0.0,1.8,78.1,904.7,0
1027,2019-03-14 12:00:00,0.0,1.3,6.0,189.0,2.0,80.3,904.0,0
1028,2019-03-14 13:00:00,0.0,2.0,6.1,170.0,1.6,82.8,903.3,0
1029,2019-03-14 14:00:00,0.0,1.6,8.1,185.0,0.9,89.4,902.2,0
1030,2019-03-14 15:00:00,0.0,1.6,4.9,183.0,0.9,91.5,901.5,0
1031,2019-03-14 16:00:00,0.0,1.6,5.6,173.0,1.6,89.6,900.6,0
1032,2019-03-14 17:00:00,0.0,1.5,4.1,221.0,1.8,89.8,901.6,0
1033,2019-03-14 18:00:00,0.0,1.1,4.1,208.0,1.6,91.5,901.8,0
1034,2019-03-14 19:00:00,0.0,1.1,3.4,191.0,1.8,92.4,902.4,0
1035,2019-03-14 20:00:00,0.0,0.8,2.0,216.0,2.1,91.3,902.9,0
1036,2019-03-14 21:00:00,0.0,0.7,2.6,193.0,2.3,91.6,903.0,0
1037,2019-03-14 22:00:00,0.0,1.8,8.0,220.0,2.9,89.8,902.8,0
1038,2019-03-14 23:00:00,0.0,1.0,2.6,214.0,2.4,92.6,903.9,0
1039,2019-03-15 00:00:00,0.0,0.9,1.8,219.0,2.4,92.1,903.6,0
1040,2019-03-15 01:00:00,0.0,1.2,4.6,224.0,2.2,92.7,904.3,0
1041,2019-03-15 02:00:00,0.0,0.9,1.3,220.0,2.1,94.4,904.3,0
1042,2019-03-15 03:00:00,0.0,1.1,1.6,219.0,2.3,94.1,904.5,0
1043,2019-03-15 04:00:00,0.0,0.6,1.1,211.0,1.7,94.4,903.9,0
1044,2019-03-15 05:00:00,0.0,1.2,3.5,211.0,2.5,93.6,904.3,0
1045,2019-03-15 06:00:00,0.0,1.0,5.2,197.0,2.4,93.8,904.6,0
1046,2019-03-15 07:00:00,0.0,1.0,5.7,203.0,2.9,92.9,905.2,0
1047,2019-03-15 08:00:00,0.0,1.3,4.8,192.0,3.5,92.8,906.1,0
1048,2019-03-15 09:00:00,0.0,1.4,4.4,187.0,4.0,91.8,906.8,0
1049,2019-03-15 10:00:00,0.0,0.9,3.2,191.0,4.5,91.0,907.4,0
1050,2019-03-15 11:00:00,0.0,0.9,3.2,188.0,4.5,92.1,907.7,0
1051,2019-03-15 12:00:00,0.0,1.0,3.2,194.0,4.3,93.1,908.0,0
1052,2019-03-15 13:00:00,0.0,0.7,1.6,197.0,4.9,91.2,908.0,0
1053,2019-03-15 14:00:00,0.0,0.8,5.0,200.0,5.2,91.9,908.0,0
1054,2019-03-15 15:00:00,0.0,0.9,3.0,200.0,5.0,90.5,908.5,0
1055,2019-03-15 16:00:00,0.0,0.7,1.3,205.0,5.3,90.9,908.0,0
1056,2019-03-15 17:00:00,0.0,0.6,1.0,214.0,4.0,93.9,908.6,0
1057,2019-03-15 18:00:00,0.0,0.6,1.3,219.0,3.4,94.8,908.9,0
1058,2019-03-15 19:00:00,0.0,0.8,3.4,200.0,3.3,95.0,909.5,0
1059,2019-03-15 20:00:00,0.0,0.4,0.8,208.0,3.0,95.0,909.6,0
1060,2019-03-15 21:00:00,0.0,0.7,1.2,210.0,3.6,95.5,909.8,0
1061,2019-03-15 22:00:00,0.0,1.2,3.8,202.0,3.1,95.4,909.9,0
1062,2019-03-15 23:00:00,0.0,0.7,1.6,210.0,2.7,95.0,910.0,0
1063,2019-03-16 00:00:00,0.0,0.8,1.4,205.0,3.4,95.4,910.1,0
1064,2019-03-16 01:00:00,0.0,0.8,1.5,204.0,3.1,95.4,909.7,0
1065,2019-03-16 02:00:00,0.0,0.5,1.1,217.0,2.3,94.9,909.3,0
1066,2019-03-16 03:00:00,0.0,0.7,1.4,238.0,2.4,95.3,908.7,0
1067,2019-03-16 04:00:00,0.0,0.7,1.2,226.0,1.4,95.3,908.4,0
1068,2019-03-16 05:00:00,0.0,0.2,0.5,198.0,1.3,95.6,908.7,0
1069,2019-03-16 06:00:00,0.0,0.4,1.1,249.0,1.6,95.6,908.5,0
1070,2019-03-16 07:00:00,0.0,1.2,3.5,211.0,2.3,95.9,908.1,0
1071,2019-03-16 08:00:00,0.0,0.3,0.6,31.0,2.4,94.9,908.0,0
1072,2019-03-16 09:00:00,0.0,0.4,0.9,117.0,5.2,85.1,907.8,0
1073,2019-03-16 10:00:00,0.0,0.3,0.7,88.0,7.2,81.8,907.6,0
1074,2019-03-16 11:00:00,0.0,0.6,1.3,55.0,8.1,78.8,906.9,0
1075,2019-03-16 12:00:00,0.0,0.8,2.4,76.0,9.9,71.9,906.4,0
1076,2019-03-16 13:00:00,0.0,0.8,2.9,32.0,12.3,61.9,905.6,0
1077,2019-03-16 14:00:00,0.0,1.1,5.8,187.0,13.9,35.7,905.0,0
1078,2019-03-16 15:00:00,0.0,0.7,1.2,243.0,12.3,42.9,904.3,0
1079,2019-03-16 16:00:00,0.0,0.5,1.0,218.0,8.4,61.0,903.9,0
1080,2019-03-16 17:00:00,0.0,0.6,1.0,217.0,5.0,77.7,903.9,0
1081,2019-03-16 18:00:00,0.0,0.5,0.8,204.0,3.2,84.2,903.8,0
1082,2019-03-16 19:00:00,0.0,0.5,1.2,198.0,2.1,85.0,903.7,0
1083,2019-03-16 20:00:00,0.0,0.8,1.3,221.0,1.3,83.0,903.4,0
1084,2019-03-16 21:00:00,0.0,0.5,1.2,175.0,0.9,80.8,903.2,0
1085,2019-03-16 22:00:00,0.0,0.4,1.0,190.0,0.3,79.8,902.5,0
1086,2019-03-16 23:00:00,0.0,0.5,1.2,203.0,-0.3,82.2,901.8,0
1087,2019-03-17 00:00:00,0.0,0.6,1.0,216.0,-0.3,84.2,901.2,0
