time,Discharge,temp,RH,wind,SW_global,ppt,press
2021-07-01 00:00:00,30,-1.3,65.0,0.0,0,0.0,548.924
2021-07-01 01:00:00,30,-1.5,63.0,0.0,0,0.0,548.924
2021-07-01 02:00:00,30,-2.7,71.0,0.0,0,0.0,548.924
2021-07-01 03:00:00,30,-3.3,74.0,0.0,0,0.0,548.924
2021-07-01 04:00:00,30,-4.0,81.0,1.0,0,0.0,548.924
2021-07-01 05:00:00,30,-3.6,70.0,0.1,0,0.0,548.924
2021-07-01 06:00:00,30,-4.5,69.0,0.0,0,0.0,548.924
2021-07-01 07:00:00,30,-5.8,81.0,0.0,0,0.0,548.924
2021-07-01 08:00:00,30,-5.2,78.0,0.2,0,0.0,548.924
2021-07-01 09:00:00,30,-2.0,66.0,0.1,0,0.0,548.924
2021-07-01 10:00:00,30,1.4,45.0,2.0,0,0.0,548.924
2021-07-01 11:00:00,30,3.7,22.0,3.5,0,0.0,548.924
2021-07-01 12:00:00,30,5.8,18.0,5.3,0,0.0,548.924
2021-07-01 13:00:00,30,7.0,13.0,6.2,0,0.0,548.924
2021-07-01 14:00:00,30,7.8,13.0,7.0,0,0.0,548.924
2021-07-01 15:00:00,30,8.0,13.0,7.5,0,0.0,548.924
2021-07-01 16:00:00,30,7.5,12.0,7.5,0,0.0,548.924
2021-07-01 17:00:00,30,6.7,10.0,5.1,0,0.0,548.924
2021-07-01 18:00:00,30,5.3,14.0,3.4,0,0.0,548.924
2021-07-01 19:00:00,30,2.8,22.0,2.5,0,0.0,548.924
2021-07-01 20:00:00,30,1.9,28.0,2.8,0,0.0,548.924
2021-07-01 21:00:00,30,-1.0,35.0,2.5,0,0.0,548.924
2021-07-01 22:00:00,30,-2.6,35.0,1.9,0,0.0,548.924
2021-07-01 23:00:00,30,-2.3,31.0,0.0,0,0.0,548.924
2021-07-02 00:00:00,30,-3.3,32.0,0.6,0,0.0,548.924
2021-07-02 01:00:00,30,-4.1,32.0,0.0,0,0.0,548.924
2021-07-02 02:00:00,30,-7.9,69.0,1.0,0,0.0,548.924
2021-07-02 03:00:00,30,-7.5,66.0,2.0,0,0.0,548.924
2021-07-02 04:00:00,30,-7.6,67.0,2.7,0,0.0,548.924
2021-07-02 05:00:00,30,-7.1,65.0,0.6,0,0.0,548.924
2021-07-02 06:00:00,30,-7.7,70.0,0.0,0,0.0,548.924
2021-07-02 07:00:00,30,-6.6,49.0,0.0,0,0.0,548.924
2021-07-02 08:00:00,30,-5.3,31.0,1.3,0,0.0,548.924
2021-07-02 09:00:00,30,-1.4,23.0,3.2,0,0.0,548.924
2021-07-02 10:00:00,30,2.4,12.0,4.7,0,0.0,548.924
2021-07-02 11:00:00,30,4.5,8.0,4.4,0,0.0,548.924
2021-07-02 12:00:00,30,6.3,6.0,6.7,0,0.0,548.924
2021-07-02 13:00:00,30,7.1,9.0,5.0,0,0.0,548.924
2021-07-02 14:00:00,30,7.1,9.0,5.8,0,0.0,548.924
2021-07-02 15:00:00,30,7.0,11.0,5.7,0,0.0,548.924
2021-07-02 16:00:00,30,6.7,9.0,7.4,0,0.0,548.924
2021-07-02 17:00:00,30,6.3,9.0,4.8,0,0.0,548.924
2021-07-02 18:00:00,30,4.9,10.0,2.9,0,0.0,548.924
2021-07-02 19:00:00,30,2.1,17.0,2.2,0,0.0,548.924
2021-07-02 20:00:00,30,-1.2,22.0,1.5,0,0.0,548.924
2021-07-02 21:00:00,30,-3.2,28.0,1.4,0,0.0,548.924
2021-07-02 22:00:00,30,-3.2,41.0,0.0,0,0.0,548.924
2021-07-02 23:00:00,30,-3.9,49.0,1.8,0,0.0,548.924
2021-07-03 00:00:00,30,-4.2,48.0,0.9,0,0.0,548.924
2021-07-03 01:00:00,30,-6.6,52.0,1.5,0,0.0,548.924
2021-07-03 02:00:00,30,-7.2,48.0,2.6,0,0.0,548.924
2021-07-03 03:00:00,30,-8.2,51.0,2.0,0,0.0,548.924
2021-07-03 04:00:00,30,-9.5,47.0,0.2,0,0.0,548.924
2021-07-03 05:00:00,30,-7.8,52.0,0.0,0,0.0,548.924
2021-07-03 06:00:00,30,-7.7,60.0,0.0,0,0.0,548.924
2021-07-03 07:00:00,30,-7.9,67.0,0.2,0,0.0,548.924
2021-07-03 08:00:00,30,-7.6,73.0,0.0,0,0.0,548.924
2021-07-03 09:00:00,30,-2.5,57.0,1.0,0,0.0,548.924
2021-07-03 10:00:00,30,1.8,11.0,2.8,0,0.0,548.924
2021-07-03 11:00:00,30,2.8,8.0,3.8,0,0.0,548.924
2021-07-03 12:00:00,30,4.3,9.0,5.3,0,0.0,548.924
2021-07-03 13:00:00,30,5.1,14.0,4.6,0,0.0,548.924
2021-07-03 14:00:00,30,5.7,11.0,2.7,0,0.0,548.924
2021-07-03 15:00:00,30,6.1,10.0,4.5,0,0.0,548.924
2021-07-03 16:00:00,30,6.1,9.0,4.4,0,0.0,548.924
2021-07-03 17:00:00,30,5.7,9.0,4.7,0,0.0,548.924
2021-07-03 18:00:00,30,4.6,10.0,3.3,0,0.0,548.924
2021-07-03 19:00:00,30,1.8,17.0,2.0,0,0.0,548.924
2021-07-03 20:00:00,30,-0.3,19.0,1.5,0,0.0,548.924
2021-07-03 21:00:00,30,-1.3,23.0,0.0,0,0.0,548.924
2021-07-03 22:00:00,30,-1.2,22.0,0.0,0,0.0,548.924
2021-07-03 23:00:00,30,-2.4,28.0,0.0,0,0.0,548.924
2021-07-04 00:00:00,30,-3.3,42.0,0.1,0,0.0,548.924
2021-07-04 01:00:00,30,-4.9,52.0,1.5,0,0.0,548.924
2021-07-04 02:00:00,30,-5.3,65.0,0.0,0,0.0,548.924
2021-07-04 03:00:00,30,-5.4,61.0,2.4,0,0.0,548.924
2021-07-04 04:00:00,30,-5.6,57.0,2.4,0,0.0,548.924
2021-07-04 05:00:00,30,-7.1,54.0,2.1,0,0.0,548.924
2021-07-04 06:00:00,30,-7.7,51.0,2.9,0,0.0,548.924
2021-07-04 07:00:00,30,-5.3,41.0,2.3,0,0.0,548.924
2021-07-04 08:00:00,30,-4.9,43.0,0.5,0,0.0,548.924
2021-07-04 09:00:00,30,-1.3,39.0,0.4,0,0.0,548.924
2021-07-04 10:00:00,30,1.6,32.0,1.2,0,0.0,548.924
2021-07-04 11:00:00,30,3.3,19.0,3.3,0,0.0,548.924
2021-07-04 12:00:00,30,5.2,14.0,2.6,0,0.0,548.924
2021-07-04 13:00:00,30,6.2,13.0,2.8,0,0.0,548.924
2021-07-04 14:00:00,30,6.8,15.0,3.1,0,0.0,548.924
2021-07-04 15:00:00,30,7.0,15.0,5.0,0,0.0,548.924
2021-07-04 16:00:00,30,6.6,16.0,5.2,0,0.0,548.924
2021-07-04 17:00:00,30,6.0,18.0,4.6,0,0.0,548.924
2021-07-04 18:00:00,30,4.8,22.0,5.5,0,0.0,548.924
2021-07-04 19:00:00,30,2.2,33.0,3.3,0,0.0,548.924
2021-07-04 20:00:00,30,-1.8,44.0,1.6,0,0.0,548.924
2021-07-04 21:00:00,30,-1.4,35.0,0.2,0,0.0,548.924
2021-07-04 22:00:00,30,-2.7,43.0,0.0,0,0.0,548.924
2021-07-04 23:00:00,30,-3.0,46.0,0.1,0,0.0,548.924
2021-07-05 00:00:00,30,-3.6,51.0,0.0,0,0.0,548.924
2021-07-05 01:00:00,30,-4.6,50.0,2.9,0,0.0,548.924
2021-07-05 02:00:00,30,-5.5,57.0,1.4,0,0.0,548.924
2021-07-05 03:00:00,30,-5.8,53.0,0.0,0,0.0,548.924
2021-07-05 04:00:00,30,-5.9,53.0,0.0,0,0.0,548.924
2021-07-05 05:00:00,30,-6.1,58.0,0.0,0,0.0,548.924
2021-07-05 06:00:00,30,-6.4,65.0,0.0,0,0.0,548.924
2021-07-05 07:00:00,30,-5.8,58.0,0.0,0,0.0,548.924
2021-07-05 08:00:00,30,-5.2,57.0,0.0,0,0.0,548.924
2021-07-05 09:00:00,30,-1.0,49.0,0.4,0,0.0,548.924
2021-07-05 10:00:00,30,1.8,37.0,1.9,0,0.0,548.924
2021-07-05 11:00:00,30,3.5,22.0,2.6,0,0.0,548.924
2021-07-05 12:00:00,30,5.1,15.0,4.0,0,0.0,548.924
2021-07-05 13:00:00,30,6.0,15.0,3.7,0,0.0,548.924
2021-07-05 14:00:00,30,6.5,15.0,3.7,0,0.0,548.924
2021-07-05 15:00:00,30,6.5,17.0,4.3,0,0.0,548.924
2021-07-05 16:00:00,30,6.6,18.0,3.5,0,0.0,548.924
2021-07-05 17:00:00,30,6.4,19.0,3.2,0,0.0,548.924
2021-07-05 18:00:00,30,5.7,30.0,5.0,0,0.0,548.924
2021-07-05 19:00:00,30,1.7,42.0,4.2,0,0.0,548.924
2021-07-05 20:00:00,30,-0.6,47.0,3.0,0,0.0,548.924
2021-07-05 21:00:00,30,-2.3,53.0,0.2,0,0.0,548.924
2021-07-05 22:00:00,30,-1.2,51.0,0.0,0,0.0,548.924
2021-07-05 23:00:00,30,-2.0,57.0,0.0,0,0.0,548.924
2021-07-06 00:00:00,30,-3.1,63.0,0.0,0,0.0,548.924
2021-07-06 01:00:00,30,-4.4,76.0,0.0,0,0.0,548.924
2021-07-06 02:00:00,30,-4.9,72.0,2.4,0,0.0,548.924
2021-07-06 03:00:00,30,-4.8,63.0,2.2,0,0.0,548.924
2021-07-06 04:00:00,30,-5.4,61.0,0.1,0,0.0,548.924
2021-07-06 05:00:00,30,-5.2,61.0,0.9,0,0.0,548.924
2021-07-06 06:00:00,30,-5.4,70.0,0.3,0,0.0,548.924
2021-07-06 07:00:00,30,-5.1,82.0,0.0,0,0.0,548.924
2021-07-06 08:00:00,30,-4.8,87.0,0.0,0,0.0,548.924
2021-07-06 09:00:00,30,-1.0,64.0,0.2,0,0.0,548.924
2021-07-06 10:00:00,30,1.0,53.0,2.1,0,0.0,548.924
2021-07-06 11:00:00,30,2.5,40.0,1.1,0,0.0,548.924
2021-07-06 12:00:00,30,4.0,32.0,1.9,0,0.0,548.924
2021-07-06 13:00:00,30,5.4,31.0,2.9,0,0.0,548.924
2021-07-06 14:00:00,30,6.8,25.0,2.3,0,0.0,548.924
2021-07-06 15:00:00,30,8.1,22.0,1.1,0,0.0,548.924
2021-07-06 16:00:00,30,8.6,23.0,3.3,0,0.0,548.924
2021-07-06 17:00:00,30,8.2,27.0,4.9,0,0.0,548.924
2021-07-06 18:00:00,30,6.7,29.0,5.9,0,0.0,548.924
2021-07-06 19:00:00,30,2.2,38.0,4.2,0,0.0,548.924
2021-07-06 20:00:00,30,1.1,40.0,4.4,0,0.0,548.924
2021-07-06 21:00:00,30,-0.1,45.0,0.6,0,0.0,548.924
2021-07-06 22:00:00,30,-0.8,48.0,1.8,0,0.0,548.924
2021-07-06 23:00:00,30,-2.5,56.0,2.1,0,0.0,548.924
2021-07-07 00:00:00,30,-3.6,66.0,1.6,0,0.0,548.924
2021-07-07 01:00:00,30,-4.1,72.0,2.3,0,0.0,548.924
2021-07-07 02:00:00,30,-5.1,72.0,2.0,0,0.0,548.924
2021-07-07 03:00:00,30,-6.0,67.0,2.0,0,0.0,548.924
2021-07-07 04:00:00,30,-5.3,66.0,2.3,0,0.0,548.924
2021-07-07 05:00:00,30,-5.8,64.0,2.6,0,0.0,548.924
2021-07-07 06:00:00,30,-5.4,57.0,1.1,0,0.0,548.924
2021-07-07 07:00:00,30,-5.8,57.0,0.0,0,0.0,548.924
2021-07-07 08:00:00,30,-3.7,51.0,2.5,0,0.0,548.924
2021-07-07 09:00:00,30,0.8,51.0,0.7,0,0.0,548.924
2021-07-07 10:00:00,30,3.9,35.0,2.4,0,0.0,548.924
2021-07-07 11:00:00,30,6.7,19.0,5.8,0,0.0,548.924
2021-07-07 12:00:00,30,7.5,18.0,5.9,0,0.0,548.924
2021-07-07 13:00:00,30,8.2,16.0,7.0,0,0.0,548.924
2021-07-07 14:00:00,30,8.7,14.0,5.7,0,0.0,548.924
2021-07-07 15:00:00,30,8.5,17.0,8.6,0,0.0,548.924
2021-07-07 16:00:00,30,8.2,23.0,7.8,0,0.0,548.924
2021-07-07 17:00:00,30,7.4,31.0,9.2,0,0.0,548.924
2021-07-07 18:00:00,30,5.8,34.0,8.6,0,0.0,548.924
2021-07-07 19:00:00,30,3.0,39.0,6.5,0,0.0,548.924
2021-07-07 20:00:00,30,1.0,46.0,6.4,0,0.0,548.924
2021-07-07 21:00:00,30,-0.2,49.0,1.9,0,0.0,548.924
2021-07-07 22:00:00,30,-0.4,47.0,1.5,0,0.0,548.924
2021-07-07 23:00:00,30,-2.7,43.0,1.6,0,0.0,548.924
2021-07-08 00:00:00,30,-2.8,50.0,0.6,0,0.0,548.924
2021-07-08 01:00:00,30,-4.1,50.0,0.0,0,0.0,548.924
2021-07-08 02:00:00,30,-3.5,43.0,0.0,0,0.0,548.924
2021-07-08 03:00:00,30,-3.5,35.0,0.8,0,0.0,548.924
2021-07-08 04:00:00,30,-3.3,30.0,0.5,0,0.0,548.924
2021-07-08 05:00:00,30,-5.1,37.0,0.0,0,0.0,548.924
2021-07-08 06:00:00,30,-4.8,38.0,0.1,0,0.0,548.924
2021-07-08 07:00:00,30,-5.3,38.0,0.3,0,0.0,548.924
2021-07-08 08:00:00,30,-4.7,53.0,0.0,0,0.0,548.924
2021-07-08 09:00:00,30,0.1,42.0,0.3,0,0.0,548.924
2021-07-08 10:00:00,30,3.0,31.0,1.2,0,0.0,548.924
2021-07-08 11:00:00,30,5.6,24.0,4.1,0,0.0,548.924
2021-07-08 12:00:00,30,6.7,21.0,3.9,0,0.0,548.924
2021-07-08 13:00:00,30,7.2,20.0,3.9,0,0.0,548.924
2021-07-08 14:00:00,30,7.6,21.0,4.5,0,0.0,548.924
2021-07-08 15:00:00,30,7.7,19.0,4.3,0,0.0,548.924
2021-07-08 16:00:00,30,7.8,17.0,3.1,0,0.0,548.924
2021-07-08 17:00:00,30,7.4,24.0,4.6,0,0.0,548.924
2021-07-08 18:00:00,30,6.1,41.0,6.3,0,0.0,548.924
2021-07-08 19:00:00,30,3.2,42.0,4.1,0,0.0,548.924
2021-07-08 20:00:00,30,0.9,42.0,1.7,0,0.0,548.924
2021-07-08 21:00:00,30,-0.3,47.0,1.2,0,0.0,548.924
2021-07-08 22:00:00,30,-1.6,51.0,1.8,0,0.0,548.924
2021-07-08 23:00:00,30,-2.2,56.0,1.9,0,0.0,548.924
2021-07-09 00:00:00,30,-2.3,59.0,2.3,0,0.0,548.924
2021-07-09 01:00:00,30,-2.9,66.0,2.4,0,0.0,548.924
2021-07-09 02:00:00,30,-3.5,65.0,2.8,0,0.0,548.924
2021-07-09 03:00:00,30,-4.5,64.0,3.2,0,0.0,548.924
2021-07-09 04:00:00,30,-3.9,54.0,2.7,0,0.0,548.924
2021-07-09 05:00:00,30,-3.9,53.0,1.1,0,0.0,548.924
2021-07-09 06:00:00,30,-5.4,61.0,0.0,0,0.0,548.924
2021-07-09 07:00:00,30,-6.7,74.0,0.3,0,0.0,548.924
2021-07-09 08:00:00,30,-4.7,74.0,0.6,0,0.0,548.924
2021-07-09 09:00:00,30,-1.0,50.0,1.2,0,0.0,548.924
2021-07-09 10:00:00,30,2.0,42.0,1.5,0,0.0,548.924
2021-07-09 11:00:00,30,4.2,24.0,0.8,0,0.0,548.924
2021-07-09 12:00:00,30,6.4,19.0,2.8,0,0.0,548.924
2021-07-09 13:00:00,30,7.4,19.0,3.4,0,0.0,548.924
2021-07-09 14:00:00,30,7.9,19.0,3.5,0,0.0,548.924
2021-07-09 15:00:00,30,8.2,19.0,4.2,0,0.0,548.924
2021-07-09 16:00:00,30,8.1,25.0,5.5,0,0.0,548.924
2021-07-09 17:00:00,30,7.9,28.0,6.1,0,0.0,548.924
2021-07-09 18:00:00,30,5.9,30.0,4.8,0,0.0,548.924
2021-07-09 19:00:00,30,2.9,33.0,4.6,0,0.0,548.924
2021-07-09 20:00:00,30,1.0,39.0,1.0,0,0.0,548.924
2021-07-09 21:00:00,30,-0.4,45.0,2.8,0,0.0,548.924
2021-07-09 22:00:00,30,0.1,47.0,0.0,0,0.0,548.924
2021-07-09 23:00:00,30,-1.3,54.0,0.8,0,0.0,548.924
2021-07-10 00:00:00,30,-2.8,70.0,1.0,0,0.0,548.924
2021-07-10 01:00:00,30,-2.9,73.0,1.3,0,0.0,548.924
2021-07-10 02:00:00,30,-3.0,68.0,1.6,0,0.0,548.924
2021-07-10 03:00:00,30,-2.4,61.0,0.0,0,0.0,548.924
2021-07-10 04:00:00,30,-3.9,78.0,3.3,0,0.0,548.924
2021-07-10 05:00:00,30,-3.8,80.0,2.1,0,0.0,548.924
2021-07-10 06:00:00,30,-4.9,73.0,1.7,0,0.0,548.924
2021-07-10 07:00:00,30,-4.9,69.0,1.2,0,0.0,548.924
2021-07-10 08:00:00,30,-4.1,70.0,0.4,0,0.0,548.924
2021-07-10 09:00:00,30,0.7,56.0,0.3,0,0.0,548.924
2021-07-10 10:00:00,30,2.5,49.0,1.5,0,0.0,548.924
2021-07-10 11:00:00,30,4.7,28.0,2.9,0,0.0,548.924
2021-07-10 12:00:00,30,6.5,16.0,3.6,0,0.0,548.924
2021-07-10 13:00:00,30,7.4,15.0,5.0,0,0.0,548.924
2021-07-10 14:00:00,30,7.7,14.0,4.7,0,0.0,548.924
2021-07-10 15:00:00,30,8.0,17.0,8.2,0,0.0,548.924
2021-07-10 16:00:00,30,7.4,17.0,6.1,0,0.0,548.924
2021-07-10 17:00:00,30,6.5,21.0,5.8,0,0.0,548.924
2021-07-10 18:00:00,30,5.4,25.0,5.3,0,0.0,548.924
2021-07-10 19:00:00,30,2.1,32.0,5.6,0,0.0,548.924
2021-07-10 20:00:00,30,0.6,35.0,5.2,0,0.0,548.924
2021-07-10 21:00:00,30,0.7,33.0,1.6,0,0.0,548.924
2021-07-10 22:00:00,30,-0.6,30.0,0.7,0,0.0,548.924
2021-07-10 23:00:00,30,-1.2,28.0,0.3,0,0.0,548.924
2021-07-11 00:00:00,30,-1.2,25.0,0.1,0,0.0,548.924
2021-07-11 01:00:00,30,-0.8,21.0,2.1,0,0.0,548.924
2021-07-11 02:00:00,30,-1.5,24.0,2.0,0,0.0,548.924
2021-07-11 03:00:00,30,-2.3,31.0,1.2,0,0.0,548.924
2021-07-11 04:00:00,30,-2.4,28.0,0.6,0,0.0,548.924
2021-07-11 05:00:00,30,-2.1,24.0,0.5,0,0.0,548.924
2021-07-11 06:00:00,30,-2.4,21.0,0.5,0,0.0,548.924
2021-07-11 07:00:00,30,-3.3,22.0,2.2,0,0.0,548.924
2021-07-11 08:00:00,30,-2.2,19.0,1.2,0,0.0,548.924
2021-07-11 09:00:00,30,-0.3,26.0,1.6,0,0.0,548.924
2021-07-11 10:00:00,30,1.4,27.0,1.1,0,0.0,548.924
2021-07-11 11:00:00,30,3.0,18.0,3.8,0,0.0,548.924
2021-07-11 12:00:00,30,4.7,16.0,2.2,0,0.0,548.924
2021-07-11 13:00:00,30,5.9,27.0,5.3,0,0.0,548.924
2021-07-11 14:00:00,30,5.6,30.0,6.7,0,0.0,548.924
2021-07-11 15:00:00,30,6.1,27.0,6.0,0,0.0,548.924
2021-07-11 16:00:00,30,6.5,23.0,4.4,0,0.0,548.924
2021-07-11 17:00:00,30,6.4,25.0,4.7,0,0.0,548.924
2021-07-11 18:00:00,30,5.7,32.0,3.3,0,0.0,548.924
2021-07-11 19:00:00,30,4.2,40.0,3.3,0,0.0,548.924
2021-07-11 20:00:00,30,1.3,56.0,3.5,0,0.0,548.924
2021-07-11 21:00:00,30,-0.1,70.0,3.2,0,0.0,548.924
2021-07-11 22:00:00,30,-1.5,77.0,1.8,0,0.0,548.924
2021-07-11 23:00:00,30,-2.0,86.0,0.0,0,0.0,548.924
2021-07-12 00:00:00,30,-2.4,90.0,1.8,0,0.0,548.924
2021-07-12 01:00:00,30,-2.8,92.0,0.0,0,0.0,548.924
2021-07-12 02:00:00,30,-2.1,91.0,1.1,0,0.0,548.924
2021-07-12 03:00:00,30,-2.4,81.0,0.0,0,0.0,548.924
2021-07-12 04:00:00,30,-4.2,83.0,0.5,0,0.0,548.924
2021-07-12 05:00:00,30,-4.0,86.0,1.2,0,0.0,548.924
2021-07-12 06:00:00,30,-5.0,91.0,0.0,0,0.0,548.924
2021-07-12 07:00:00,30,-4.5,89.0,0.0,0,0.0,548.924
2021-07-12 08:00:00,30,-3.3,81.0,0.1,0,0.0,548.924
2021-07-12 09:00:00,30,-0.2,64.0,0.1,0,0.0,548.924
2021-07-12 10:00:00,30,2.0,60.0,1.1,0,0.0,548.924
2021-07-12 11:00:00,30,4.0,47.0,0.7,0,0.0,548.924
2021-07-12 12:00:00,30,5.8,34.0,2.2,0,0.0,548.924
2021-07-12 13:00:00,30,7.2,22.0,6.1,0,0.0,548.924
2021-07-12 14:00:00,30,7.6,21.0,5.9,0,0.0,548.924
2021-07-12 15:00:00,30,7.5,21.0,5.8,0,0.0,548.924
2021-07-12 16:00:00,30,7.3,25.0,8.0,0,0.0,548.924
2021-07-12 17:00:00,30,6.7,29.0,6.1,0,0.0,548.924
2021-07-12 18:00:00,30,6.7,28.0,4.9,0,0.0,548.924
2021-07-12 19:00:00,30,2.7,32.0,3.3,0,0.0,548.924
2021-07-12 20:00:00,30,0.7,32.0,2.8,0,0.0,548.924
2021-07-12 21:00:00,30,0.1,40.0,2.7,0,0.0,548.924
2021-07-12 22:00:00,30,-1.8,55.0,2.3,0,0.0,548.924
2021-07-12 23:00:00,30,-2.2,54.0,2.0,0,0.0,548.924
2021-07-13 00:00:00,30,-2.3,57.0,1.2,0,0.0,548.924
2021-07-13 01:00:00,30,-3.1,62.0,2.1,0,0.0,548.924
2021-07-13 02:00:00,30,-3.4,72.0,1.4,0,0.0,548.924
2021-07-13 03:00:00,30,-3.5,72.0,1.0,0,0.0,548.924
2021-07-13 04:00:00,30,-4.1,68.0,1.4,0,0.0,548.924
2021-07-13 05:00:00,30,-3.8,60.0,0.7,0,0.0,548.924
2021-07-13 06:00:00,30,-3.9,54.0,0.6,0,0.0,548.924
2021-07-13 07:00:00,30,-4.8,59.0,0.0,0,0.0,548.924
2021-07-13 08:00:00,30,-3.6,64.0,0.0,0,0.0,548.924
2021-07-13 09:00:00,30,0.8,55.0,0.5,0,0.0,548.924
2021-07-13 10:00:00,30,2.6,45.0,0.9,0,0.0,548.924
2021-07-13 11:00:00,30,4.6,34.0,0.7,0,0.0,548.924
2021-07-13 12:00:00,30,6.6,26.0,3.0,0,0.0,548.924
2021-07-13 13:00:00,30,7.6,22.0,6.2,0,0.0,548.924
2021-07-13 14:00:00,30,7.9,23.0,6.1,0,0.0,548.924
2021-07-13 15:00:00,30,7.9,23.0,5.5,0,0.0,548.924
2021-07-13 16:00:00,30,7.7,27.0,5.1,0,0.0,548.924
2021-07-13 17:00:00,30,7.2,31.0,5.8,0,0.0,548.924
2021-07-13 18:00:00,30,6.2,41.0,7.8,0,0.0,548.924
2021-07-13 19:00:00,30,3.4,47.0,5.9,0,0.0,548.924
2021-07-13 20:00:00,30,1.9,51.0,5.6,0,0.0,548.924
2021-07-13 21:00:00,30,0.9,57.0,2.7,0,0.0,548.924
2021-07-13 22:00:00,30,-0.9,65.0,3.0,0,0.0,548.924
2021-07-13 23:00:00,30,-1.7,64.0,1.0,0,0.0,548.924
2021-07-14 00:00:00,30,-1.9,64.0,1.1,0,0.0,548.924
2021-07-14 01:00:00,30,-1.6,62.0,1.5,0,0.0,548.924
2021-07-14 02:00:00,30,-3.3,68.0,1.5,0,0.0,548.924
2021-07-14 03:00:00,30,-3.6,68.0,2.2,0,0.0,548.924
2021-07-14 04:00:00,30,-4.3,74.0,0.0,0,0.0,548.924
2021-07-14 05:00:00,30,-3.4,81.0,1.1,0,0.0,548.924
2021-07-14 06:00:00,30,-3.5,74.0,0.8,0,0.0,548.924
2021-07-14 07:00:00,30,-4.7,84.0,0.0,0,0.0,548.924
2021-07-14 08:00:00,30,-3.7,87.0,0.0,0,0.0,548.924
2021-07-14 09:00:00,30,1.2,67.0,2.2,0,0.0,548.924
2021-07-14 10:00:00,30,3.1,60.0,0.5,0,0.0,548.924
2021-07-14 11:00:00,30,4.8,43.0,0.8,0,0.0,548.924
2021-07-14 12:00:00,30,6.3,28.0,1.6,0,0.0,548.924
2021-07-14 13:00:00,30,7.4,23.0,2.5,0,0.0,548.924
2021-07-14 14:00:00,30,8.4,22.0,3.4,0,0.0,548.924
2021-07-14 15:00:00,30,8.4,27.0,5.2,0,0.0,548.924
2021-07-14 16:00:00,30,8.1,30.0,5.9,0,0.0,548.924
2021-07-14 17:00:00,30,9.1,25.0,5.6,0,0.0,548.924
2021-07-14 18:00:00,30,6.5,36.0,6.2,0,0.0,548.924
2021-07-14 19:00:00,30,3.7,49.0,5.1,0,0.0,548.924
2021-07-14 20:00:00,30,1.0,58.0,3.6,0,0.0,548.924
2021-07-14 21:00:00,30,0.0,58.0,0.4,0,0.0,548.924
2021-07-14 22:00:00,30,0.0,58.0,0.0,0,0.0,548.924
2021-07-14 23:00:00,30,-1.8,61.0,0.0,0,0.0,548.924
2021-07-15 00:00:00,30,-2.9,70.0,1.5,0,0.0,548.924
2021-07-15 01:00:00,30,-2.8,58.0,1.5,0,0.0,548.924
2021-07-15 02:00:00,30,-4.0,63.0,0.5,0,0.0,548.924
2021-07-15 03:00:00,30,-3.4,68.0,0.0,0,0.0,548.924
2021-07-15 04:00:00,30,-4.2,76.0,0.3,0,0.0,548.924
2021-07-15 05:00:00,30,-4.5,76.0,2.1,0,0.0,548.924
2021-07-15 06:00:00,30,-5.0,67.0,1.8,0,0.0,548.924
2021-07-15 07:00:00,30,-5.2,61.0,0.0,0,0.0,548.924
2021-07-15 08:00:00,30,-4.5,70.0,0.8,0,0.0,548.924
2021-07-15 09:00:00,30,-0.9,62.0,1.0,0,0.0,548.924
2021-07-15 10:00:00,30,1.7,48.0,1.8,0,0.0,548.924
2021-07-15 11:00:00,30,3.9,36.0,1.2,0,0.0,548.924
2021-07-15 12:00:00,30,6.3,18.0,3.5,0,0.0,548.924
2021-07-15 13:00:00,30,7.9,13.0,6.3,0,0.0,548.924
2021-07-15 14:00:00,30,8.4,15.0,6.8,0,0.0,548.924
2021-07-15 15:00:00,30,8.4,20.0,5.8,0,0.0,548.924
2021-07-15 16:00:00,30,8.3,26.0,5.9,0,0.0,548.924
2021-07-15 17:00:00,30,8.2,22.0,3.6,0,0.0,548.924
2021-07-15 18:00:00,30,7.3,16.0,5.2,0,0.0,548.924
2021-07-15 19:00:00,30,2.6,24.0,5.9,0,0.0,548.924
2021-07-15 20:00:00,30,-0.2,31.0,4.0,0,0.0,548.924
2021-07-15 21:00:00,30,-1.3,38.0,3.6,0,0.0,548.924
2021-07-15 22:00:00,30,-1.8,51.0,4.4,0,0.0,548.924
2021-07-15 23:00:00,30,-2.0,56.0,2.3,0,0.0,548.924
2021-07-16 00:00:00,30,-1.6,59.0,3.4,0,0.0,548.924
2021-07-16 01:00:00,30,-2.9,65.0,0.0,0,0.0,548.924
2021-07-16 02:00:00,30,-3.0,68.0,0.2,0,0.0,548.924
2021-07-16 03:00:00,30,-4.9,81.0,2.6,0,0.0,548.924
2021-07-16 04:00:00,30,-5.0,71.0,2.4,0,0.0,548.924
2021-07-16 05:00:00,30,-5.4,72.0,1.4,0,0.0,548.924
2021-07-16 06:00:00,30,-5.4,50.0,0.5,0,0.0,548.924
2021-07-16 07:00:00,30,-6.4,57.0,0.0,0,0.0,548.924
2021-07-16 08:00:00,30,-4.9,69.0,0.2,0,0.0,548.924
2021-07-16 09:00:00,30,-0.4,51.0,0.3,0,0.0,548.924
2021-07-16 10:00:00,30,1.3,41.0,1.4,0,0.0,548.924
2021-07-16 11:00:00,30,3.4,27.0,1.7,0,0.0,548.924
2021-07-16 12:00:00,30,5.4,21.0,1.9,0,0.0,548.924
2021-07-16 13:00:00,30,7.1,17.0,1.4,0,0.0,548.924
2021-07-16 14:00:00,30,8.6,13.0,3.9,0,0.0,548.924
2021-07-16 15:00:00,30,9.1,14.0,2.8,0,0.0,548.924
2021-07-16 16:00:00,30,8.9,17.0,4.6,0,0.0,548.924
2021-07-16 17:00:00,30,8.3,16.0,4.9,0,0.0,548.924
2021-07-16 18:00:00,30,7.0,19.0,5.1,0,0.0,548.924
2021-07-16 19:00:00,30,3.2,29.0,4.2,0,0.0,548.924
2021-07-16 20:00:00,30,1.0,40.0,2.8,0,0.0,548.924
2021-07-16 21:00:00,30,-0.3,48.0,3.3,0,0.0,548.924
2021-07-16 22:00:00,30,-1.5,56.0,3.5,0,0.0,548.924
2021-07-16 23:00:00,30,-1.6,52.0,1.6,0,0.0,548.924
2021-07-17 00:00:00,30,-2.5,50.0,1.6,0,0.0,548.924
2021-07-17 01:00:00,30,-2.0,49.0,0.0,0,0.0,548.924
2021-07-17 02:00:00,30,-1.9,51.0,0.0,0,0.0,548.924
2021-07-17 03:00:00,30,-2.2,61.0,0.6,0,0.0,548.924
2021-07-17 04:00:00,30,-4.2,72.0,0.0,0,0.0,548.924
2021-07-17 05:00:00,30,-4.3,84.0,0.0,0,0.0,548.924
2021-07-17 06:00:00,30,-4.1,74.0,0.1,0,0.0,548.924
2021-07-17 07:00:00,30,-4.3,68.0,0.1,0,0.0,548.924
2021-07-17 08:00:00,30,-4.2,80.0,0.0,0,0.0,548.924
2021-07-17 09:00:00,30,0.3,63.0,0.5,0,0.0,548.924
2021-07-17 10:00:00,30,2.5,52.0,1.7,0,0.0,548.924
2021-07-17 11:00:00,30,4.3,41.0,0.7,0,0.0,548.924
2021-07-17 12:00:00,30,6.0,23.0,1.1,0,0.0,548.924
2021-07-17 13:00:00,30,7.2,19.0,2.3,0,0.0,548.924
2021-07-17 14:00:00,30,8.1,19.0,2.6,0,0.0,548.924
2021-07-17 15:00:00,30,8.2,19.0,1.6,0,0.0,548.924
2021-07-17 16:00:00,30,7.8,24.0,7.4,0,0.0,548.924
2021-07-17 17:00:00,30,5.3,44.0,6.1,0,0.0,548.924
2021-07-17 18:00:00,30,4.0,45.0,5.9,0,0.0,548.924
2021-07-17 19:00:00,30,3.4,49.0,4.3,0,0.0,548.924
2021-07-17 20:00:00,30,2.6,49.0,2.9,0,0.0,548.924
2021-07-17 21:00:00,30,0.4,60.0,2.5,0,0.0,548.924
2021-07-17 22:00:00,30,-0.3,60.0,1.9,0,0.0,548.924
2021-07-17 23:00:00,30,-1.8,65.0,0.5,0,0.0,548.924
2021-07-18 00:00:00,30,-1.5,67.0,3.2,0,0.0,548.924
2021-07-18 01:00:00,30,-3.0,73.0,0.0,0,0.0,548.924
2021-07-18 02:00:00,30,-3.2,81.0,2.4,0,0.0,548.924
2021-07-18 03:00:00,30,-3.1,73.0,1.9,0,0.0,548.924
2021-07-18 04:00:00,30,-2.9,81.0,0.8,0,0.0,548.924
2021-07-18 05:00:00,30,-3.2,88.0,0.3,0,0.0,548.924
2021-07-18 06:00:00,30,-3.4,88.0,2.4,0,0.0,548.924
2021-07-18 07:00:00,30,-3.4,95.0,0.0,0,0.0,548.924
2021-07-18 08:00:00,30,-2.4,93.0,0.9,0,0.0,548.924
2021-07-18 09:00:00,30,-0.6,83.0,1.3,0,0.0,548.924
2021-07-18 10:00:00,30,0.1,79.0,0.8,0,0.0,548.924
2021-07-18 11:00:00,30,2.7,67.0,1.0,0,0.0,548.924
2021-07-18 12:00:00,30,4.5,51.0,1.3,0,0.0,548.924
2021-07-18 13:00:00,30,4.5,49.0,4.4,0,0.0,548.924
2021-07-18 14:00:00,30,4.2,55.0,4.9,0,0.0,548.924
2021-07-18 15:00:00,30,2.6,84.0,3.8,0,0.0,548.924
2021-07-18 16:00:00,30,2.3,82.0,2.4,0,0.0,548.924
2021-07-18 17:00:00,30,0.7,99.0,2.8,0,0.0,548.924
2021-07-18 18:00:00,30,-0.3,99.0,3.5,0,0.0,548.924
2021-07-18 19:00:00,30,-0.6,99.0,0.0,0,0.0,548.924
2021-07-18 20:00:00,30,-0.9,99.0,2.6,0,0.0,548.924
2021-07-18 21:00:00,30,-1.2,99.0,2.4,0,0.0,548.924
2021-07-18 22:00:00,30,-1.2,99.0,2.5,0,0.0,548.924
2021-07-18 23:00:00,30,-2.0,99.0,2.5,0,0.0,548.924
2021-07-19 00:00:00,30,-1.9,99.0,0.5,0,0.0,548.924
2021-07-19 01:00:00,30,-1.9,99.0,0.3,0,0.0,548.924
2021-07-19 02:00:00,30,-2.4,99.0,0.3,0,0.0,548.924
2021-07-19 03:00:00,30,-3.1,100.0,0.1,0,0.0,548.924
2021-07-19 04:00:00,30,-3.1,100.0,2.2,0,0.0,548.924
2021-07-19 05:00:00,30,-3.1,100.0,0.0,0,0.0,548.924
2021-07-19 06:00:00,30,-3.0,100.0,0.0,0,0.0,548.924
2021-07-19 07:00:00,30,-3.9,100.0,2.0,0,0.0,548.924
2021-07-19 08:00:00,30,-3.5,95.0,2.1,0,0.0,548.924
2021-07-19 09:00:00,30,-1.5,73.0,0.0,0,0.0,548.924
2021-07-19 10:00:00,30,0.1,71.0,0.0,0,2.8,548.924
2021-07-19 11:00:00,30,2.2,70.0,0.0,0,9.0,548.924
2021-07-19 12:00:00,30,2.4,57.0,1.1,0,0.6,548.924
2021-07-19 13:00:00,30,1.5,48.0,2.7,0,0.0,548.924
2021-07-19 14:00:00,30,1.5,43.0,2.7,0,0.0,548.924
2021-07-19 15:00:00,30,3.1,35.0,1.5,0,0.0,548.924
2021-07-19 16:00:00,30,3.4,52.0,1.9,0,0.0,548.924
2021-07-19 17:00:00,30,1.6,64.0,5.8,0,0.0,548.924
2021-07-19 18:00:00,30,0.3,76.0,5.5,0,0.0,548.924
2021-07-19 19:00:00,30,0.5,80.0,2.9,0,0.0,548.924
2021-07-19 20:00:00,30,0.3,82.0,3.7,0,0.0,548.924
2021-07-19 21:00:00,30,-0.9,86.0,2.7,0,0.0,548.924
2021-07-19 22:00:00,30,-1.1,81.0,1.3,0,0.0,548.924
2021-07-19 23:00:00,30,-0.9,81.0,2.7,0,0.0,548.924
2021-07-20 00:00:00,30,-0.9,82.0,3.6,0,0.0,548.924
2021-07-20 01:00:00,30,-0.9,85.0,3.4,0,0.0,548.924
2021-07-20 02:00:00,30,-2.3,99.0,3.1,0,0.0,548.924
2021-07-20 03:00:00,30,-2.0,99.0,1.7,0,0.0,548.924
2021-07-20 04:00:00,30,-1.9,99.0,2.7,0,0.0,548.924
2021-07-20 05:00:00,30,-2.0,99.0,0.4,0,0.0,548.924
2021-07-20 06:00:00,30,-2.2,99.0,1.3,0,0.0,548.924
2021-07-20 07:00:00,30,-2.5,99.0,0.0,0,0.0,548.924
2021-07-20 08:00:00,30,-3.1,99.0,1.0,0,0.0,548.924
2021-07-20 09:00:00,30,-3.3,100.0,2.1,0,0.0,548.924
2021-07-20 10:00:00,30,-1.1,100.0,1.0,0,0.0,548.924
2021-07-20 11:00:00,30,1.1,91.0,0.1,0,0.0,548.924
2021-07-20 12:00:00,30,2.5,70.0,1.7,0,0.0,548.924
2021-07-20 13:00:00,30,2.6,68.0,2.9,0,0.0,548.924
2021-07-20 14:00:00,30,3.7,60.0,2.6,0,0.0,548.924
2021-07-20 15:00:00,30,4.6,58.0,1.9,0,0.0,548.924
2021-07-20 16:00:00,30,5.0,51.0,3.0,0,0.0,548.924
2021-07-20 17:00:00,30,5.1,45.0,4.6,0,0.0,548.924
2021-07-20 18:00:00,30,4.5,48.0,2.8,0,0.0,548.924
2021-07-20 19:00:00,30,2.3,64.0,2.1,0,0.0,548.924
2021-07-20 20:00:00,30,0.5,79.0,2.4,0,0.0,548.924
2021-07-20 21:00:00,30,0.5,79.0,4.1,0,0.0,548.924
2021-07-20 22:00:00,30,0.3,82.0,4.1,0,0.0,548.924
2021-07-20 23:00:00,30,-0.5,86.0,2.2,0,0.0,548.924
2021-07-21 00:00:00,30,-0.3,82.0,0.0,0,0.0,548.924
2021-07-21 01:00:00,30,-0.7,80.0,2.1,0,0.0,548.924
2021-07-21 02:00:00,30,-1.3,86.0,0.0,0,0.0,548.924
2021-07-21 03:00:00,30,-2.1,92.0,1.2,0,0.0,548.924
2021-07-21 04:00:00,30,-1.7,83.0,1.1,0,0.0,548.924
2021-07-21 05:00:00,30,-2.3,83.0,0.7,0,0.0,548.924
2021-07-21 06:00:00,30,-3.2,91.0,1.0,0,0.0,548.924
2021-07-21 07:00:00,30,-2.8,88.0,1.7,0,0.0,548.924
2021-07-21 08:00:00,30,-3.2,91.0,0.0,0,0.0,548.924
2021-07-21 09:00:00,30,0.2,75.0,0.5,0,0.0,548.924
2021-07-21 10:00:00,30,1.7,73.0,1.1,0,0.0,548.924
2021-07-21 11:00:00,30,2.8,65.0,1.3,0,0.0,548.924
2021-07-21 12:00:00,30,4.1,58.0,1.6,0,0.0,548.924
2021-07-21 13:00:00,30,5.4,49.0,0.8,0,0.0,548.924
2021-07-21 14:00:00,30,6.2,42.0,2.2,0,0.0,548.924
2021-07-21 15:00:00,30,6.1,45.0,2.9,0,0.0,548.924
2021-07-21 16:00:00,30,5.8,46.0,4.8,0,0.0,548.924
2021-07-21 17:00:00,30,4.9,55.0,7.4,0,0.0,548.924
2021-07-21 18:00:00,30,1.3,73.0,4.6,0,0.0,548.924
2021-07-21 19:00:00,30,-0.3,86.0,2.5,0,0.0,548.924
2021-07-21 20:00:00,30,-1.2,86.0,1.2,0,0.0,548.924
2021-07-21 21:00:00,30,-1.1,99.0,1.1,0,0.0,548.924
2021-07-21 22:00:00,30,-0.5,86.0,3.0,0,0.0,548.924
2021-07-21 23:00:00,30,-1.4,85.0,3.8,0,0.0,548.924
2021-07-22 00:00:00,30,-1.2,56.0,2.3,0,0.0,548.924
2021-07-22 01:00:00,30,-1.5,56.0,3.3,0,0.0,548.924
2021-07-22 02:00:00,30,-1.6,57.0,0.2,0,0.0,548.924
2021-07-22 03:00:00,30,-3.0,66.0,1.7,0,0.0,548.924
2021-07-22 04:00:00,30,-2.6,62.0,2.6,0,0.0,548.924
2021-07-22 05:00:00,30,-2.6,61.0,1.7,0,0.0,548.924
2021-07-22 06:00:00,30,-3.3,65.0,0.1,0,0.0,548.924
2021-07-22 07:00:00,30,-3.7,68.0,0.2,0,0.0,548.924
2021-07-22 08:00:00,30,-3.1,64.0,0.0,0,0.0,548.924
2021-07-22 09:00:00,30,0.4,58.0,0.8,0,0.0,548.924
2021-07-22 10:00:00,30,1.8,56.0,4.4,0,0.0,548.924
2021-07-22 11:00:00,30,3.7,40.0,2.5,0,0.0,548.924
2021-07-22 12:00:00,30,4.8,36.0,2.2,0,0.0,548.924
2021-07-22 13:00:00,30,5.4,38.0,4.6,0,0.0,548.924
2021-07-22 14:00:00,30,5.9,39.0,5.0,0,0.0,548.924
2021-07-22 15:00:00,30,5.8,37.0,6.6,0,0.0,548.924
2021-07-22 16:00:00,30,5.7,33.0,7.3,0,0.0,548.924
2021-07-22 17:00:00,30,4.8,36.0,7.7,0,0.0,548.924
2021-07-22 18:00:00,30,4.1,37.0,7.6,0,0.0,548.924
2021-07-22 19:00:00,30,1.8,41.0,5.2,0,0.0,548.924
2021-07-22 20:00:00,30,0.3,46.0,5.6,0,0.0,548.924
2021-07-22 21:00:00,30,-0.5,50.0,3.2,0,0.0,548.924
2021-07-22 22:00:00,30,-1.6,56.0,3.6,0,0.0,548.924
2021-07-22 23:00:00,30,-1.1,47.0,3.3,0,0.0,548.924
2021-07-23 00:00:00,30,-1.6,54.0,2.4,0,0.0,548.924
2021-07-23 01:00:00,30,-1.7,54.0,3.8,0,0.0,548.924
2021-07-23 02:00:00,30,-2.6,57.0,3.3,0,0.0,548.924
2021-07-23 03:00:00,30,-2.8,58.0,3.2,0,0.0,548.924
2021-07-23 04:00:00,30,-3.9,62.0,0.0,0,0.0,548.924
2021-07-23 05:00:00,30,-3.3,59.0,0.0,0,0.0,548.924
2021-07-23 06:00:00,30,-3.4,61.0,0.1,0,0.0,548.924
2021-07-23 07:00:00,30,-3.9,59.0,0.0,0,0.0,548.924
2021-07-23 08:00:00,30,-3.3,68.0,0.0,0,0.0,548.924
2021-07-23 09:00:00,30,-0.3,55.0,0.4,0,0.0,548.924
2021-07-23 10:00:00,30,2.1,52.0,2.9,0,0.0,548.924
2021-07-23 11:00:00,30,3.9,39.0,3.9,0,0.0,548.924
2021-07-23 12:00:00,30,4.9,32.0,4.4,0,0.0,548.924
2021-07-23 13:00:00,30,5.8,27.0,6.3,0,0.0,548.924
2021-07-23 14:00:00,30,6.0,31.0,6.4,0,0.0,548.924
2021-07-23 15:00:00,30,6.0,36.0,6.5,0,0.0,548.924
2021-07-23 16:00:00,30,5.2,38.0,4.5,0,0.0,548.924
2021-07-23 17:00:00,30,4.7,44.0,6.9,0,0.0,548.924
2021-07-23 18:00:00,30,3.8,54.0,6.3,0,0.0,548.924
2021-07-23 19:00:00,30,1.8,57.0,4.7,0,0.0,548.924
2021-07-23 20:00:00,30,0.2,61.0,4.9,0,0.0,548.924
2021-07-23 21:00:00,30,-0.7,60.0,3.8,0,0.0,548.924
2021-07-23 22:00:00,30,-1.6,61.0,4.9,0,0.0,548.924
2021-07-23 23:00:00,30,-1.1,53.0,5.3,0,0.0,548.924
2021-07-24 00:00:00,30,-1.4,56.0,4.1,0,0.0,548.924
2021-07-24 01:00:00,30,-1.5,60.0,4.0,0,0.0,548.924
2021-07-24 02:00:00,30,-1.8,65.0,0.4,0,0.0,548.924
2021-07-24 03:00:00,30,-1.1,64.0,6.5,0,0.0,548.924
2021-07-24 04:00:00,30,-1.8,56.0,3.2,0,0.0,548.924
2021-07-24 05:00:00,30,-3.1,65.0,0.7,0,0.0,548.924
2021-07-24 06:00:00,30,-3.1,65.0,0.0,0,0.0,548.924
2021-07-24 07:00:00,30,-3.8,67.0,0.0,0,0.0,548.924
2021-07-24 08:00:00,30,-2.7,65.0,0.0,0,0.0,548.924
2021-07-24 09:00:00,30,0.5,54.0,1.3,0,0.0,548.924
2021-07-24 10:00:00,30,1.9,51.0,1.9,0,0.0,548.924
2021-07-24 11:00:00,30,3.8,35.0,2.1,0,0.0,548.924
2021-07-24 12:00:00,30,5.3,21.0,5.0,0,0.0,548.924
2021-07-24 13:00:00,30,6.2,20.0,7.2,0,0.0,548.924
2021-07-24 14:00:00,30,6.2,20.0,7.0,0,0.0,548.924
2021-07-24 15:00:00,30,6.2,18.0,6.2,0,0.0,548.924
2021-07-24 16:00:00,30,6.1,24.0,7.9,0,0.0,548.924
2021-07-24 17:00:00,30,5.7,25.0,8.3,0,0.0,548.924
2021-07-24 18:00:00,30,4.5,33.0,6.4,0,0.0,548.924
2021-07-24 19:00:00,30,1.9,44.0,5.6,0,0.0,548.924
2021-07-24 20:00:00,30,-0.1,47.0,6.1,0,0.0,548.924
2021-07-24 21:00:00,30,-0.7,45.0,4.6,0,0.0,548.924
2021-07-24 22:00:00,30,-1.3,43.0,0.6,0,0.0,548.924
2021-07-24 23:00:00,30,-1.6,47.0,0.0,0,0.0,548.924
2021-07-25 00:00:00,30,-1.6,49.0,0.0,0,0.0,548.924
2021-07-25 01:00:00,30,-1.7,59.0,0.8,0,0.0,548.924
2021-07-25 02:00:00,30,-1.4,56.0,0.1,0,0.0,548.924
2021-07-25 03:00:00,30,-1.2,52.0,0.0,0,0.0,548.924
2021-07-25 04:00:00,30,-1.3,45.0,0.0,0,0.0,548.924
2021-07-25 05:00:00,30,-1.2,46.0,1.3,0,0.0,548.924
2021-07-25 06:00:00,30,-0.9,46.0,0.3,0,0.0,548.924
2021-07-25 07:00:00,30,-1.0,43.0,0.0,0,0.0,548.924
2021-07-25 08:00:00,30,-1.6,47.0,0.0,0,0.0,548.924
2021-07-25 09:00:00,30,0.3,41.0,0.0,0,0.0,548.924
2021-07-25 10:00:00,30,2.1,32.0,0.8,0,0.0,548.924
2021-07-25 11:00:00,30,4.1,28.0,5.2,0,0.0,548.924
2021-07-25 12:00:00,30,5.0,27.0,5.3,0,0.0,548.924
2021-07-25 13:00:00,30,5.8,24.0,6.4,0,0.0,548.924
2021-07-25 14:00:00,30,6.7,25.0,5.2,0,0.0,548.924
2021-07-25 15:00:00,30,7.3,22.0,6.0,0,0.0,548.924
2021-07-25 16:00:00,30,7.2,21.0,7.4,0,0.0,548.924
2021-07-25 17:00:00,30,6.9,23.0,6.5,0,0.0,548.924
2021-07-25 18:00:00,30,5.3,27.0,7.1,0,0.0,548.924
2021-07-25 19:00:00,30,2.4,37.0,4.3,0,0.0,548.924
2021-07-25 20:00:00,30,0.3,47.0,4.6,0,0.0,548.924
2021-07-25 21:00:00,30,-0.4,51.0,5.4,0,0.0,548.924
2021-07-25 22:00:00,30,-1.0,55.0,4.6,0,0.0,548.924
2021-07-25 23:00:00,30,-1.3,58.0,4.6,0,0.0,548.924
2021-07-26 00:00:00,30,-1.4,62.0,5.7,0,0.0,548.924
2021-07-26 01:00:00,30,-1.7,54.0,5.0,0,0.0,548.924
2021-07-26 02:00:00,30,-2.3,58.0,4.4,0,0.0,548.924
2021-07-26 03:00:00,30,-2.4,56.0,4.3,0,0.0,548.924
2021-07-26 04:00:00,30,-3.2,53.0,3.6,0,0.0,548.924
2021-07-26 05:00:00,30,-4.0,52.0,3.0,0,0.0,548.924
2021-07-26 06:00:00,30,-3.5,48.0,3.0,0,0.0,548.924
2021-07-26 07:00:00,30,-4.7,56.0,0.0,0,0.0,548.924
2021-07-26 08:00:00,30,-3.7,58.0,0.2,0,0.0,548.924
2021-07-26 09:00:00,30,-0.9,48.0,1.5,0,0.0,548.924
2021-07-26 10:00:00,30,1.0,47.0,1.0,0,0.0,548.924
2021-07-26 11:00:00,30,3.1,40.0,1.8,0,0.0,548.924
2021-07-26 12:00:00,30,5.2,31.0,4.1,0,0.0,548.924
2021-07-26 13:00:00,30,5.7,27.0,4.6,0,0.0,548.924
2021-07-26 14:00:00,30,6.7,26.0,7.5,0,0.0,548.924
2021-07-26 15:00:00,30,6.9,27.0,6.9,0,0.0,548.924
2021-07-26 16:00:00,30,7.0,27.0,8.1,0,0.0,548.924
2021-07-26 17:00:00,30,6.6,26.0,5.6,0,0.0,548.924
2021-07-26 18:00:00,30,4.9,34.0,5.8,0,0.0,548.924
2021-07-26 19:00:00,30,1.8,50.0,3.5,0,0.0,548.924
2021-07-26 20:00:00,30,1.4,52.0,4.8,0,0.0,548.924
2021-07-26 21:00:00,30,-0.2,60.0,2.5,0,0.0,548.924
2021-07-26 22:00:00,30,-0.6,64.0,0.9,0,0.0,548.924
2021-07-26 23:00:00,30,-2.4,68.0,2.6,0,0.0,548.924
2021-07-27 00:00:00,30,-2.6,64.0,3.3,0,0.0,548.924
2021-07-27 01:00:00,30,-2.5,57.0,2.9,0,0.0,548.924
2021-07-27 02:00:00,30,-2.7,49.0,4.4,0,0.0,548.924
2021-07-27 03:00:00,30,-2.7,51.0,3.9,0,0.0,548.924
2021-07-27 04:00:00,30,-2.6,51.0,3.3,0,0.0,548.924
2021-07-27 05:00:00,30,-1.9,45.0,1.2,0,0.0,548.924
2021-07-27 06:00:00,30,-3.1,50.0,0.4,0,0.0,548.924
2021-07-27 07:00:00,30,-3.5,54.0,0.3,0,0.0,548.924
2021-07-27 08:00:00,30,-2.9,57.0,0.3,0,0.0,548.924
2021-07-27 09:00:00,30,1.0,43.0,1.3,0,0.0,548.924
2021-07-27 10:00:00,30,2.5,44.0,2.1,0,0.0,548.924
2021-07-27 11:00:00,30,5.0,35.0,5.9,0,0.0,548.924
2021-07-27 12:00:00,30,6.5,28.0,6.4,0,0.0,548.924
2021-07-27 13:00:00,30,6.9,25.0,5.8,0,0.0,548.924
2021-07-27 14:00:00,30,7.0,26.0,5.6,0,0.0,548.924
2021-07-27 15:00:00,30,7.1,27.0,6.5,0,0.0,548.924
2021-07-27 16:00:00,30,6.7,26.0,7.2,0,0.0,548.924
2021-07-27 17:00:00,30,5.3,36.0,5.9,0,0.0,548.924
2021-07-27 18:00:00,30,3.7,51.0,5.4,0,0.0,548.924
2021-07-27 19:00:00,30,0.8,80.0,6.0,0,0.0,548.924
2021-07-27 20:00:00,30,-0.9,96.0,3.9,0,0.0,548.924
2021-07-27 21:00:00,30,-0.6,81.0,7.3,0,0.0,548.924
2021-07-27 22:00:00,30,-0.6,74.0,6.2,0,0.0,548.924
2021-07-27 23:00:00,30,-1.7,75.0,2.7,0,0.0,548.924
2021-07-28 00:00:00,30,-1.6,73.0,0.0,0,0.0,548.924
2021-07-28 01:00:00,30,-2.9,72.0,5.0,0,0.0,548.924
2021-07-28 02:00:00,30,-2.1,63.0,6.1,0,0.0,548.924
2021-07-28 03:00:00,30,-2.4,60.0,2.3,0,0.0,548.924
2021-07-28 04:00:00,30,-2.3,59.0,1.6,0,0.0,548.924
2021-07-28 05:00:00,30,-2.9,62.0,4.0,0,0.0,548.924
2021-07-28 06:00:00,30,-4.0,75.0,5.3,0,0.0,548.924
2021-07-28 07:00:00,30,-4.9,88.0,5.9,0,0.0,548.924
2021-07-28 08:00:00,30,-5.5,100.0,2.8,0,0.0,548.924
2021-07-28 09:00:00,30,-3.3,93.0,1.9,0,0.0,548.924
2021-07-28 10:00:00,30,-0.4,75.0,1.5,0,0.0,548.924
2021-07-28 11:00:00,30,2.0,57.0,2.8,0,0.0,548.924
2021-07-28 12:00:00,30,4.0,46.0,3.1,0,0.0,548.924
2021-07-28 13:00:00,30,4.9,47.0,4.3,0,0.0,548.924
2021-07-28 14:00:00,30,5.3,48.0,7.2,0,0.0,548.924
2021-07-28 15:00:00,30,5.5,47.0,6.9,0,0.0,548.924
2021-07-28 16:00:00,30,5.9,46.0,6.4,0,0.0,548.924
2021-07-28 17:00:00,30,5.3,46.0,3.8,0,0.0,548.924
2021-07-28 18:00:00,30,4.5,52.0,4.3,0,0.0,548.924
2021-07-28 19:00:00,30,2.2,64.0,4.5,0,0.0,548.924
2021-07-28 20:00:00,30,-0.1,73.0,4.5,0,0.0,548.924
2021-07-28 21:00:00,30,-1.0,75.0,2.5,0,0.0,548.924
2021-07-28 22:00:00,30,-1.4,74.0,4.4,0,0.0,548.924
2021-07-28 23:00:00,30,-2.1,81.0,2.3,0,0.0,548.924
2021-07-29 00:00:00,30,-2.2,90.0,3.8,0,0.0,548.924
2021-07-29 01:00:00,30,-2.5,95.0,4.1,0,0.0,548.924
2021-07-29 02:00:00,30,-2.4,84.0,0.5,0,0.0,548.924
2021-07-29 03:00:00,30,-2.4,87.0,0.2,0,0.0,548.924
2021-07-29 04:00:00,30,-2.5,91.0,2.1,0,0.0,548.924
2021-07-29 05:00:00,30,-2.2,93.0,1.2,0,0.0,548.924
2021-07-29 06:00:00,30,-1.7,96.0,4.5,0,0.0,548.924
2021-07-29 07:00:00,30,-2.1,100.0,3.3,0,0.0,548.924
2021-07-29 08:00:00,30,-1.7,100.0,5.8,0,0.0,548.924
2021-07-29 09:00:00,30,-0.6,92.0,5.4,0,0.0,548.924
2021-07-29 10:00:00,30,1.5,68.0,4.3,0,0.0,548.924
2021-07-29 11:00:00,30,3.4,54.0,6.7,0,0.0,548.924
2021-07-29 12:00:00,30,5.7,44.0,8.4,0,0.0,548.924
2021-07-29 13:00:00,30,6.6,40.0,6.5,0,0.0,548.924
2021-07-29 14:00:00,30,7.3,38.0,6.0,0,0.0,548.924
2021-07-29 15:00:00,30,7.2,38.0,6.0,0,0.0,548.924
2021-07-29 16:00:00,30,7.1,38.0,7.4,0,0.0,548.924
2021-07-29 17:00:00,30,5.8,40.0,4.7,0,0.0,548.924
2021-07-29 18:00:00,30,5.5,42.0,5.6,0,0.0,548.924
2021-07-29 19:00:00,30,2.8,59.0,4.1,0,0.0,548.924
2021-07-29 20:00:00,30,1.9,68.0,3.8,0,0.0,548.924
2021-07-29 21:00:00,30,0.9,71.0,4.1,0,0.0,548.924
2021-07-29 22:00:00,30,-0.9,79.0,3.2,0,0.0,548.924
2021-07-29 23:00:00,30,-1.4,83.0,2.9,0,0.0,548.924
2021-07-30 00:00:00,30,-1.5,84.0,0.3,0,0.0,548.924
2021-07-30 01:00:00,30,-2.5,79.0,1.9,0,0.0,548.924
2021-07-30 02:00:00,30,-2.4,69.0,2.3,0,0.0,548.924
2021-07-30 03:00:00,30,-3.6,78.0,2.8,0,0.0,548.924
2021-07-30 04:00:00,30,-3.5,83.0,3.5,0,0.0,548.924
2021-07-30 05:00:00,30,-2.5,78.0,1.3,0,0.0,548.924
2021-07-30 06:00:00,30,-4.4,88.0,0.0,0,0.0,548.924
2021-07-30 07:00:00,30,-3.3,86.0,1.6,0,0.0,548.924
2021-07-30 08:00:00,30,-2.3,85.0,2.1,0,0.0,548.924
2021-07-30 09:00:00,30,0.5,75.0,2.5,0,0.0,548.924
2021-07-30 10:00:00,30,2.1,67.0,1.1,0,0.0,548.924
2021-07-30 11:00:00,30,4.2,51.0,5.1,0,0.0,548.924
2021-07-30 12:00:00,30,6.0,42.0,8.9,0,0.0,548.924
2021-07-30 13:00:00,30,7.4,30.0,8.8,0,0.0,548.924
2021-07-30 14:00:00,30,7.8,28.0,8.6,0,0.0,548.924
2021-07-30 15:00:00,30,7.3,28.0,8.2,0,0.0,548.924
2021-07-30 16:00:00,30,7.6,28.0,9.1,0,0.0,548.924
2021-07-30 17:00:00,30,7.1,30.0,8.2,0,0.0,548.924
2021-07-30 18:00:00,30,6.0,27.0,8.5,0,0.0,548.924
2021-07-30 19:00:00,30,2.9,40.0,5.3,0,0.0,548.924
2021-07-30 20:00:00,30,-0.2,67.0,4.8,0,0.0,548.924
2021-07-30 21:00:00,30,-0.8,80.0,4.8,0,0.0,548.924
2021-07-30 22:00:00,30,-1.8,91.0,2.9,0,0.0,548.924
2021-07-30 23:00:00,30,-2.2,88.0,1.1,0,0.0,548.924
2021-07-31 00:00:00,30,-1.9,54.0,3.8,0,0.0,548.924
2021-07-31 01:00:00,30,-0.9,46.0,7.8,0,0.0,548.924
2021-07-31 02:00:00,30,-0.1,37.0,5.8,0,0.0,548.924
2021-07-31 03:00:00,30,-2.4,44.0,3.3,0,0.0,548.924
2021-07-31 04:00:00,30,-2.3,46.0,3.5,0,0.0,548.924
2021-07-31 05:00:00,30,-3.6,54.0,3.3,0,0.0,548.924
2021-07-31 06:00:00,30,-3.0,55.0,4.5,0,0.0,548.924
2021-07-31 07:00:00,30,-3.8,56.0,3.6,0,0.0,548.924
2021-07-31 08:00:00,30,-2.0,52.0,1.9,0,0.0,548.924
2021-07-31 09:00:00,30,-0.5,66.0,2.4,0,0.0,548.924
2021-07-31 10:00:00,30,1.4,60.0,2.4,0,0.0,548.924
2021-07-31 11:00:00,30,4.4,43.0,3.9,0,0.0,548.924
2021-07-31 12:00:00,30,6.2,28.0,8.2,0,0.0,548.924
2021-07-31 13:00:00,30,6.7,28.0,7.7,0,0.0,548.924
2021-07-31 14:00:00,30,7.2,27.0,6.7,0,0.0,548.924
2021-07-31 15:00:00,30,7.2,30.0,7.9,0,0.0,548.924
2021-07-31 16:00:00,30,6.6,35.0,5.6,0,0.0,548.924
2021-07-31 17:00:00,30,5.1,42.0,6.5,0,0.0,548.924
2021-07-31 18:00:00,30,4.3,47.0,6.0,0,0.0,548.924
2021-07-31 19:00:00,30,1.7,59.0,4.2,0,0.0,548.924
2021-07-31 20:00:00,30,1.0,69.0,4.4,0,0.0,548.924
2021-07-31 21:00:00,30,-0.6,75.0,4.7,0,0.0,548.924
2021-07-31 22:00:00,30,-1.6,80.0,4.4,0,0.0,548.924
2021-07-31 23:00:00,30,-2.0,80.0,5.9,0,0.0,548.924
