,When,sea,T_a,RH,v_a,SW_direct,SW_diffuse,Prec,vp_a,p_a,missing,a,cld,e_a,LW_in,Discharge,T_s,T_bulk,f_cone,ice,iceV,solid,gas,vapour,melted,delta_T_s,unfrozen_water,TotalE,SW,LW,Qs,Ql,Qf,Qg,meltwater,SA,h_ice,r_ice,ppt,dpt,cdt,$q_{T}$,$q_{melt}$,s_cone,input,vp_ice,thickness
0,2020-12-26 03:30:00,0.0,-5.05,94.8,1.55,0.0,0.0,0,4.0,794.832,0,0.0,0,0.68,199.218,3.58,0.0,0.0,0.0,0.0,0.0,0.0,0.0,0.0,0.0,0.0,0.0,0.0,0.0,0.0,0.0,0.0,0.0,0.0,0.0,0.0,0.005,0.7356495147358723,0,0.0,0.0,0.0,0.0,0.006796714875554837,,,
1,2020-12-26 03:45:00,0.0,-5.1,95.5,1.0,0.0,0.0,0,4.0,794.922,0,0.35,0,0.68,199.075,3.58,0.0,0.0,0.0010817057846397894,0.0028336129456492877,0.0028336129456492877,0.5353283441179367,0.009043537128215137,0.0,0.0,0.0,0.0,-116.84829687778785,0.0,-100.79953883563894,-16.0487580421489,-14.857963273913535,0.0,0.0,-0.009043537128215137,1.7002070368442315,0.005,0.7356495147358723,0,0.0,0.0,0.0,-116.84829687778785,0.006796714875554837,0.0028336129456492877,6.136514702734706,
2,2020-12-26 04:00:00,0.0,-5.1,95.5,1.5,0.0,0.0,0,4.0,795.011,0,0.35,0,0.68,199.075,3.58,0.0,0.0,0.0010817057846397894,0.538161957063586,0.0005868723632100175,0.16672113553137963,0.004748597576028743,0.009043537128215137,0.0,0.0,53.16467165588207,-103.9578735356889,0.0,-100.79953883563894,-24.075832307786495,-22.286963449584782,20.917497607736532,0.0,-0.01379213470424388,0.5951647888557057,0.0029582693537566398,0.4352498829098149,0,0.0,0.0,0.0,-103.9578735356889,0.006796714875554837,17.90283361294565,6.136516479929212,0.0003433595204030621
3,2020-12-26 04:15:00,0.0,-5.1,95.5,1.5,0.0,0.0,0,4.0,795.048,0,0.35,0,0.68,199.075,3.58,0.0,0.0,0.0010817057846397894,0.7048830925949656,0.0007686838523391119,0.2292977338414045,0.005684621890050469,0.01379213470424388,0.0,0.0,106.69795052035069,-119.43467276539693,0.0,-100.79953883563894,-24.076952802717248,-22.286971156647002,5.441818872959261,0.0,-0.019476756594294348,0.7124810141883479,0.0032367245932008646,0.4762189752643759,0,0.0,0.0,0.0,-119.43467276539693,0.006796714875554837,35.80283361294565,6.1365172187586845,0.0003054809231551728
4,2020-12-26 04:30:00,0.0,-5.1,95.5,0.75,0.0,0.0,0,4.0,795.084,0,0.35,0,0.68,199.075,3.58,0.0,0.0,0.0010817057846397896,0.9341808264363701,0.0010187359066917885,0.2470093828642395,0.0034293696817105333,0.019476756594294348,0.0,0.0,160.16865278650928,-106.63543416783517,0.0,-100.79953883563894,-12.039021507000607,-11.143489327692794,6.203126174804378,0.0,-0.02290612627600488,0.8596385173931977,0.00355530638598529,0.5230918835174853,0,0.0,0.0,0.0,-106.63543416783517,0.006796714875554837,53.702833612945646,6.1365179376174295,0.00035095960365699535
5,2020-12-26 04:45:00,0.0,-5.1,95.5,1.0,0.0,0.0,0,4.0,795.12,0,0.35,0,0.68,199.075,3.58,0.0,0.0,0.0010817057846397892,1.1811902093006097,0.0012881027364237837,0.30102223294983077,0.005346617466878469,0.02290612627600488,0.0,0.0,213.62164340364504,-111.13752930956248,0.0,-100.79953883563894,-16.05275548352346,-14.8579907693999,5.71476500959992,0.0,-0.02825274374288335,1.0051752637760631,0.0038445011571673106,0.5656410821343263,0,0.0,0.0,0.0,-111.13752930956248,0.006796714875554837,71.60283361294564,6.136518656473842,0.0003133489534052451
6,2020-12-26 05:00:00,0.0,-5.1,94.8,1.25,0.0,0.0,0,4.0,795.157,0,0.35,0,0.68,199.075,3.58,0.0,0.0,0.0010817057846397896,1.4822124422504404,0.0016163712565435554,0.3620010986907378,0.007775285654133646,0.02825274374288335,0.0,0.0,267.0206211706952,-114.8801452691552,0.0,-100.79953883563894,-20.066878100179945,-18.57249488423864,5.986271666663694,0.0,-0.03602802939701699,1.1694155647506228,0.004146708764376844,0.6101048580529627,0,0.0,0.0,0.0,-114.8801452691552,0.006796714875554837,89.50283361294564,6.136519395296057,0.0003265783908037999
7,2020-12-26 05:15:00,0.0,-5.2,95.5,1.0,0.0,0.0,0,4.0,795.24,0,0.35,0,0.68,198.789,3.58,0.0,0.0,0.0010817057846397894,1.8442135409411782,0.0020111379944832914,0.4054747653434354,0.007195713198509023,0.03602802939701699,0.0,0.0,320.3586200720045,-111.23251341143322,0.0,-101.08553883563894,-16.369985590466904,-14.858007433092231,6.223011014672643,0.0,-0.04322374259552601,1.3528076106446445,0.004460023208140963,0.6562027817559256,0,0.0,0.0,0.0,-111.23251341143322,0.006796714875554837,107.40283361294564,6.13652105264504,0.00033757609342571017
8,2020-12-26 05:30:00,0.0,-5.2,95.5,0.75,0.0,0.0,0,4.0,795.324,0,0.35,0,0.68,198.789,3.58,0.0,0.0,0.0010817057846397896,2.2496883062846136,0.0024533133111064487,0.4463816201543387,0.00616135471878813,0.04322374259552601,0.0,0.0,373.6531453066611,-107.25893012659114,0.0,-101.08553883563894,-12.278786045488623,-11.14351432317726,6.105394754536431,0.0,-0.04938509731431414,1.5444604830529223,0.004765489314589558,0.7011459803513586,0,0.0,0.0,0.0,-107.25893012659114,0.006796714875554837,125.30283361294565,6.136522729949467,0.00032685750223747676
9,2020-12-26 05:45:00,0.0,-5.2,95.5,1.0,0.0,0.0,0,4.0,795.408,0,0.35,0,0.68,198.789,3.58,0.0,0.0,0.0010817057846397896,2.6960699264389523,0.0029400980659094354,0.523552316071274,0.009268749768389518,0.04938509731431414,0.0,0.0,426.90676368650674,-111.50167057699986,0.0,-101.08553883563894,-16.37344386416943,-14.858030761958904,5.9573121228085135,0.0,-0.05865384708270366,1.7425396474919255,0.0050618635485771115,0.7447514926339904,0,0.0,0.0,0.0,-111.50167057699986,0.006796714875554837,143.20283361294565,6.1365244072412075,0.00031518110054895235
10,2020-12-26 06:00:00,0.0,-5.15,95.15,0.25,0.0,0.0,0,4.0,795.491,0,0.35,0,0.68,198.932,3.58,0.0,0.0,0.0012917505204069874,3.2196222425102263,0.0035110384323993743,0.4602063031921697,0.0023172120435356928,0.05865384708270366,0.0,0.0,480.0832113704355,-98.00981688999674,0.0,-100.94253883563894,-4.054424756860559,-3.7145105718499294,6.9871467025027565,0.0,-0.06097105912623935,1.7425567962204225,0.00604483151929095,0.7447514926339904,0,0.0,0.0,0.0,-98.00981688999674,0.0067967148755548375,161.10283361294566,6.136526064552731,0.00032764842241133827
11,2020-12-26 06:15:00,0.0,-5.1,94.8,0.0,0.0,0.0,0,4.0,795.58,0,0.35,0,0.68,199.075,3.58,0.0,0.0,0.0014763758369071894,3.679828545702396,0.004012899177429003,0.4444715756596688,0.0,0.06097105912623935,0.0,0.0,533.3230050672433,-94.65784790156823,0.0,-100.79953883563894,-0.0,-0.0,6.141690934070714,0.0,-0.06097105912623935,1.7425743766316202,0.006908867532641221,0.7447514926339904,0,0.0,0.0,0.0,-94.65784790156823,0.008116575232245548,179.00283361294566,6.136527841656154,0.00028800251797712233
12,2020-12-26 06:30:00,0.0,-5.2,95.5,0.25,0.0,0.0,0,4.0,795.669,0,0.35,0,0.68,198.789,3.58,0.0,0.0,0.0016546830536570039,4.124300121362064,0.004497601004756885,0.4660328881819428,0.002317264815457533,0.06097105912623935,0.0,0.0,586.5785334915837,-99.2486054810751,0.0,-101.08553883563894,-4.094704134846465,-3.7145167510799704,5.931637489410309,0.0,-0.06328832394169688,1.7425935821385359,0.007743361640211339,0.7447514926339904,0,0.0,0.0,0.0,-99.2486054810751,0.009276742109245556,196.90283361294567,6.136529618745346,0.00027815273415462884
13,2020-12-26 06:45:00,0.0,-5.2,95.5,1.0,0.0,0.0,0,4.0,795.758,0,0.35,0,0.68,198.789,3.58,0.0,0.0,0.0018416332485412376,4.590333009544007,0.005005815713788448,0.5223788946177383,0.009269186578759104,0.06328832394169688,0.0,0.0,639.8125006034018,-111.24688651425775,0.0,-101.08553883563894,-16.380648601049696,-14.858079362631566,6.219300922430883,0.0,-0.07255751052045599,1.7426160684302576,0.00861833705015633,0.7447514926339904,0,0.0,0.0,0.0,-111.24688651425775,0.010397242189908344,214.80283361294568,6.136531395820314,0.0002916427067336459
14,2020-12-26 07:00:00,0.0,-5.2,95.5,0.5,0.0,0.0,0,4.0,795.847,0,0.35,0,0.68,198.789,3.58,0.0,0.0,0.0020511776778037844,5.1127119041617455,0.005575476449467552,0.4804014787289025,0.004634671780453307,0.07255751052045599,0.0,0.0,692.990121708784,-102.30564192601801,0.0,-101.08553883563894,-8.191240331356768,-7.429045860422183,6.971137240977695,0.0,-0.0771921823009093,1.7426441317813937,0.009599101925459133,0.7447514926339904,0,0.0,0.0,0.0,-102.30564192601801,0.011572097720375875,232.70283361294568,6.136533172881063,0.00032689973769853525
15,2020-12-26 07:15:00,0.0,-5.2,95.5,0.0,1.664,3.714,0,4.0,795.886,0,0.35,0,0.68,198.789,3.58,0.0,0.0,0.0022438741077679156,5.593113382890648,0.006099360286685548,0.43322815193379144,0.0,0.0771921823009093,0.0,0.0,746.2097202300552,-92.25816725740044,2.4165269742349618,-101.08553883563894,-0.0,-0.0,6.410844604003543,0.0,-0.0771921823009093,1.7426726067535885,0.010501054322915038,0.7447514926339904,0,0.0,0.0,0.0,-92.25816725740044,0.012888999915273256,250.6028336129457,6.136533951588599,0.00030062582925778614
16,2020-12-26 07:30:00,0.033,-5.4,94.8,0.25,3.328,7.428,0,3.85,795.926,0,0.35,0,0.676,197.138,3.58,0.0,0.0,0.018911425820247147,6.026341534824439,0.006571801019437775,0.4524018326297192,0.002480111439315837,0.0771921823009093,0.0,0.0,799.4764920781214,-96.33976063725734,4.8691091963343585,-102.73653883563892,-4.253566207868366,-3.975311906396812,5.7812352099155815,0.0,-0.07967229374022514,1.7427004765775764,0.011314438934710916,0.7447514926339904,0,0.0,0.0,0.0,-96.33976063725734,0.014100078249961697,268.50283361294566,6.136534750260158,0.00027110125615179806
17,2020-12-26 07:45:00,0.068,-5.6,95.5,0.0,4.992,11.143,0,3.8,795.966,0,0.35,0,0.675,196.204,3.58,0.0,0.0,0.036562353569860685,6.478743367454158,0.0070651508914440116,0.42391567155216003,0.0,0.07967229374022514,0.0,0.0,852.7240902454917,-90.2719604399689,7.361587524863484,-103.67053883563892,-0.0,-0.0,6.0369908708065445,0.0,-0.07967229374022514,1.7427317975635752,0.012163822076980727,0.7447514926339904,0,0.0,0.0,0.0,-90.2719604399689,0.01519223398223039,286.40283361294564,6.136535548928846,0.00028309504624403846
18,2020-12-26 08:00:00,0.101,-5.55,95.15,0.25,6.656,14.857,0,3.8,796.005,0,0.35,0,0.675,196.345,3.58,0.0,0.0,0.05316154281106238,6.902659039006318,0.007527436247553237,0.43371895417625844,0.002534437340870512,0.07967229374022514,0.0,0.0,906.0001745739395,-92.35788474577701,9.88704809881778,-103.52953883563893,-4.372154741908151,-4.0622433933670425,5.656760732952285,0.0,-0.08220673108109565,1.7427632024851025,0.012959722533588952,0.7447514926339904,0,0.0,0.0,0.0,-92.35788474577701,0.01633272601302279,304.3028336129456,6.136536327628055,0.00026526477381977163
19,2020-12-26 08:15:00,0.133,-5.4,94.8,0.0,21.279,26.515,0,3.9,796.06,0,0.35,0,0.678,197.501,3.58,0.0,0.0,0.0692098271772086,7.336377993182577,0.008000412206305972,0.36815110165762316,0.0,0.08220673108109565,0.0,0.0,959.2664556197633,-78.39406060176796,18.192015343127487,-102.37353883563893,-0.0,-0.0,5.787462890743481,0.0,-0.08220673108109565,1.7427973923557538,0.013774028625186351,0.7447514926339904,0,0.0,0.0,0.0,-78.39406060176796,0.017401405249627386,322.2028336129456,6.136537425788968,0.00027139427667413043
20,2020-12-26 08:30:00,0.163,-5.25,94.8,0.0,35.902,38.174,0,3.9,796.116,0,0.35,0,0.678,197.928,3.58,0.0,0.0,0.08417398291121544,7.7045290948402,0.008401885599607634,0.3299424489103464,0.0,0.08220673108109565,0.0,0.0,1012.5983045181057,-70.25667793660713,26.777409317410996,-101.94653883563893,-0.0,-0.0,4.912451581620805,0.0,-0.08220673108109565,1.74282804729712,0.01446523126187413,0.7447514926339904,0,0.0,0.0,0.0,-70.25667793660713,0.018494798280257525,340.1028336129456,6.136538543910873,0.00023036148382055247
21,2020-12-26 08:45:00,0.191,-5.1,95.5,0.0,50.525,49.832,0,4.0,796.171,0,0.35,0,0.68,199.075,3.58,0.0,0.0,0.0980652977213272,8.034471543750547,0.008761691977917718,0.28546873254843075,0.0,0.08220673108109565,0.0,0.0,1065.9683620691953,-60.785612912499076,35.61138695879054,-100.79953883563894,-0.0,-0.0,4.402538964349316,0.0,-0.08220673108109565,1.742856795341199,0.01508469726269611,0.7447514926339904,0,0.0,0.0,0.0,-60.785612912499076,0.0194228966372587,358.00283361294555,6.136539642060839,0.000206449729144589
22,2020-12-26 09:00:00,0.218,-4.8,94.8,0.0,65.148,61.49,0,4.05,796.226,0,0.35,0,0.681,200.291,0.0,0.0,0.0,0.1113733618510584,8.319940276298977,0.00907299921079496,0.0,0.0,0.08220673108109565,0.0,-5.138869534451456,1119.382893336647,-54.89880018002164,44.684738655617295,-99.58353883563893,-0.0,-0.0,0.0,0.0,-0.08220673108109565,1.7428826405252937,0.015620663988697915,0.7447514926339904,0,0.0,0.0,-54.89880018002164,0.0,0.020254672077722864,375.9028336129455,6.136540740205387,0.0001786189397255081
23,2020-12-26 09:15:00,0.242,-4.5,94.8,0.0,88.27,68.62,0,4.1,796.264,0,0.35,0,0.682,201.509,0.0,-5.138869534451456,0.0,0.12292689652852895,8.319940276298977,0.00907299921079496,0.0,0.0,0.08220673108109565,0.0,0.3919343246448045,1119.382893336647,4.187053986896679,51.655992151772615,-76.42782756182547,0.0,0.0,0.0,28.95888939694953,-0.08220673108109565,1.7838991502851713,0.015261277733156407,0.7534695044478923,0,0.0,0.0,4.187053986896679,0.0,0.020254672077722864,375.9028336129455,3.9858792892975425,0.0
24,2020-12-26 09:30:00,0.264,-4.1,95.25,0.0,111.391,75.75,0,4.3,796.302,0,0.35,0,0.687,204.052,0.0,-4.746935209806652,-2.664870265645763,0.13355657435051654,8.319940276298977,0.00907299921079496,0.0,0.0,0.08220673108109565,0.0,-0.45620475328575516,1119.382893336647,-4.873658189589387,58.90755024276095,-75.5141952363551,0.0,0.0,0.0,11.732986804004772,-0.08220673108109565,1.7838991502851713,0.015261277733156407,0.7534695044478923,0,0.0,0.0,-4.873658189589387,0.0,0.020254672077722864,375.9028336129455,4.121641102116986,0.0
25,2020-12-26 09:45:00,0.284,-3.7,94.9,0.0,134.512,82.879,0,4.4,796.339,0,0.35,0,0.689,205.9,0.0,-5.203139963092407,-3.7445693947325305,0.14316396101965131,8.319940276298977,0.00907299921079496,0.0,0.0,0.08220673108109565,0.0,0.2656250987404399,1119.382893336647,2.837686211099056,66.38857597103897,-71.77032080087375,0.0,0.0,0.0,8.219431040933829,-0.08220673108109565,1.7838991502851713,0.015261277733156407,0.7534695044478923,0,0.0,0.0,2.837686211099056,0.0,0.020254672077722864,375.9028336129455,3.9640113667096393,0.0
26,2020-12-26 10:00:00,0.301,-3.3,94.9,0.0,157.634,90.009,0,4.55,796.377,0,0.35,0,0.692,208.076,0.0,-4.937514864351967,-4.500942233527159,0.1512853665629112,8.319940276298977,0.00907299921079496,0.0,0.0,0.08220673108109565,0.0,0.5401128192460374,1119.382893336647,5.77005225364638,74.00686635730567,-70.69701638064518,0.0,0.0,0.0,2.4602022769858922,-0.08220673108109565,1.7838991502851713,0.015261277733156407,0.7534695044478923,0,0.0,0.0,5.77005225364638,0.0,0.020254672077722864,375.9028336129455,4.055109245278218,0.0
27,2020-12-26 10:15:00,0.316,-2.9,94.9,0.0,174.785,90.298,0,4.7,796.372,0,0.35,0,0.695,210.24,0.0,-4.397402045105929,-4.727336271141885,0.15841508115889727,8.319940276298977,0.00907299921079496,0.0,0.0,0.08220673108109565,0.0,0.37879497178258126,1119.382893336647,4.046685623301905,76.69127697423261,-70.78532469782948,0.0,0.0,0.0,-1.8592666531012216,-0.08220673108109565,1.7838991502851713,0.015261277733156407,0.7534695044478923,0,0.0,0.0,4.046685623301905,0.0,0.020254672077722864,375.9028336129455,4.246261540941892,0.0
28,2020-12-26 10:30:00,0.328,-2.65,93.85,0.0,191.936,90.587,0,4.75,796.368,0,0.35,0,0.696,211.31,0.0,-4.018607073323348,-4.556241849949128,0.16409326680664196,8.319940276298977,0.00907299921079496,0.0,0.0,0.08220673108109565,0.0,0.46997817570501565,1119.382893336647,5.0208003499654685,79.35356341756976,-71.30304886141914,0.0,0.0,0.0,-3.0297142061851483,-0.08220673108109565,1.7838991502851713,0.015261277733156407,0.7534695044478923,0,0.0,0.0,5.0208003499654685,0.0,0.020254672077722864,375.9028336129455,4.385187719342514,0.0
29,2020-12-26 10:45:00,0.338,-2.5,92.1,0.0,209.086,90.876,0,4.7,796.364,0,0.35,0,0.695,211.442,0.0,-3.548628897618332,-4.277439883796454,0.16880707273516424,8.319940276298977,0.00907299921079496,0.0,0.0,0.08220673108109565,0.0,0.4449969831440608,1119.382893336647,4.753925020777159,82.01127714643796,-73.15030939991726,0.0,0.0,0.0,-4.107042725743541,-0.08220673108109565,1.7838991502851713,0.015261277733156407,0.7534695044478923,0,0.0,0.0,4.753925020777159,0.0,0.020254672077722864,375.9028336129455,4.563315766225625,0.0
30,2020-12-26 11:00:00,0.344,-2.65,89.1,1.0,226.237,91.165,0,4.45,796.359,0,0.35,0,0.69,209.35,0.0,-3.1036319144742714,-3.899499421731511,0.17162728371874075,8.319940276298977,0.00907299921079496,0.0,0.0012792153931356727,0.08220673108109565,0.0,0.21640733572549484,1119.382893336647,4.314960459225191,84.49573716133989,-77.12592910859607,1.4300763693833611,-2.0030700713029437,0.0,-4.48492396290199,-0.08348594647423133,1.7838991502851713,0.015261277733156407,0.7534695044478923,0,0.0,0.0,2.3118903879222477,0.0,0.020254672077722864,375.9028336129455,4.738033331288439,0.0
31,2020-12-26 11:15:00,0.348,-3.4,83.4,1.0,236.153,90.928,0,4.0,796.268,0,0.35,0,0.679,203.989,0.0,-2.8872245787487767,-3.4867853722183195,0.17350399809708503,8.319940276298977,0.00907299921079496,0.0,0.0036648165512285984,0.08348594647423133,0.0,-0.7866637597622821,1119.382893336647,-2.665384776705886,85.7359682807036,-83.40632757955612,-1.6163417832331375,-5.738583502022562,0.0,-3.3786836946202308,-0.08715076302545992,1.7838991502851713,0.015261277733156407,0.7534695044478923,0,0.0,0.0,-8.403968278728449,0.0,0.020254672077722864,375.9028336129455,4.825184973129405,0.0
32,2020-12-26 11:30:00,0.349,-4.0,83.35,0.75,246.07,90.691,0,3.8,796.178,0,0.35,0,0.675,200.768,0.0,-3.673888338511059,-3.1758703508789976,0.17397274410422686,8.319940276298977,0.00907299921079496,0.0,0.002382276413153837,0.08715076302545992,0.0,0.1670690466598021,1119.382893336647,5.515114330101159,86.77530754212262,-83.29578037087245,-0.770875960097935,-3.7303073511821605,0.0,2.8064631189489253,-0.08953303943861375,1.7838991502851713,0.015261277733156407,0.7534695044478923,0,0.0,0.0,1.7848069789189989,0.0,0.020254672077722864,375.9028336129455,4.515204038363535,0.0
33,2020-12-26 11:45:00,0.347,-4.5,85.9,2.1,255.986,90.454,0,3.8,796.088,0,0.35,0,0.675,199.333,0.0,-3.506819291851257,-3.4341281871793865,0.17303507858595954,8.319940276298977,0.00907299921079496,0.0,0.007269784702824832,0.08953303943861375,0.0,-1.4411633406454885,1119.382893336647,-4.012567136969438,87.58656245748854,-85.43588803318002,-6.572875167700986,-11.383452889313348,0.0,0.40963360642302876,-0.09680282414143858,1.7838991502851713,0.015261277733156407,0.7534695044478923,0,0.0,0.0,-15.396020026282788,0.0,0.020254672077722864,375.9028336129455,4.579473446487867,0.0
34,2020-12-26 12:00:00,0.343,-4.75,86.85,0.75,265.902,90.217,0,3.7,795.997,0,0.35,0,0.672,197.863,0.0,-4.947982632496745,-3.4718237079779484,0.17115767488260342,8.319940276298977,0.00907299921079496,0.0,0.0011707410488023618,0.09680282414143858,0.0,1.3395083285919283,1119.382893336647,16.143249066071476,88.2233092433121,-80.866499234593,0.46789297618144277,-1.8332146163074763,0.0,8.318546081170924,-0.09797356519024095,1.7838991502851713,0.015261277733156407,0.7534695044478923,0,0.0,0.0,14.310034449764,0.0,0.020254672077722864,375.9028336129455,4.051478410044326,0.0
35,2020-12-26 12:15:00,0.335,-4.8,87.9,0.0,259.858,89.762,0,3.8,795.949,0,0.35,0,0.675,198.476,0.0,-3.608474303904817,-4.237317363527169,0.16739468200068636,8.319940276298977,0.00907299921079496,0.0,0.0,0.09797356519024095,0.0,-0.26095989309073186,1119.382893336647,-2.7878475858829432,86.61955072896734,-85.86370130336604,-0.0,-0.0,0.0,-3.543697011484241,-0.09797356519024095,1.7838991502851713,0.015261277733156407,0.7534695044478923,0,0.0,0.0,-2.7878475858829432,0.0,0.020254672077722864,375.9028336129455,4.5402664989064005,0.0
36,2020-12-26 12:30:00,0.325,-4.75,88.85,0.0,253.815,89.308,0,3.8,795.9,0,0.35,0,0.675,198.619,0.0,-3.869434196995549,-3.9112173993014396,0.16267590374505908,8.319940276298977,0.00907299921079496,0.0,0.0,0.09797356519024095,0.0,0.002978440613996002,1119.382893336647,0.031818830001349996,84.88842993088392,-84.62115170147288,-0.0,-0.0,0.0,-0.2354593994096834,-0.09797356519024095,1.7838991502851713,0.015261277733156407,0.7534695044478923,0,0.0,0.0,0.031818830001349996,0.0,0.020254672077722864,375.9028336129455,4.441020051873405,0.0
37,2020-12-26 12:45:00,0.312,-4.6,89.2,0.0,247.772,88.853,0,3.9,795.852,0,0.35,0,0.677,199.787,0.0,-3.8664557563815527,-3.8895498296770405,0.15651724291440108,8.319940276298977,0.00907299921079496,0.0,0.0,0.09797356519024095,0.0,-0.05934548611223291,1119.382893336647,-0.6339907954112899,82.96183370240153,-83.46568328488544,-0.0,-0.0,0.0,-0.13014121292738104,-0.09797356519024095,1.7838991502851713,0.015261277733156407,0.7534695044478923,0,0.0,0.0,-0.6339907954112899,0.0,0.020254672077722864,375.9028336129455,4.442140835137102,0.0
38,2020-12-26 13:00:00,0.296,-4.25,87.6,0.0,241.728,88.398,0,3.9,795.804,0,0.35,0,0.677,200.793,0.0,-3.925801242493786,-3.877573906018111,0.1489011514627597,8.319940276298977,0.00907299921079496,0.0,0.0,0.09797356519024095,0.0,-0.10144766078752447,1119.382893336647,-1.0837704325761635,80.85452540151348,-82.21006963444506,-0.0,-0.0,0.0,0.27177380035541465,-0.09797356519024095,1.7838991502851713,0.015261277733156407,0.7534695044478923,0,0.0,0.0,-1.0837704325761635,0.0,0.020254672077722864,375.9028336129455,4.419843333539538,0.0
39,2020-12-26 13:15:00,0.278,-3.9,87.9,0.0,225.661,84.604,0,4.0,795.799,0,0.35,0,0.68,202.535,0.0,-4.02724890328131,-3.9025832186896454,0.14028758328552046,8.319940276298977,0.00907299921079496,0.0,0.0,0.09797356519024095,0.0,-0.35282938591163243,1119.382893336647,-3.769293971163265,75.56993361566599,-80.04175170180864,0.0,-0.0,0.0,0.7025241149793824,-0.09797356519024095,1.7838991502851713,0.015261277733156407,0.7534695044478923,0,0.0,0.0,-3.769293971163265,0.0,0.020254672077722864,375.9028336129455,4.381964469141696,0.0
40,2020-12-26 13:30:00,0.257,-3.9,87.9,0.0,209.594,80.81,0,4.0,795.794,0,0.35,0,0.68,202.535,0.0,-4.380078289192943,-3.9672312650717303,0.13018117097817186,8.319940276298977,0.00907299921079496,0.0,0.0,0.09797356519024095,0.0,-0.5592423406550261,1119.382893336647,-5.974413887334676,70.26187502749933,-78.56279112105554,0.0,-0.0,0.0,2.3265022062215346,-0.09797356519024095,1.7838991502851713,0.015261277733156407,0.7534695044478923,0,0.0,0.0,-5.974413887334676,0.0,0.020254672077722864,375.9028336129455,4.252518494300539,0.0
41,2020-12-26 13:45:00,0.235,-4.1,89.3,0.0,193.527,77.015,0,4.0,795.788,0,0.35,0,0.68,201.955,0.0,-4.939320629847969,-4.181321883925785,0.11953200371967054,8.319940276298977,0.00907299921079496,0.0,0.0,0.09797356519024095,0.0,-0.6967111421312906,1119.382893336647,-7.442999966945685,65.09598555450684,-76.8105089954436,0.0,-0.0,0.0,4.271523473991074,-0.09797356519024095,1.7838991502851713,0.015261277733156407,0.7534695044478923,0,0.0,0.0,-7.442999966945685,0.0,0.020254672077722864,375.9028336129455,4.054475782738743,0.0
42,2020-12-26 14:00:00,0.21,-4.15,87.9,0.0,177.46,73.221,0,3.95,795.783,0,0.35,0,0.678,201.448,0.0,-5.636031771979259,-4.574398280565697,0.1073607406694317,8.319940276298977,0.00907299921079496,0.0,0.0,0.09797356519024095,0.0,-0.7930386266905108,1119.382893336647,-8.472071300866062,59.97760407547828,-74.43226097261876,0.0,0.0,0.0,5.9825855962744185,-0.09797356519024095,1.7838991502851713,0.015261277733156407,0.7534695044478923,0,0.0,0.0,-8.472071300866062,0.0,0.020254672077722864,375.9028336129455,3.819536681047241,0.0
43,2020-12-26 14:15:00,0.183,-4.3,87.9,0.0,152.025,67.88,0,3.9,795.769,0,0.35,0,0.677,200.649,0.0,-6.42907039866977,-5.124930942528614,0.09414064208206048,8.319940276298977,0.00907299921079496,0.0,0.0,0.09797356519024095,0.0,-1.0484479406066165,1119.382893336647,-11.200621771897515,53.42462522314141,-71.97441786139387,0.0,0.0,0.0,7.349170866354948,-0.09797356519024095,1.7838991502851713,0.015261277733156407,0.7534695044478923,0,0.0,0.0,-11.200621771897515,0.0,0.020254672077722864,375.9028336129455,3.5672803376660704,0.0
44,2020-12-26 14:30:00,0.154,-4.75,87.2,0.0,126.59,62.538,0,3.75,795.754,0,0.35,0,0.674,198.243,0.0,-7.477518339276386,-5.80122023837994,0.07986510549867522,8.319940276298977,0.00907299921079496,0.0,0.0,0.09797356519024095,0.0,-1.2591313812742886,1119.382893336647,-13.45136350272229,47.221280408300245,-70.11902720110902,0.0,0.0,0.0,9.446383290086485,-0.09797356519024095,1.7838991502851713,0.015261277733156407,0.7534695044478923,0,0.0,0.0,-13.45136350272229,0.0,0.020254672077722864,375.9028336129455,3.257126176003138,0.0
45,2020-12-26 14:45:00,0.123,-5.3,87.1,0.0,101.155,57.197,0,3.6,795.74,0,0.35,0,0.67,195.537,0.0,-8.736649720550675,-6.670500327218436,0.0645310861261771,8.319940276298977,0.00907299921079496,0.0,0.0,0.09797356519024095,0.0,-1.3768775801081676,1119.382893336647,-14.709252032174563,41.42101731111074,-67.77356780765652,0.0,0.0,0.0,11.643298464371219,-0.09797356519024095,1.7838991502851713,0.015261277733156407,0.7534695044478923,0,0.0,0.0,-14.709252032174563,0.0,0.020254672077722864,375.9028336129455,2.9172866218748514,0.0
46,2020-12-26 15:00:00,0.091,-5.8,87.4,0.75,75.72,51.856,0,3.5,795.726,0,0.35,0,0.667,193.353,3.58,-10.113527300658843,-7.741946108388837,0.048637545562323733,8.319940276298977,0.00907299921079496,0.5427179014799542,0.0,0.09797356519024095,0.0,10.113527300658843,1119.382893336647,-112.90360411120746,36.10024271748645,-64.51571841076975,10.190701953115042,4.782863688220132,-108.04331782930346,13.364487458264263,-0.09797356519024095,1.7838991502851713,0.015261277733156407,0.7534695044478923,0,0.0,0.002696254151127502,108.04331782930346,-112.90360411120746,0.020254672077722864,375.9028336129455,2.582991533211519,0.0
47,2020-12-26 15:15:00,0.057,-6.2,88.4,0.0,59.012,41.522,0,3.4,795.627,0,0.35,0,0.665,191.446,3.58,0.0,-8.971780055227825,0.03190547924762443,8.86265817777893,0.009664839888526643,0.5946263707727275,0.0,0.09797356519024095,0.0,0.0,1172.540175435167,-123.69889733919157,28.213123991884526,-108.42853883563893,-0.0,-0.0,7.074871744010112,-50.55835423944729,-0.09527731103911344,1.7839484255735454,0.01625678591592978,0.7534695044478923,0,0.0,0.0,0.0,-123.69889733919157,0.020254672077722864,393.80552986709665,6.136528780120758,0.000331768013700255
48,2020-12-26 15:30:00,0.022,-6.5,89.1,0.0,42.304,31.188,0,3.35,795.528,0,0.35,0,0.664,190.214,3.58,0.0,-4.604054893076463,0.014658646169003671,9.457284548551659,0.010313287403000719,0.515231212198018,0.0,0.09797356519024095,0.0,0.0,1225.6455490643941,-107.17902808318308,20.675277588896794,-109.66053883563893,-0.0,-0.0,7.751300562573602,-25.945067399014555,-0.09527731103911344,1.784005985662904,0.017347509874330383,0.7534695044478923,0,0.0,0.0,0.0,-107.17902808318308,0.02157590429335558,411.70552986709663,6.136526803350264,0.0003634900567630467
49,2020-12-26 15:45:00,0.0,-6.7,90.4,1.5,25.596,20.855,0,3.3,795.43,0,0.35,0,0.662,189.257,3.58,0.0,-2.503525644523134,0.0038627972980621256,9.972515760749676,0.010875153501362788,0.6539676387157028,0.018898079231204692,0.09797356519024095,0.0,0.0,1278.830317852196,-136.0351161823321,13.62001690376678,-110.61753883563892,-31.64570426348362,-29.589065271587987,6.716139367754307,-14.108029354730661,-0.11417539027031813,1.784058880129179,0.018292599185673684,0.7534695044478923,0,0.0,0.0,0.0,-136.0351161823321,0.023023506289138854,429.6055298670966,6.136524846529806,0.00031494630784733083
50,2020-12-26 16:00:00,0.0,-6.6,89.7,1.8,8.888,10.521,0,3.3,795.331,0,0.35,0,0.662,189.531,3.58,0.0,-1.4203100947657346,0.004115943740557984,10.626483399465378,0.011588313412721242,0.6748053698668754,0.022678583997794082,0.11687164442144564,0.0,0.0,1331.8763502134802,-140.36407821598894,6.862428630177952,-110.34353883563892,-37.40340053961972,-35.50685358076932,8.52425567890094,-8.003823149809204,-0.13685397426811222,1.784130055053602,0.01949217291234669,0.7534695044478923,0,0.0,0.0,0.0,-140.36407821598894,0.02427782289487304,447.5055298670966,6.1365228697242635,0.0003997401202962632
51,2020-12-26 16:15:00,0.0,-6.6,89.1,1.5,6.666,7.891,0,3.3,795.326,0,0.35,0,0.662,189.531,3.58,0.0,-0.8435721782526224,0.004377123540714136,11.301288769332254,0.012324197131223832,0.6361754554443461,0.01889964744226875,0.13955022841923972,0.0,0.0,1384.9015448436135,-132.32299676588397,5.148115638589561,-110.34353883563892,-31.169304496674545,-29.589043609174258,8.795483332836389,-4.753752404996429,-0.15575362171038096,1.7842082321433528,0.020729969317532525,0.7534695044478923,0,0.0,0.0,0.0,-132.32299676588397,0.025869889620323328,465.40552986709656,6.136522769885133,0.00041246080487135887
52,2020-12-26 16:30:00,0.0,-6.75,88.35,1.05,4.444,5.26,0,3.25,795.321,0,0.35,0,0.661,188.708,3.58,0.0,-0.5214666313064085,0.0046233194719506225,11.937464224776601,0.013017954443594985,0.5995302440132729,0.013463545811812631,0.15844987586150847,0.0,0.0,1437.9653693881692,-124.69542046379944,3.432354920626677,-111.16653883563893,-22.314248161942697,-21.077430524706504,8.291614042923971,-2.9386024297684554,-0.1692171675221936,1.784286336843248,0.021896906818299335,0.7534695044478923,0,0.0,0.0,0.0,-124.69542046379944,0.02751268524493568,483.30552986709654,6.136522670045956,0.0003888320319751846
53,2020-12-26 16:45:00,0.0,-7.0,88.3,0.0,2.222,2.63,0,3.2,795.316,0,0.35,0,0.659,187.61,3.58,0.0,-0.3329553353147203,0.004855303567892664,12.536994468789874,0.013671749693336831,0.5029854247643201,0.0,0.1719134216733211,0.0,0.0,1491.065839144156,-104.6106597231138,1.7165125149431075,-112.26453883563892,-0.0,-0.0,7.813658000751964,-1.8762914031699498,-0.1692171675221936,1.7843638530819586,0.0229966259580362,0.7534695044478923,0,0.0,0.0,0.0,-104.6106597231138,0.029061437376081172,501.2055298670965,6.136522570206736,0.0003664183467876227
54,2020-12-26 17:00:00,0.0,-7.45,88.3,0.0,0.0,0.0,0,3.05,795.311,0,0.35,0,0.655,185.116,3.58,0.0,-0.21834221128573655,0.005049906480701562,13.039979893554195,0.01422026160692933,0.5261959825533581,0.0,0.1719134216733211,0.0,0.0,1544.2628537193916,-109.43381208618669,0.0,-114.75853883563892,-0.0,-0.0,6.555142875979536,-1.2304161265273235,-0.1692171675221936,1.7844318133940658,0.023919252804880897,0.7534695044478923,0,0.0,0.0,0.0,-109.43381208618669,0.030520977720109674,519.1055298670965,6.13652247036747,0.0003073991398363657
55,2020-12-26 17:15:00,0.0,-7.9,87.6,1.0,0.0,0.0,0,3.0,795.328,0,0.35,0,0.654,183.476,3.58,0.0,-0.14607868850698638,0.005253465181660142,13.566175876107552,0.014794084924871921,0.650293281431554,0.0139346811893167,0.1719134216733211,0.0,0.0,1597.4366577368382,-135.23691914859205,0.0,-116.39853883563893,-24.87253785204403,-21.81231922085961,6.857349596286582,-0.8231920571956723,-0.1831518487115103,1.784505767652035,0.024884454809358525,0.7534695044478923,0,0.0,0.0,0.0,-135.23691914859205,0.03174548228386207,537.0055298670965,6.13652280982079,0.0003215720060780338
56,2020-12-26 17:30:00,0.0,-8.4,88.2,0.75,0.0,0.0,0,2.85,795.345,0,0.35,0,0.649,180.815,3.58,0.0,-0.09960514762698827,0.00550499511086936,14.216469157539105,0.015503237903532285,0.629867951119536,0.010951403244558565,0.1858481028626378,0.0,0.0,1650.4863644554066,-130.98220217971422,0.0,-119.05953883563893,-19.83548580243177,-17.141599887519156,8.474123817373112,-0.5613013590166347,-0.19410325195606887,1.784601200035802,0.026077288657481684,0.7534695044478923,0,0.0,0.0,0.0,-130.98220217971422,0.03302649232976284,554.9055298670964,6.136523149273592,0.0003973946128475857
57,2020-12-26 17:45:00,0.0,-8.7,88.9,0.5,0.0,0.0,0,2.8,795.362,0,0.35,0,0.648,179.572,3.58,0.0,-0.06936460315727533,0.005748585284459619,14.846337108658641,0.016190116803335486,0.6068182520769758,0.00741241167848477,0.19679950610719638,0.0,0.0,1703.556496504287,-126.18213825855614,0.0,-120.30253883563893,-13.69622341502649,-11.601591927868553,8.207511882418256,-0.3908878903089824,-0.20151566363455364,1.7846978889305567,0.027232656294510618,0.7534695044478923,0,0.0,0.0,0.0,-126.18213825855614,0.03460961393067914,572.8055298670964,6.1365234887258735,0.0003848920979036783
58,2020-12-26 18:00:00,0.0,-9.0,89.2,0.0,0.0,0.0,0,2.75,795.379,0,0.35,0,0.646,178.328,3.58,0.0,-0.04919758508524304,0.005983223167320064,15.453155360735618,0.01685185971726894,0.5478644318635725,0.0,0.20421191778568115,0.0,0.0,1756.64967825221,-113.91704832826298,0.0,-121.54653883563893,-0.0,-0.0,7.906731915341103,-0.2772414079651559,-0.20151566363455364,1.7847949980345863,0.028345743837323467,0.7534695044478923,0,0.0,0.0,0.0,-113.91704832826298,0.036143010611246244,590.7055298670964,6.136523828177636,0.00037078707720665716
59,2020-12-26 18:15:00,0.0,-9.2,89.5,0.0,0.0,0.0,0,2.7,795.35,0,0.35,0,0.644,177.342,3.58,0.0,-0.035454844646421034,0.006195031916563857,16.00101979259919,0.017449312750926052,0.5559583961836791,0.0,0.20421191778568115,0.0,0.0,1809.8018138203463,-115.59412594451886,0.0,-122.53253883563892,-0.0,-0.0,7.138210320850151,-0.1997974297301036,-0.20151566363455364,1.784886009158493,0.029350692307759753,0.7534695044478923,0,0.0,0.0,0.0,-115.59412594451886,0.03762029341598094,608.6055298670964,6.136523249112552,0.0003347460264708424
60,2020-12-26 18:30:00,0.0,-9.4,89.85,0.5,0.0,0.0,0,2.7,795.322,0,0.35,0,0.644,176.824,3.58,0.0,-0.02588958421682056,0.00640993615595119,16.55697818878287,0.018055592354179795,0.6288883783544068,0.007635783298498228,0.20421191778568115,0.0,0.0,1862.9458554241626,-130.75062775933736,0.0,-123.05053883563892,-14.797474176874566,-11.949304129019067,7.243279909742442,-0.14589465656631942,-0.20915144693305188,1.7849816008956159,0.03037048754792627,0.7534695044478923,0,0.0,0.0,0.0,-130.75062775933736,0.0389540547221836,626.5055298670964,6.136522690013797,0.00033967413052869277
61,2020-12-26 18:45:00,0.0,-9.6,91.7,0.0,0.0,0.0,0,2.7,795.293,0,0.35,0,0.644,176.307,3.58,0.0,-0.01913908125407221,0.006652988901037279,17.18586656713728,0.018741403017597906,0.5554859571092564,0.0,0.21184770108417939,0.0,0.0,1916.016967045808,-115.48246194174104,0.0,-123.56753883563894,-0.0,-0.0,8.192930680315358,-0.10785378641745762,-0.20915144693305188,1.785093660831658,0.03152405835330353,0.7534695044478923,0,0.0,0.0,0.0,-115.48246194174104,0.04030752056804258,644.4055298670963,6.13652211094574,0.0003842116148838755
62,2020-12-26 19:00:00,0.0,-9.75,90.55,1.25,0.0,0.0,0,2.6,795.264,0,0.35,0,0.641,174.975,3.58,0.0,-0.014331030453999536,0.006867634361489327,17.741352524246533,0.019347167420116176,0.7509642247020574,0.019647300250030003,0.21184770108417939,0.0,0.0,1969.1614810886988,-156.11235446828454,0.0,-124.89953883563894,-38.36831163179827,-30.74253770098279,7.236255147264781,-0.080759148112132,-0.22879874718308188,1.7851961094500883,0.032542986997835054,0.7534695044478923,0,0.0,0.0,0.0,-156.11235446828454,0.0418385325049126,662.3055298670963,6.136521531876172,0.0003393460050919979
63,2020-12-26 19:15:00,0.0,-9.7,90.9,1.5,0.0,0.0,0,2.7,795.168,0,0.35,0,0.645,176.05,3.58,0.0,-0.010843363436300314,0.007157754732476801,18.49231674894859,0.020166103324916675,0.7692656571928528,0.022911926054784894,0.2314950013342094,0.0,0.0,2022.1105168639967,-159.90403385723792,0.0,-123.82453883563892,-45.800331833569736,-35.847880309637276,9.781942033719934,-0.06110522174917723,-0.2517106732378668,1.7853397809547287,0.033920481693739374,0.7534695044478923,0,0.0,0.0,0.0,-159.90403385723792,0.043190848210480734,680.2055298670963,6.1365196149454295,0.0004587372224627824
64,2020-12-26 19:30:00,0.0,-9.75,90.9,0.5,0.0,0.0,0,2.65,795.072,0,0.35,0,0.643,175.452,3.58,0.0,-0.008311431878750516,0.007454871365988332,19.261582406141443,0.021004997171364715,0.6244637615961481,0.007749089720603271,0.2544069273889943,0.0,0.0,2075.0412512068037,-129.79352222220982,0.0,-124.42253883563893,-15.343619359466599,-12.123144260228809,10.019473090455035,-0.04683711755930166,-0.25945976295847006,1.7854931158876821,0.03533154673208381,0.7534695044478923,0,0.0,0.0,0.0,-129.79352222220982,0.04501905053024639,698.1055298670963,6.136517697998106,0.0004698790983077927
65,2020-12-26 19:45:00,0.0,-9.8,91.6,0.5,0.0,0.0,0,2.7,794.977,0,0.35,0,0.645,175.792,3.58,0.0,-0.006448056057222117,0.0076960032838965745,19.88604616773759,0.021685982734719292,0.6322696241436215,0.0076385082205581295,0.26215601710959757,0.0,0.0,2128.1167874452076,-131.40645670206064,0.0,-124.08253883563893,-15.420461836941284,-11.949280174895474,8.132880472338622,-0.036336501819044124,-0.2670982711790282,1.7856221728111208,0.036477001456940286,0.7534695044478923,0,0.0,0.0,0.0,-131.40645670206064,0.046891807197921215,716.0055298670962,6.136515801002657,0.0003813991537099917
66,2020-12-26 20:00:00,0.0,-9.85,91.65,0.5,0.0,0.0,0,2.65,794.881,0,0.35,0,0.643,175.195,3.58,0.0,-0.00504773274014013,0.007940095259104253,20.51831579188121,0.022375480689074384,0.6350354984897213,0.007750226627577321,0.2697945253301557,0.0,0.0,2181.1845178210638,-131.97132967585486,0.0,-124.67953883563894,-15.497266014509744,-12.12313099846375,8.233920483743105,-0.028445309449305275,-0.2748484978066055,1.78575702782084,0.03763677448605469,0.7534695044478923,0,0.0,0.0,0.0,-131.97132967585486,0.048412047523633955,733.9055298670962,6.136513884022326,0.00038613877272234565
67,2020-12-26 20:15:00,0.0,-9.9,91.6,1.0,0.0,0.0,0,2.6,794.753,0,0.35,0,0.641,174.591,3.58,0.0,-0.0039852169325245755,0.008185198491375834,21.15335129037093,0.02306799486409044,0.7131031912939815,0.015723963304063934,0.277544751957733,0.0,0.0,2234.249482322574,-148.18355178560324,0.0,-125.28353883563892,-31.14684828189395,-24.593959200132662,8.269293083697411,-0.022457751767801733,-0.2905724611106694,1.785896710323688,0.0388016209622335,0.7534695044478923,0,0.0,0.0,0.0,-148.18355178560324,0.04995129101294309,751.8055298670962,6.136511328022731,0.00038779865582336763
68,2020-12-26 20:30:00,0.0,-9.95,91.6,0.75,0.0,0.0,0,2.6,794.626,0,0.35,0,0.641,174.463,3.58,0.0,-0.0031714734716082327,0.008460363667126856,21.866454481664913,0.023845642837148216,0.6719477129460747,0.011794033208833047,0.29326871526179693,0.0,0.0,2287.23637913128,-139.6187442080014,0.0,-125.41153883563894,-23.474364939469105,-18.44545617270865,9.2850316591833,-0.01787209207666059,-0.30236649431950247,1.7860586253983566,0.040109667113206446,0.7534695044478923,0,0.0,0.0,0.0,-139.6187442080014,0.05149726794937181,769.7055298670962,6.136508791962707,0.000435438381493424
69,2020-12-26 20:45:00,0.0,-10.1,90.9,0.5,0.0,0.0,0,2.6,794.498,0,0.35,0,0.641,174.08,3.58,0.0,-0.002544950770205819,0.008719578615107266,22.53840219461099,0.0245784102449411,0.6398776192577457,0.007863376339133242,0.30506274847063,0.0,0.0,2340.264431418334,-132.94343001068103,0.0,-125.79453883563892,-15.882941022849561,-12.296961894007762,8.74839131870507,-0.014341470897633667,-0.3102298706586357,1.786216093858838,0.041342221714426614,0.7534695044478923,0,0.0,0.0,0.0,-132.94343001068103,0.05323329859593583,787.6055298670962,6.136506235904281,0.00041027063578579344
70,2020-12-26 21:00:00,0.0,-10.25,92.0,0.75,0.0,0.0,0,2.6,794.37,0,0.35,0,0.641,173.697,3.58,0.0,-0.0020571430734515938,0.008966357345946118,23.178279813868734,0.025276204813379208,0.6836878613305736,0.01179607534300069,0.31292612480976323,0.0,0.0,2393.324553799076,-142.03333915537831,0.0,-126.17753883563893,-24.174344120056414,-18.445429509160498,8.330136345786103,-0.01159254546907748,-0.3220259460016364,1.786370463303726,0.04251595009929759,0.7534695044478923,0,0.0,0.0,0.0,-142.03333915537831,0.05486913733120531,805.5055298670961,6.136503679816302,0.00039065517931295403
71,2020-12-26 21:15:00,0.0,-10.3,92.4,1.0,0.0,0.0,0,2.6,794.148,0,0.35,0,0.641,173.57,3.58,0.0,-0.001673689124383278,0.00922996045846148,23.861967675199306,0.026021775000217347,0.7211175935941968,0.01572957484893514,0.32472220015276393,0.0,0.0,2446.3408659377455,-149.79498201854972,0.0,-126.30453883563894,-32.38063849181247,-24.59387518182064,8.899626989918875,-0.009431681017188219,-0.3377555208505716,1.78654016172166,0.04377003967062261,0.7534695044478923,0,0.0,0.0,0.0,-149.79498201854972,0.05642690228113653,823.4055298670961,6.136499246531101,0.0004173659395707184
72,2020-12-26 21:30:00,0.0,-10.25,92.0,0.75,0.0,0.0,0,2.6,793.926,0,0.35,0,0.641,173.697,3.58,0.0,-0.0013706213819342475,0.009507912394207289,24.583085268793504,0.02680816277949128,0.6786567421663878,0.011798383451842472,0.3404517750016991,0.0,0.0,2499.3197483441513,-140.96021003883436,0.0,-126.17753883563893,-24.160832269420933,-18.44538326310619,9.385884880332544,-0.007723814107058245,-0.34955390430241406,1.786724477631161,0.04509278665060478,0.7534695044478923,0,0.0,0.0,0.0,-140.96021003883436,0.05809132209364635,841.3055298670961,6.136494813156887,0.00044017358026595044
73,2020-12-26 21:45:00,0.0,-10.2,91.6,0.0,0.0,0.0,0,2.6,793.704,0,0.35,0,0.641,173.825,3.58,0.0,-0.0011296879363888854,0.009769418283379407,25.261742010959892,0.02754824646778614,0.564432377775341,0.0,0.3522501584535416,0.0,0.0,2552.3410916019848,-117.22356195700952,0.0,-126.04953883563894,-0.0,-0.0,8.832342969028023,-0.006366090398604752,-0.34955390430241406,1.786902934583348,0.046337647633223226,0.7534695044478923,0,0.0,0.0,0.0,-117.22356195700952,0.05984686358825723,859.2055298670961,6.136490379693589,0.0004142125423143383
74,2020-12-26 22:00:00,0.0,-10.35,92.0,0.5,0.0,0.0,0,2.55,793.482,0,0.35,0,0.639,172.962,3.58,0.0,-0.0009364223419672006,0.009986849862458845,25.826174388735232,0.028163767054236895,0.6540682509866766,0.007978251046880673,0.3522501584535416,0.0,0.0,2605.4766592242095,-135.8279345237287,0.0,-126.91253883563894,-16.255269355084845,-12.470748832658211,7.345150654637615,-0.005276987642527349,-0.3575321553492947,1.7870550429651286,0.04737298670931659,0.7534695044478923,0,0.0,0.0,0.0,-135.8279345237287,0.06149903527572402,877.105529867096,6.136485946141126,0.0003444622394076903
75,2020-12-26 22:15:00,0.0,-10.5,92.3,0.5,0.0,0.0,0,2.5,793.27,0,0.35,0,0.638,172.094,3.58,0.0,-0.0007797082660022627,0.010238740839854796,26.480242639721908,0.02887703668453861,0.653810146937053,0.008090285055316926,0.36022840950042223,0.0,0.0,2658.5225909732226,-135.76062630093222,0.0,-127.78053883563894,-16.4864469952191,-12.644591599858712,8.510753392289041,-0.004393862363243875,-0.36562244040461167,1.787235494536478,0.0485727449892147,0.7534695044478923,0,0.0,0.0,0.0,-135.76062630093222,0.06287313080312298,895.005529867096,6.13648171221494,0.00039913131557394203
76,2020-12-26 22:30:00,0.0,-10.55,92.3,0.5,0.0,0.0,0,2.5,793.059,0,0.35,0,0.638,171.968,3.58,0.0,-0.0006524311434592811,0.010490455227558808,27.134052786658962,0.029590024849137364,0.6548585022889801,0.008091112538631894,0.3683186945557392,0.0,0.0,2711.5687808262855,-135.9642482495127,0.0,-127.90653883563894,-16.560547812998816,-12.644576947025374,8.506515021229538,-0.00367662210451105,-0.37371355294324354,1.7874203662645007,0.04977202982850453,0.7534695044478923,0,0.0,0.0,0.0,-135.9642482495127,0.06446544246645598,912.905529867096,6.136477498179236,0.000398933529900414
77,2020-12-26 22:45:00,0.0,-10.6,92.3,0.5,0.0,0.0,0,2.5,792.848,0,0.35,0,0.638,171.841,3.58,0.0,-0.0005484857830445664,0.010742493997057479,27.788911288947943,0.030304156258394704,0.6558323062621324,0.008091961731300903,0.37640980709437105,0.0,0.0,2764.6139223239966,-136.15198572822007,0.0,-128.03353883563892,-16.6346068670565,-12.644562293911285,8.519250836973518,-0.003090862498162707,-0.38180551467454443,1.7876100343137042,0.05097323766743828,0.7534695044478923,0,0.0,0.0,0.0,-136.15198572822007,0.06605712578238343,930.805529867096,6.136473284062791,0.00039953187439046043
78,2020-12-26 23:00:00,0.0,-10.6,91.6,0.75,0.0,0.0,0,2.5,792.636,0,0.35,0,0.638,171.841,3.58,0.0,-0.00046315121084176925,0.010994826213394175,28.444743595210078,0.03101934961309714,0.6958807202925612,0.012139248868465036,0.38450176882567194,0.0,0.0,2817.6580900177346,-144.45039589738087,0.0,-128.03353883563892,-24.945238397541893,-18.966821356602274,8.530991315407096,-0.0026099796071708866,-0.39394476354300945,1.7878044965140536,0.05217623175632076,0.7534695044478923,0,0.0,0.0,0.0,-144.45039589738087,0.06765136129137585,948.705529867096,6.136469049892848,0.00040008354225702815
79,2020-12-26 23:15:00,0.0,-10.6,92.3,0.0,0.0,0.0,0,2.5,792.488,0,0.35,0,0.638,171.841,3.58,0.0,-0.00039274690920898964,0.011262475995111113,29.140624315502638,0.03177821626554268,0.5732699577666153,0.0,0.39664101769413695,0.0,0.0,2870.662209297442,-118.98488516449947,0.0,-128.03353883563892,-0.0,-0.0,9.050866903880332,-0.0022132327408835384,-0.39394476354300945,1.7880157693917231,0.05345268670537695,0.7534695044478923,0,0.0,0.0,0.0,-118.98488516449947,0.06924796750009557,966.6055298670959,6.136466093914503,0.0004244684773560059
80,2020-12-26 23:30:00,0.0,-10.3,93.1,0.5,0.0,0.0,0,2.6,792.339,0,0.35,0,0.641,173.57,3.58,0.0,-0.0003344636730333885,0.011482895181108715,29.713894273269254,0.03240337434380507,0.6505170581147942,0.0078719859922238,0.39664101769413695,0.0,0.0,2923.7889393396754,-135.00445572518046,0.0,-126.30453883563894,-16.153439108304877,-12.296811966328873,7.455407010048613,-0.0018847912852695684,-0.4018167495352332,1.7881936335874948,0.05450423656643471,0.7534695044478923,0,0.0,0.0,0.0,-135.00445572518046,0.07094207050163844,984.5055298670959,6.136463117923117,0.000349637899712188
81,2020-12-26 23:45:00,0.0,-10.1,93.1,0.0,0.0,0.0,0,2.6,792.19,0,0.35,0,0.641,174.08,3.58,0.0,-0.00028578235651006425,0.011732934966411925,30.364411331384048,0.03311277135374487,0.5654523568765939,0.0,0.40451300368636073,0.0,0.0,2976.8384222815607,-117.33711404773467,0.0,-125.79453883563892,-0.0,-0.0,8.459035247091483,-0.001610459187237949,-0.4018167495352332,1.7883996393119115,0.055697480888431454,0.7534695044478923,0,0.0,0.0,0.0,-117.33711404773467,0.07233768088115643,1002.4055298670959,6.136460141891358,0.00039671151748627855
82,2020-12-27 00:00:00,0.0,-10.05,93.1,0.0,0.0,0.0,0,2.65,792.042,0,0.35,0,0.643,174.682,3.58,0.0,-0.00024507306821074977,0.011950207485709432,30.929863688260642,0.03372940424019699,0.5679423643412242,0.0,0.40451300368636073,0.0,0.0,3029.972969924684,-117.84177924644558,0.0,-125.19253883563894,-0.0,-0.0,7.352140640770744,-0.0013810515773764896,-0.4018167495352332,1.7885823111763701,0.056734690913573645,0.7534695044478923,0,0.0,0.0,0.0,-117.84177924644558,0.07392134726042297,1020.3055298670959,6.1364571857929775,0.0003447959130037456
83,2020-12-27 00:15:00,0.0,-10.2,93.1,0.0,0.0,0.0,0,2.6,791.907,0,0.35,0,0.641,173.825,3.58,0.0,-0.00021079748110679468,0.012168369161250374,31.497806052601867,0.03434875251101621,0.5719792027787964,0.0,0.40451300368636073,0.0,0.0,3083.105027560343,-118.66698181404773,0.0,-126.04953883563894,-0.0,-0.0,7.38374492116711,-0.001187899575889669,-0.4018167495352332,1.7887691608126715,0.0577764683627854,0.7534695044478923,0,0.0,0.0,0.0,-118.66698181404773,0.0752979258996636,1038.205529867096,6.136454489317109,0.00034627887514545935
84,2020-12-27 00:30:00,0.0,-10.2,92.35,0.0,0.0,0.0,0,2.6,791.772,0,0.35,0,0.641,173.825,3.58,0.0,-0.0001818441990889181,0.012388011780179157,32.069785255380665,0.034972503004777174,0.5717905253287692,0.0,0.40451300368636073,0.0,0.0,3136.2330483575643,-118.61513264514929,0.0,-126.04953883563894,-0.0,-0.0,7.435430930661313,-0.0010247401716640323,-0.4018167495352332,1.7889607543784438,0.05882565059021838,0.7534695044478923,0,0.0,0.0,0.0,-118.61513264514929,0.07668056639547918,1056.105529867096,6.136451792808047,0.00034870373854029
85,2020-12-27 00:45:00,0.0,-10.3,91.6,0.0,0.0,0.0,0,2.6,791.638,0,0.35,0,0.641,173.57,3.58,0.0,-0.00015731052441418072,0.012607510792282353,32.64157578070944,0.03559604774341269,0.5730972752044684,0.0,0.40451300368636073,0.0,0.0,3189.3612578322354,-118.87325703481285,0.0,-126.30453883563894,-0.0,-0.0,7.432168287250182,-0.0008864864240949572,-0.4018167495352332,1.7891557098801028,0.05987448672634886,0.7534695044478923,0,0.0,0.0,0.0,-118.87325703481285,0.07807303446650188,1074.0055298670961,6.1364491162402794,0.0003485513794024852
86,2020-12-27 01:00:00,0.0,-10.4,91.95,0.5,0.0,0.0,0,2.55,791.503,0,0.35,0,0.64,172.835,3.58,0.0,-0.00013645634091903613,0.012827438819241645,33.214673055913906,0.03622101750917547,0.6551852255186374,0.007988429065384448,0.40451300368636073,0.0,0.0,3242.488160557031,-135.8850416496702,0.0,-127.03953883563892,-16.293059585548168,-12.470611393180352,7.448325739099688,-0.0007689675827912643,-0.40980517860061766,1.7893545461219322,0.06092571983554866,0.7534695044478923,0,0.0,0.0,0.0,-135.8850416496702,0.07946504320731881,1091.9055298670962,6.136446419665017,0.00034930987968881725
87,2020-12-27 01:15:00,0.0,-10.5,92.3,1.0,0.0,0.0,0,2.5,791.259,0,0.35,0,0.638,172.094,3.58,0.0,-0.00011867688241492326,0.013078777721942405,33.86985828143254,0.03693550521421215,0.7337344739731991,0.016201671912457635,0.41250143275174517,0.0,0.0,3295.5329753315123,-152.15642307294843,0.0,-127.78053883563894,-32.88930518736388,-25.288903870230595,8.514089725684666,-0.0006687756302798219,-0.4260068505130753,1.789586074629088,0.062127526983345706,0.7534695044478923,0,0.0,0.0,0.0,-152.15642307294843,0.08086023319575783,1109.8055298670963,6.1364415457705555,0.0003992991252545177
88,2020-12-27 01:30:00,0.0,-10.6,91.95,0.0,0.0,0.0,0,2.5,791.016,0,0.35,0,0.638,171.841,3.58,0.0,-0.00010351113807315853,0.013360132314533677,34.60359275540574,0.03773565185976635,0.5715230641143138,0.0,0.4287031046642028,0.0,0.0,3348.499240857539,-118.50069967040369,0.0,-128.03353883563892,-0.0,-0.0,9.533422477883798,-0.0005833126485731929,-0.4260068505130753,1.7898506923504924,0.06347341712411937,0.7534695044478923,0,0.0,0.0,0.0,-118.50069967040369,0.08245526410371432,1127.7055298670964,6.136436691743028,0.00044711269097242896
89,2020-12-27 01:45:00,0.0,-10.7,92.3,0.5,0.0,0.0,0,2.5,790.772,0,0.35,0,0.638,171.589,3.58,0.0,-9.056199335287344e-05,0.013579198808282185,35.17511581952006,0.038358904928593306,0.6637578064305285,0.008102962791510468,0.4287031046642028,0.0,0.0,3401.627717793425,-137.60868310450306,0.0,-128.28553883563893,-16.747570015775135,-12.64441810891865,7.4249360877031645,-0.0005103407921705653,-0.43410981330458576,1.7900607105297304,0.06452176265578143,0.7534695044478923,0,0.0,0.0,0.0,-137.60868310450306,0.08424152105615709,1145.6055298670965,6.1364318176314905,0.00034821511732270453
90,2020-12-27 02:00:00,0.0,-10.85,92.3,0.5,0.0,0.0,0,2.5,790.528,0,0.35,0,0.638,171.211,3.58,0.0,-7.941554297972599e-05,0.01383352152683771,35.83887362595059,0.03908274114062223,0.6610055224273064,0.008104075431953434,0.43680606745571326,0.0,0.0,3454.663959986994,-137.01908800116377,0.0,-128.66353883563892,-16.9771089741338,-12.644401160524074,8.6220073362043,-0.00044752759534574663,-0.4422138887365392,1.790308908467517,0.06573929450037214,0.7534695044478923,0,0.0,0.0,0.0,-137.01908800116377,0.08563287866980097,1163.5055298670966,6.136426943411043,0.00040436405747083613
91,2020-12-27 02:15:00,0.0,-10.9,91.6,1.0,0.0,0.0,0,2.4,790.313,0,0.35,0,0.634,170.09,3.58,0.0,-6.982070778093471e-05,0.01408668362501077,36.4998791483779,0.03980357595242955,0.7493076346254567,0.016656189892805467,0.4449101428876667,0.0,0.0,3507.7029544645666,-155.30129536849415,0.0,-129.78453883563893,-34.101411910325446,-25.98420240913154,8.585048835630785,-0.00039345816053309296,-0.4588700786293447,1.7905606530201863,0.06695177782668284,0.7534695044478923,0,0.0,0.0,0.0,-155.30129536849415,0.0872487792967054,1181.4055298670967,6.136422648413337,0.00040263152822288045
92,2020-12-27 02:30:00,0.0,-10.9,91.95,0.75,0.0,0.0,0,2.45,790.098,0,0.35,0,0.636,170.592,3.58,0.0,-6.15367048000979e-05,0.014373534655632543,37.24918678300336,0.0406207053249764,0.7003060455297777,0.012326963221062623,0.4615663327804722,0.0,0.0,3560.653646829941,-145.1216629866536,0.0,-129.28253883563892,-25.56910111644783,-19.227343171087295,9.7303237410452,-0.00034677561207028965,-0.47119704185040734,1.790851547079402,0.06832623383716283,0.7534695044478923,0,0.0,0.0,0.0,-145.1216629866536,0.08885797956181653,1199.3055298670968,6.136418353330924,0.00045635391974495305
93,2020-12-27 02:45:00,0.0,-10.7,93.1,1.0,0.0,0.0,0,2.5,789.883,0,0.35,0,0.638,171.589,3.58,0.0,-5.4381280086755573e-05,0.014641499269301346,37.94949282853314,0.04138439785009066,0.7367527083496344,0.016215515361783377,0.47389329600153485,0.0,0.0,3613.6533407844113,-152.65073553322517,0.0,-128.28553883563893,-33.457484197140296,-25.28871271317835,9.092593952454791,-0.00030645290072829054,-0.48741255721219073,1.791128717819002,0.06961080616630372,0.7534695044478923,0,0.0,0.0,0.0,-152.65073553322517,0.09068214895734783,1217.2055298670969,6.136414058163733,0.0004264410002938123
94,2020-12-27 03:00:00,0.0,-10.65,93.1,0.25,0.0,0.0,0,2.5,789.668,0,0.35,0,0.638,171.715,3.58,0.0,-4.817360987672829e-05,0.01492327427941415,38.68624553688277,0.04218783591808372,0.6126609168986716,0.004054546527193125,0.49010881136331824,0.0,0.0,3666.616588076062,-126.91860792080058,0.0,-128.15953883563893,-8.323019125475817,-6.32217071067724,9.564221511350906,-0.00027147103675611873,-0.49146710373938385,1.7914258384121107,0.0709622326584877,0.7534695044478923,0,0.0,0.0,0.0,-126.91860792080058,0.09238702529482107,1235.105529867097,6.136409762911695,0.0004485652315213717
95,2020-12-27 03:15:00,0.0,-10.6,93.1,0.0,0.0,0.0,0,2.5,789.435,0,0.35,0,0.638,171.841,3.58,0.0,-4.2778381528823186e-05,0.015157482070660422,39.29890645378144,0.042855950331277474,0.5797386046582622,0.0,0.49416335789051136,0.0,0.0,3719.703927159163,-120.08158305861747,0.0,-128.03353883563892,-0.0,-0.0,7.952196844519076,-0.00024106749762152417,-0.49146710373938385,1.7916772268376016,0.07208603740930739,0.7534695044478923,0,0.0,0.0,0.0,-120.08158305861747,0.09418063005812763,1253.005529867097,6.1364051079612825,0.0003729511983515647
96,2020-12-27 03:30:00,0.0,-10.55,93.1,1.55,0.0,0.0,0,2.55,789.202,0,0.35,0,0.64,172.455,3.58,0.0,-3.806142312310469e-05,0.01537901288925213,39.8786450584397,0.04348816255009782,0.8255998449292875,0.024799299516602282,0.49416335789051136,0.0,0.0,3772.824188554505,-170.9839146115488,0.0,-127.41953883563892,-51.08802007272385,-38.658399835664376,7.523858783003021,-0.00021448618905833757,-0.5162664032559862,1.7919187104877194,0.07314945271813192,0.7534695044478923,0,0.0,0.0,0.0,-170.9839146115488,0.09567213667410297,1270.9055298670971,6.136400452911052,0.00035286055398283826
97,2020-12-27 03:45:00,0.0,-10.3,93.1,1.0,0.0,0.0,0,2.6,788.969,0,0.35,0,0.641,173.57,3.58,0.0,-3.392503462337197e-05,0.015694336688648086,40.70424490336899,0.04438848953475353,0.713609884011463,0.0157795496821548,0.5189626574071137,0.0,0.0,3825.6985887095757,-147.76164098415637,0.0,-126.30453883563894,-32.16946963317517,-24.593155768082852,10.712558661203236,-0.0001911765455144564,-0.5320459529381409,1.792268650994213,0.07466385163344741,0.7534695044478923,0,0.0,0.0,0.0,-147.76164098415637,0.0970834948014684,1288.8055298670972,6.136395797760916,0.0005024374037651871
98,2020-12-27 04:00:00,0.0,-10.05,93.5,0.75,0.0,0.0,0,2.65,788.736,0,0.35,0,0.643,174.682,3.58,0.0,-3.0312249810054835e-05,0.015966737676710228,41.41785478738045,0.0451666900625741,0.6736786454174786,0.01166932635197591,0.5347422070892685,0.0,0.0,3878.684978825564,-139.46940765956384,0.0,-125.19253883563894,-23.534540623904384,-18.184056311765115,9.257842617526741,-0.00017081754727127612,-0.5437152792901169,1.7925768441131311,0.07597282721155925,0.7534695044478923,0,0.0,0.0,0.0,-139.46940765956384,0.09909339554247472,1306.7055298670973,6.136391142510783,0.00043419859371466685
99,2020-12-27 04:15:00,0.0,-9.7,93.9,0.0,0.0,0.0,0,2.8,788.533,0,0.35,0,0.648,176.967,3.58,0.0,-2.7139274143274574e-05,0.016223766048243354,42.09153343279793,0.045901345073934494,0.5515627600711092,0.0,0.5464115334412444,0.0,0.0,3931.7113001801467,-114.16932928784838,0.0,-122.90753883563892,-0.0,-0.0,8.738362484780465,-0.00015293698992739134,-0.5437152792901169,1.7928726569061733,0.07720855686455937,0.7534695044478923,0,0.0,0.0,0.0,-114.16932928784838,0.10083065971890745,1324.6055298670974,6.136387086567501,0.0004098318093157441
100,2020-12-27 04:30:00,0.0,-9.5,94.25,0.5,0.0,0.0,0,2.8,788.33,0,0.35,0,0.648,177.485,3.58,0.0,-2.434344058570219e-05,0.016434108223130118,42.64309619286904,0.04650283118088227,0.6284167090441515,0.0074470710496153765,0.5464115334412444,0.0,0.0,3984.859737420076,-130.05969249384955,0.0,-122.38953883563892,-14.823419542801462,-11.601103533746372,7.153403066318985,-0.00013718172814788384,-0.5511623503397323,1.7931183648246085,0.07822028918344279,0.7534695044478923,0,0.0,0.0,0.0,-130.05969249384955,0.10247071236298308,1342.5055298670975,6.13638303054819,0.0003354873557978815
101,2020-12-27 04:45:00,0.0,-9.4,93.9,0.5,0.0,0.0,0,2.8,788.126,0,0.35,0,0.648,177.745,3.58,0.0,-2.1867725990056292e-05,0.016673653071941474,43.27151290191319,0.04718812748300239,0.6216767009529891,0.007448240615189693,0.5538586044908598,0.0,0.0,4037.9313207110317,-128.64439200577218,0.0,-122.12953883563893,-14.663587997218036,-11.601089360618358,8.148858057506192,-0.00012323042141143523,-0.5586105909549219,1.7934021658107093,0.07937299480516453,0.7534695044478923,0,0.0,0.0,0.0,-128.64439200577218,0.10381347715029159,1360.4055298670976,6.136378954471836,0.0003821812968755986
102,2020-12-27 05:00:00,0.0,-9.55,93.1,0.25,0.0,0.0,0,2.75,787.923,0,0.35,0,0.646,176.9,3.58,0.0,-1.9675740763344332e-05,0.016910516035366162,43.89318960286618,0.04786607372177337,0.5914076397563808,0.0037805268535926234,0.5613068451060494,0.0,0.0,4091.009644010079,-122.36134333834617,0.0,-122.97453883563892,-7.446872103776827,-5.88746637294853,8.060178479074311,-0.0001108780047340823,-0.5623911178085146,1.7936869629054581,0.08051333722090318,0.7534695044478923,0,0.0,0.0,0.0,-122.36134333834617,0.10534334082084106,1378.3055298670977,6.136374898299915,0.0003780224267012158
103,2020-12-27 05:15:00,0.0,-9.7,93.1,1.0,0.0,0.0,0,2.7,787.742,0,0.35,0,0.645,176.05,3.58,0.0,-1.773110176196257e-05,0.017135740875557443,44.48459724262256,0.04851101116970836,0.7077330896854587,0.015347719718861534,0.5650873719596421,0.0,0.0,4144.118236370323,-146.40648394440558,0.0,-123.82453883563892,-30.24840452939076,-23.897555318911337,7.666559340073568,-9.99194494758741e-05,-0.5777388375273761,1.7939616211465366,0.08159815705663494,0.7534695044478923,0,0.0,0.0,0.0,-146.40648394440558,0.10685679612196068,1396.2055298670978,6.1363712816488665,0.00035955964517370354
104,2020-12-27 05:30:00,0.0,-9.7,93.1,0.5,0.0,0.0,0,2.7,787.562,0,0.35,0,0.645,176.05,3.58,0.0,-1.6001693233115065e-05,0.017405128805159296,45.192330332308025,0.049282802979616167,0.6274408659344383,0.007675278221320491,0.5804350916785036,0.0,0.0,4197.110503280637,-129.7725662927039,0.0,-123.82453883563892,-15.120746366180835,-11.948765153087852,9.172809082890735,-9.01737748730683e-05,-0.5854141157486966,1.7942950776533917,0.08289635282294389,0.7534695044478923,0,0.0,0.0,0.0,-129.7725662927039,0.10829656220317278,1414.1055298670979,6.136367684919191,0.00043021645547497705
105,2020-12-27 05:45:00,0.0,-9.7,93.1,0.5,0.0,0.0,0,2.7,787.381,0,0.35,0,0.645,176.05,3.58,0.0,-1.4465119308310628e-05,0.017643828238130564,45.819771198242464,0.0499670351125872,0.6325678167105389,0.007676553312707825,0.5881103698998241,0.0,0.0,4250.183062414702,-130.81109581683006,0.0,-123.82453883563892,-15.117271268230096,-11.948752577029857,8.130795801813225,-8.151477428153097e-05,-0.5930906690614044,1.794595052099354,0.08404726845432595,0.7534695044478923,0,0.0,0.0,0.0,-130.81109581683006,0.11001951948099944,1432.005529867098,6.136364068147186,0.00038133757456765917
106,2020-12-27 06:00:00,0.0,-9.55,93.5,0.0,0.0,0.0,0,2.75,787.2,0,0.35,0,0.646,176.9,3.58,0.0,-1.309488777083186e-05,0.01788435616565705,46.452339014953004,0.050656858249676126,0.5551345900666577,0.0,0.5957869232125319,0.0,0.0,4303.250494597992,-114.77877843971322,0.0,-122.97453883563892,-0.0,-0.0,8.195834189082756,-7.379315705111894e-05,-0.5930906690614044,1.7949016127929722,0.08520758845847029,0.7534695044478923,0,0.0,0.0,0.0,-114.77877843971322,0.1115470074875982,1449.905529867098,6.136360451314473,0.00038438930068482573
107,2020-12-27 06:15:00,0.0,-9.4,92.4,0.5,0.0,0.0,0,2.8,787.096,0,0.35,0,0.648,177.745,3.58,0.0,-1.1871136288782188e-05,0.018095338696708558,47.00747360501966,0.05126223948202799,0.6268290578346413,0.0074555535636791,0.5957869232125319,0.0,0.0,4356.395360007925,-129.5825471878769,0.0,-122.12953883563893,-14.644424188845854,-11.601017796129613,7.19148273360153,-6.689699368669675e-05,-0.6005462226250835,1.7951740660914226,0.08622587258995902,0.7534695044478923,0,0.0,0.0,0.0,-129.5825471878769,0.11308697691873605,1467.8055298670981,6.13635837310687,0.0003372782263033646
108,2020-12-27 06:30:00,0.0,-9.3,93.9,0.75,0.0,0.0,0,2.8,786.993,0,0.35,0,0.648,178.005,3.58,0.0,-1.0774682493987033e-05,0.018333453000684376,47.6343026628543,0.051945804430593566,0.6554746762041033,0.011185263861114672,0.603242476776211,0.0,0.0,4409.46853095009,-135.48086528076132,0.0,-121.86953883563893,-21.730104672523456,-17.401515958957212,8.118838945587541,-6.071818646859759e-05,-0.6117314864861981,1.7954855461485106,0.0873756659809138,0.7534695044478923,0,0.0,0.0,0.0,-135.48086528076132,0.11443843723063665,1485.7055298670982,6.136356314862259,0.0003807792021271173
109,2020-12-27 06:45:00,0.0,-9.3,93.1,0.0,0.0,0.0,0,2.8,786.89,0,0.35,0,0.648,178.005,3.58,0.0,-9.79242585668262e-06,0.018582315545729537,48.2897773390584,0.05266060778523272,0.548654799217511,0.0,0.6144277406373256,0.0,0.0,4462.513056273886,-113.38129064123149,0.0,-121.86953883563893,-0.0,-0.0,8.488303377317889,-5.5182910445647456e-05,-0.6117314864861981,1.7958156147501985,0.0885780040684958,0.7534695044478923,0,0.0,0.0,0.0,-113.38129064123149,0.11596443580677981,1503.6055298670983,6.136354256597958,0.0003981114502271962
110,2020-12-27 07:00:00,0.0,-9.1,93.9,0.5,0.0,0.0,0,2.9,786.786,0,0.35,0,0.651,179.423,3.58,0.0,-8.911670644908139e-06,0.018790515927752653,48.83843213827591,0.05325892272440121,0.6171643964255719,0.007235787268891957,0.6144277406373256,0.0,0.0,4515.664401474668,-127.51915953197805,0.0,-120.45153883563893,-14.171465277694097,-11.253281277572341,7.103894800976783,-5.021962180938777e-05,-0.6189672737550901,1.7960953141184766,0.08958440231084137,0.7534695044478923,0,0.0,0.0,0.0,-127.51915953197805,0.11756017137468844,1521.5055298670984,6.136352178330525,0.0003331716988393171
111,2020-12-27 07:15:00,0.0,-8.8,93.9,0.5,0.112,4.784,0,3.0,786.611,0,0.35,0,0.654,181.086,3.58,0.0,-8.11901385654006e-06,0.019024597025285712,49.455596534701485,0.05393194823849671,0.5876013474797172,0.007013443837388445,0.6216635279062176,0.0,0.0,4568.7472370782425,-121.38929552159061,3.110984990663441,-118.78853883563892,-13.701225956782311,-10.905554139135592,7.989530032958271,-4.575279109687335e-05,-0.6259807175924785,1.7964136624781568,0.09071646780026534,0.7534695044478923,0,0.0,0.0,0.0,-121.38929552159061,0.11889585680907509,1539.4055298670985,6.136348681200558,0.0003747159233728189
112,2020-12-27 07:30:00,0.032,-8.6,93.9,0.5,0.224,9.568,0,3.0,786.436,0,0.35,0,0.654,181.615,3.58,0.0,-7.405746125536744e-06,0.03511735222155324,50.043197882181204,0.05457273487696969,0.5704046251744046,0.007014633651126444,0.628676971743606,0.0,0.0,4621.859635730762,-117.81660157357706,6.224313086483458,-118.25953883563892,-13.386855576169808,-10.905541978892977,7.605521485086942,-4.173333872625717e-05,-0.632995351243605,1.7967204231331755,0.09179430574891154,0.7534695044478923,0,0.0,0.0,0.0,-117.81660157357706,0.12039832702550872,1557.3055298670986,6.136345184013675,0.0003567032760088271
113,2020-12-27 07:45:00,0.067,-8.2,93.9,1.5,0.336,14.353,0,3.1,786.261,0,0.35,0,0.657,183.534,3.58,0.0,-6.7626695961193324e-06,0.05264348491260441,50.61360250735561,0.055194768274106444,0.6677594437161632,0.02037632384639522,0.6356916053947325,0.0,0.0,4674.989231105588,-137.9020409277264,9.340947337104913,-116.34053883563894,-38.28411240541243,-31.673444520180812,7.381701085652397,-3.8109432346785154e-05,-0.6533716750900002,1.7970216208933414,0.09284059972650917,0.7534695044478923,0,0.0,0.0,0.0,-137.9020409277264,0.12182882678997628,1575.2055298670987,6.136341686769835,0.00034620489038135086
114,2020-12-27 08:00:00,0.101,-7.8,94.35,1.25,0.448,19.137,0,3.2,786.086,0,0.35,0,0.66,185.444,3.58,0.0,-6.181955175043862e-06,0.06964171215919411,51.28136195107177,0.05592296832177947,0.5989715601768226,0.01642427693701074,0.6560679292411277,0.0,0.0,4728.021471661872,-123.67178168385263,12.459329666580759,-114.43053883563894,-30.340407831757776,-25.52521925257351,8.639870153916288,-3.483695294671546e-05,-0.6697959520270109,1.7973784981072958,0.09406547177980036,0.7534695044478923,0,0.0,0.0,0.0,-123.67178168385263,0.12321746159393468,1593.1055298670988,6.136338189469004,0.00040522609144291705
115,2020-12-27 08:15:00,0.132,-7.2,94.7,1.5,5.206,37.542,0,3.4,785.868,0,0.35,0,0.665,188.694,3.58,0.0,-5.657915423527705e-06,0.08505935690990911,51.880333511248594,0.056576154319791266,0.5441895834904703,0.018369984920737128,0.6724922061781384,0.0,0.0,4781.122500101696,-112.34049991831414,24.690132357847443,-111.18053883563894,-33.59851612984219,-28.543927785859232,7.748454573169848,-3.188385030380487e-05,-0.6881659369477481,1.7977025305307355,0.09516416612501825,0.7534695044478923,0,0.0,0.0,0.0,-112.34049991831414,0.1248431040997833,1611.0055298670989,6.13633383275162,0.0003634103772241799
116,2020-12-27 08:30:00,0.163,-6.8,95.1,0.75,9.965,55.946,0,3.5,785.649,0,0.35,0,0.668,190.579,3.58,0.0,-5.183749968175574e-06,0.10036854518597216,52.424523094739065,0.05716959988521163,0.3929391312998217,0.008850774927879886,0.6908621910988756,0.0,0.0,4834.278310518205,-81.10348523010828,37.01501215930583,-109.29553883563892,-15.861544537773822,-13.750368597202066,7.038615195801152,-2.9211802514823145e-05,-0.697016711875628,1.7980001377496528,0.09616237381609956,0.7534695044478923,0,0.0,0.0,0.0,-81.10348523010828,0.12630128434295448,1628.905529867099,6.136329455960109,0.0003301133281740207
117,2020-12-27 08:45:00,0.191,-6.5,94.8,0.0,14.724,74.35,0,3.6,785.43,0,0.35,0,0.67,192.18,3.58,0.0,-4.753760649733087e-06,0.11407367072296246,52.817462226038884,0.057598104935702166,0.2577493159503372,0.0,0.6997129660267555,0.0,0.0,4887.5853713869055,-53.19360167873866,49.41925347302118,-107.69453883563892,-0.0,-0.0,5.08171047257803,-2.678869894483246e-05,-0.697016711875628,1.7982169285726515,0.09688314259758647,0.7534695044478923,0,0.0,0.0,0.0,-53.19360167873866,0.12762609932908023,1646.805529867099,6.136325079079133,0.00023832314664160484
118,2020-12-27 09:00:00,0.218,-6.3,94.8,0.25,19.482,92.755,0,3.6,785.212,0,0.35,0,0.67,192.736,3.58,0.0,-4.362325111915064e-06,0.127159329843191,53.07521154198922,0.057879183797152914,0.22678795023449122,0.0028389088136642755,0.6997129660267555,0.0,0.0,4941.027622070955,-46.80015586201889,61.90100674160328,-107.13853883563894,-4.895693528562778,-4.409583525392727,3.3330943434356772,-2.4582856128681345e-05,-0.6998556206892922,1.7983599979084068,0.09735593251741977,0.7534695044478923,0,0.0,0.0,0.0,-46.80015586201889,0.1285826991346889,1664.7055298670991,6.136320722094989,0.00015630976273472072
119,2020-12-27 09:15:00,0.242,-6.0,94.8,0.5,21.966,109.244,0,3.7,784.909,0,0.35,0,0.673,194.333,3.58,0.0,-4.0048372352732145e-06,0.13870998585537025,53.30199949222371,0.058126498901007316,0.18871909472189277,0.0054543271630800435,0.7025518748404197,0.0,0.0,4994.50083412072,-38.94149606070614,72.98908730704439,-105.54153883563893,-9.321532120802273,-8.47143101492824,2.9325101570080356,-2.2568317364655936e-05,-0.7053099478523722,1.798486448002549,0.09777192996212754,0.7534695044478923,0,0.0,0.0,0.0,-38.94149606070614,0.12921018295061285,1682.6055298670992,6.1363146661392545,0.00013752257842815024
120,2020-12-27 09:30:00,0.264,-5.65,95.15,0.5,24.45,125.732,0,3.8,784.606,0,0.35,0,0.675,196.062,3.58,0.0,-3.678018512632947e-06,0.14921950780699406,53.4907185869456,0.05833229944050774,0.1262493547507034,0.0052307446604168695,0.7080062020034997,0.0,0.0,5048.012115025998,-26.049563398757826,84.09727102782266,-103.81253883563892,-8.774387577866598,-8.123694978473864,2.44011271353243,-2.0726607397445784e-05,-0.7105406925127891,1.7985920762429568,0.09811809765353575,0.7534695044478923,0,0.0,0.0,0.0,-26.049563398757826,0.1297622921497935,1700.5055298670993,6.136308610011781,0.00011442985279594203
121,2020-12-27 09:45:00,0.284,-5.2,94.8,0.5,26.935,142.221,0,3.9,784.303,0,0.35,0,0.678,198.071,3.58,0.0,-3.37891153555276e-06,0.15869480167222977,53.6169679416963,0.058469975945143186,0.06311184031331103,0.0050070390948715035,0.7132369466639166,0.0,0.0,5101.585865671248,-13.02161989606434,95.22203891397699,-101.80353883563893,-8.07242392771991,-7.775958941421634,1.6323229943779625,-1.904106044805322e-05,-0.7155477316076606,1.798662944386727,0.09834967701618706,0.7534695044478923,0,0.0,0.0,0.0,-13.02161989606434,0.13022172373841748,1718.4055298670994,6.13630255371237,7.654682040134141e-05
122,2020-12-27 10:00:00,0.301,-4.7,95.2,0.0,29.419,158.71,0,4.15,784.0,0,0.35,0,0.683,201.279,0.0,0.0,-3.1047650091976318e-06,0.16668410653986815,53.680079782009614,0.058538800198483766,0.0,0.0,0.7182439857587881,0.03757880586907498,-0.0,5155.222753830934,7.753335492881481,106.34889182469266,-98.59553883563893,-0.0,-0.0,0.0,-1.7496172242183735e-05,-0.7155477316076606,1.7986984328364517,0.09846544315047241,0.7534695044478923,0,0.0,0.0,8.881784197001252e-16,7.75333549288148,0.13052907441589578,1736.3055298670995,6.136296497240816,3.826411921998284e-05
123,2020-12-27 10:15:00,0.316,-4.3,96.3,0.5,29.051,170.901,0,4.3,783.724,0,0.35,0,0.687,203.468,0.0,0.0,-2.853152442438419e-06,0.17365616967052536,53.64250097614054,0.05849782003941171,0.0,0.00411272592027813,0.7182439857587881,0.02377024766296067,-0.0,5155.222753830934,11.287924877686692,114.364825500314,-96.40653883563894,-6.670345711270914,-6.385058785382067,0.0,-1.6075717449708012e-05,-0.6820816516588637,1.7992339287898167,0.09836528629857806,0.7535890891646373,0,0.0,0.0,0.0,4.902866092304625,0.13052907441589578,1736.3055298670995,6.1362909803048655,-2.2783229430756808e-05
124,2020-12-27 10:30:00,0.329,-3.75,95.6,0.0,28.683,183.091,0,4.45,783.449,0,0.35,0,0.69,206.085,0.0,0.0,-2.621736615565035e-06,0.1796842953508446,53.61873072847758,0.05847189828623509,0.0,0.0,0.7223567116790662,0.1384713206770654,-0.0,5155.222753830934,28.569621408649923,122.35917501830639,-93.78953883563892,-0.0,-0.0,0.0,-1.4774017542479758e-05,-0.658311403995903,1.7987023677510154,0.0983507548317698,0.7534777617314713,0,0.0,0.0,0.0,28.569621408649923,0.13052907441589578,1736.3055298670995,6.136285483215448,-1.4407105580793145e-05
125,2020-12-27 10:45:00,0.338,-3.3,94.9,0.5,28.315,195.282,0,4.5,783.174,0,0.35,0,0.691,207.747,0.0,0.0,-2.409027811115069e-06,0.18383988563689543,53.48025940780052,0.05832089357448257,0.0,0.0036573698233263764,0.7223567116790662,0.13249708174069605,-0.0,5155.222753830934,33.07376466169037,130.31682713517566,-92.12753883563892,-5.1155100507797195,-5.689590599696766,0.0,-1.358706665307049e-05,-0.5234974531421641,1.7956042461771329,0.09826601765667523,0.7528285793521908,0,0.0,0.0,0.0,27.384174061993605,0.13052907441589578,1736.3055298670995,6.136279985983771,-8.395202811754331e-05
126,2020-12-27 11:00:00,0.345,-3.1,94.9,0.5,27.947,207.472,0,4.6,782.898,0,0.35,0,0.693,208.997,0.0,0.0,-2.2132394353964117e-06,0.18706173364605944,53.34776232605982,0.05817640384521246,0.0,0.0034281662387070245,0.7260140815023927,0.1798461602106312,-0.0,5155.222753830934,42.57354231728174,138.25487927563418,-90.87753883563892,-4.803785629579726,-5.341856436600911,0.0,-1.249313379753493e-05,-0.39442853764017505,1.7926372863890785,0.0981847993539585,0.7522063555060465,0,0.0,0.0,-7.105427357601002e-15,37.231685880680836,0.13052907441589578,1736.3055298670995,6.136274468618973,-8.046858297296653e-05
127,2020-12-27 11:15:00,0.349,-2.8,94.9,0.5,30.287,210.256,0,4.7,782.458,0,0.35,0,0.695,210.54,0.0,0.0,-2.0330656148010107e-06,0.1888986844172989,53.16791616584919,0.05798027935207109,0.0,0.003197791390543714,0.7294422477410997,0.2010737819720936,-0.0,5155.222753830934,46.71414844808053,140.38516339571538,-89.33453883563894,-4.33646462296911,-4.994110872865728,0.0,-1.1489026804754791e-05,-0.21778016882008755,1.7886061226202712,0.09807434149084762,0.7513601236331464,0,0.0,0.0,0.0,41.7200375752148,0.13052907441589578,1736.3055298670995,6.136265672523021,-0.00010940556387534445
128,2020-12-27 11:30:00,0.35,-2.65,94.2,0.25,32.627,213.04,0,4.75,782.017,0,0.35,0,0.696,211.31,0.0,0.0,-1.8671862378116575e-06,0.1893574510110611,52.9668423838771,0.057761005871185496,0.0,0.0015393310240253693,0.7326400391316434,0.23780583101442573,-0.0,5155.222753830934,51.876337768601765,142.49180761018962,-88.56453883563893,-2.050920440985366,-2.4101113637694795,0.0,-1.0564963569164792e-05,-0.018245717872019312,1.7840937664055048,0.09795055072743668,0.7504117466990043,0,0.0,0.0,0.0,49.466226404832284,0.13052907441589578,1736.3055298670995,6.136256856069128,-0.00012259461606022411
129,2020-12-27 11:45:00,0.348,-2.6,93.5,0.5,34.968,215.825,0,4.7,781.576,0,0.35,0,0.695,211.141,0.0,0.0,-1.7144557723397603e-06,0.188439728924868,52.729036552862674,0.05750167563016649,0.0,0.0031801303991033864,0.7341793701556688,0.22440792835779957,-0.0,5155.222753830934,51.813607570033426,144.56933428667912,-88.73353883563894,-4.022178165665321,-4.994049559325145,0.0,-9.71534143385554e-06,0.21637998274330303,1.7787497185675756,0.09780374089819005,0.7492870177456766,0,0.0,0.0,0.0,46.81955801070828,0.13052907441589578,1736.3055298670995,6.136248039247381,-0.00014535684497204843
130,2020-12-27 12:00:00,0.344,-2.5,93.15,0.5,37.308,218.609,0,4.75,781.136,0,0.35,0,0.696,211.762,0.0,0.0,-1.573796892282805e-06,0.18660202715039045,52.504628624504875,0.05725695597001622,0.0,0.00306068643135299,0.7373595005547722,0.2381253971891622,-0.0,5155.222753830934,54.64313696241213,146.62098647880242,-88.11253883563893,-3.8653017497967936,-4.820161480960343,0.0,-8.930954571061814e-06,0.4377272246697496,1.7736993802697232,0.0976647969310909,0.7482225501722957,0,0.0,0.0,0.0,49.822975481451785,0.13052907441589578,1736.3055298670995,6.136239242051205,-0.0001375795917749151
131,2020-12-27 12:15:00,0.336,-2.3,92.8,1.0,34.572,214.235,0,4.8,780.809,0,0.35,0,0.697,212.684,0.0,0.0,-1.4443104249552746e-06,0.18291769616703402,52.26650322731571,0.056997277238076016,0.0,0.0058826992369665244,0.7404201869861252,0.1895073031296298,-0.0,5155.222753830934,49.06351491902201,143.36323988472637,-87.19053883563893,-7.109177921490029,-9.292562515245605,0.0,-8.20857539138601e-06,0.6699699226219453,1.7683324531456057,0.09751692605728883,0.7470896924203827,0,0.0,0.0,0.0,39.770952403776406,0.13052907441589578,1736.3055298670995,6.136232703896988,-0.0001464051545762562
132,2020-12-27 12:30:00,0.326,-2.15,92.1,1.0,31.836,209.861,0,4.8,780.482,0,0.35,0,0.697,213.139,0.0,0.0,-1.3251169882284709e-06,0.1782958476368718,52.07699592418608,0.05679061714742212,0.0,0.005868442298268473,0.7463028862230917,0.1779136714340306,-0.0,5155.222753830934,46.7208981609593,140.09919729348883,-86.73553883563892,-6.642752756613482,-9.292517045549518,0.0,-7.540277125192336e-06,0.8536087834533067,1.7640554659350878,0.09739892473274706,0.7461856691208242,0,0.0,0.0,0.0,37.428381115409785,0.13052907441589578,1736.3055298670995,6.136226165539582,-0.0001168672159391101
133,2020-12-27 12:45:00,0.313,-2.0,92.2,1.0,29.1,205.487,0,4.9,780.156,0,0.35,0,0.699,214.225,0.0,0.0,-1.215494993870643e-06,0.17226085885732742,51.899082252752045,0.056596600057526765,0.0,0.005416860831792787,0.7521713285213601,0.1726383823903879,-0.0,5155.222753830934,44.99859453298958,136.82486414528634,-85.64953883563894,-6.176723852265351,-8.597041756712047,0.0,-6.924392473385725e-06,1.0261055940555446,1.760035411211197,0.09728788164425262,0.7453349537611134,0,0.0,0.0,0.0,36.40155277627753,0.13052907441589578,1736.3055298670995,6.136219646974636,-0.00010998355416931288
134,2020-12-27 13:00:00,0.297,-1.9,90.8,1.25,26.364,201.113,0,4.85,779.829,0,0.35,0,0.698,214.215,0.0,0.0,-1.1147119473730017e-06,0.16479332452470868,51.726443870361656,0.05640833573649036,0.0,0.007029270835709209,0.757588189353153,0.13900614132850178,-0.0,5155.222753830934,40.55611690147921,133.54744728505014,-85.65953883563893,-7.331785190620249,-11.18088907822611,0.0,-6.357311751442343e-06,1.1917147056102233,1.7561301607626332,0.09717988821161692,0.7445076022065349,0,0.0,0.0,0.0,29.3752278232531,0.13052907441589578,1736.3055298670995,6.136213108210701,-0.00010696621206436565
135,2020-12-27 13:15:00,0.279,-1.0,86.9,2.1,23.687,189.128,0,4.9,779.67,0,0.35,0,0.699,217.288,0.0,0.0,-1.0220798137230452e-06,0.1563420183515517,51.587437729033155,0.05625674779611031,0.0,0.01132973481741755,0.7646174601888622,0.08605756443142369,-0.0,5155.222753830934,36.27226318263882,125.34032770265058,-82.58653883563892,-6.481519850120376,-18.053645763685363,0.0,-5.834252472669279e-06,1.3193911121213076,1.752982546438272,0.09709275856662504,0.7438400908081604,0,0.0,0.0,0.0,18.218617418953453,0.13052907441589578,1736.3055298670995,6.136209928738043,-8.631930808261706e-05
136,2020-12-27 13:30:00,0.259,1.0,76.55,5.4,21.01,177.143,0,5.05,779.51,0,0.35,0,0.701,224.477,0.0,0.0,-9.369928684293927e-07,0.14689238929714454,51.501380164601734,0.056162900942859036,0.0,0.02557002062577241,0.7759471950062797,0.08315729806284394,-0.0,5155.222753830934,58.41478678544846,117.14898591443647,-75.39753883563893,16.663345058186163,-40.790557733042185,0.0,-5.351535245512761e-06,1.3798786559269587,1.7510324672548663,0.0970387388464209,0.7434262387951444,0,0.0,0.0,-3.552713678800501e-15,17.62422905240628,0.13052907441589578,1736.3055298670995,6.136206729219994,-5.3535532023384334e-05
137,2020-12-27 13:45:00,0.236,1.8,67.3,6.7,18.334,165.158,0,4.7,779.351,0,0.35,0,0.693,224.697,0.0,0.0,-8.589024409729009e-07,0.1359529148101454,51.41822286653889,0.056072216866454624,0.0,0.041903254804649646,0.8015172156320521,0.01925061214176888,-0.0,5155.222753830934,71.00253383728102,108.97286448108397,-75.17753883563893,37.20721310000914,-66.9181911552617,0.0,-4.9081731660270095e-06,1.421132699185153,1.7491470764565717,0.09698648247087283,0.7430258959919649,0,0.0,0.0,0.0,4.084342682019326,0.13052907441589578,1736.3055298670995,6.136203549650499,-5.1788917738674185e-05
138,2020-12-27 14:00:00,0.211,2.1,63.8,6.95,15.657,153.173,0,4.55,779.192,0,0.35,0,0.69,224.601,0.0,0.0,-7.872430320012931e-07,0.12398080474187886,51.39897225439712,0.05605122383249413,0.0,0.047994491272367594,0.8434204704367018,0.0,-0.5705515631801256,5155.222753830934,70.56961133036853,100.82420884889834,-75.27353883563893,45.01894581634824,-76.66484220739997,0.0,-4.4992391096247354e-06,1.3923888200545542,1.7487104705022107,0.0969743772799848,0.7429331565701756,0,0.0,0.0,-6.09523087703144,0.0,0.13052907441589578,1736.3055298670995,6.136200370032696,-1.2001868935468407e-05
139,2020-12-27 14:15:00,0.184,1.9,59.2,8.2,11.82,133.99,0,4.1,778.946,0,0.35,0,0.68,220.665,0.0,-0.5705515631801256,-7.21545867109012e-07,0.11096412111916387,51.39897225439712,0.05605122383249413,-0.055269081120395545,0.055269081120395545,0.8914149617090693,0.0,-2.157685689714895,5155.222753830934,76.9635690381056,87.94603734255855,-76.71188457202814,62.468612987825175,-100.01423314561431,0.0,3.260803279750018,1.3923888200545542,1.7487104705022107,0.0969743772799848,0.7429331565701756,0,0.0,0.0,-23.05066410750871,0.0,0.13052907441589578,1736.3055298670995,5.853858542000019,0.0
140,2020-12-27 14:30:00,0.155,2.2,53.95,8.2,7.983,114.806,0,3.85,778.701,0,0.35,0,0.674,219.612,0.0,-2.7282372528950205,-0.04761444589600411,0.0968934035509287,51.34370317327673,0.05599095220640865,-0.03274553537612385,0.03274553537612385,0.9466840428294648,0.2736735173388258,2.7282372528950205,5155.222753830934,146.56495059932658,75.12667502635558,-68.4601880807754,124.57271475065332,-59.29842493101752,0.0,15.325748903093054,1.3923888200545542,1.7474566587877842,0.0969396061116176,0.7426667701844389,0,0.0,0.0,29.145894984540163,58.120630683768894,0.13052907441589578,1736.3055298670995,4.88986248578233,-3.446632653156241e-05
141,2020-12-27 14:45:00,0.125,1.7,63.8,8.2,4.146,95.622,0,4.4,778.456,0,0.35,0,0.687,222.277,0.0,0.0,-0.2714788321182272,0.08225188794213284,51.03728412056178,0.05565679838665406,0.0,0.06168988633805598,0.9794295782055886,0.0,-6.816898274436203,5155.222753830934,26.181166903084847,62.375960612815256,-77.59753883563894,42.9579532422738,-99.00643201380052,0.0,-1.5552081163652678,1.6043724510553241,1.740497181169165,0.0967463761174967,0.7411864103873165,0,0.0,0.0,-72.82526511071568,0.0,0.13052907441589578,1736.3055298670995,6.136185651171616,-0.00019122295141007
142,2020-12-27 15:00:00,0.093,1.25,56.85,9.3,0.309,76.439,0,3.8,778.21,0,0.35,0,0.673,216.299,0.0,-6.816898274436203,-0.24871641584272625,0.06655300757177339,51.03728412056178,0.05565679838665406,0.0,0.0,1.0411194645436446,1.0015621006415574,6.816898274436203,5155.222753830934,263.7009516330424,49.698717171570785,-54.74223117470078,231.11762874231405,22.678709334945754,0.0,37.62683689385833,1.6043724510553241,1.740497181169165,0.0967463761174967,0.7411864103873165,0,0.01247366808392736,0.0,72.82526511071566,213.5543958572725,0.13052907441589578,1736.3055298670995,3.449343420938098,0.0
143,2020-12-27 15:15:00,0.059,1.5,53.1,8.2,0.232,59.994,0,3.6,777.934,0,0.35,0,0.668,215.39,0.0,0.0,-0.7994322431945573,0.04979864927916556,50.04819568800415,0.054578185046896564,-0.07851565572073914,0.07851565572073914,1.0411194645436446,0.0,-14.681009079880248,5155.222753830934,-12.21191220548592,39.0036096363113,-84.48453883563894,37.87865950364079,-144.62604184532879,0.0,-4.609642509799069,2.6059345516968815,1.717937014504767,0.09611732215574804,0.7363671472111727,0,0.0,0.0,-156.83795405081472,0.0,0.13052907441589578,1736.3180035351834,6.136175211349956,-0.00061971564873949
144,2020-12-27 15:30:00,0.024,1.3,53.1,8.5,0.154,43.549,0,3.6,777.658,0,0.35,0,0.668,214.786,0.0,-14.681009079880248,-0.7315228051160305,0.032491588538881885,49.969680032283414,0.05449256273967657,0.0,0.0,1.1196351202643837,2.1099748717280127,14.681009079880248,5155.222753830934,501.32952060734283,28.310102408012742,-25.632876291318553,418.17542301647285,111.78543044385331,0.0,80.47687147417577,2.6059345516968815,1.716139810271549,0.09606703286729014,0.7359818745147796,0,0.06062341455538417,0.0,156.8379540508147,456.27699700038147,0.13052907441589578,1736.3180035351834,1.7089070174863394,-4.98401900052672e-05
145,2020-12-27 15:45:00,0.0,1.4,52.7,8.2,0.077,27.105,0,3.6,777.383,0,0.35,0,0.668,215.088,0.0,0.0,-1.9177319322338287,0.02059960223099583,47.92032857511079,0.052257719274929976,-0.07627378230621022,0.07627378230621022,1.1196351202643837,0.0,-17.568346634483664,5155.222753830934,-43.05811210817398,17.61928101009166,-84.78653883563894,35.32837519659878,-144.62541340534673,0.0,-11.219229479225492,4.715909423424894,1.6688916629000197,0.09473536152941162,0.7257797693988304,0,0.0,0.0,-187.68352551352072,0.0,0.13052907441589578,1736.3786269497389,6.136164190970196,-0.0013022502312285216
146,2020-12-27 16:00:00,0.0,1.1,56.65,7.95,0.0,10.66,0,3.75,777.107,0,0.35,0,0.672,215.435,0.0,-17.568346634483664,-1.7500387261081378,0.020599602230995835,47.84405479280458,0.05217454175878362,0.0,0.0,1.195908902570594,2.19710381615827,17.568346634483664,5155.222753830934,541.662432267813,6.929,-14.419745672812837,456.56282082921575,135.10975629346635,0.0,92.59035711141004,4.715909423424894,1.6671202995382837,0.09468507207549479,0.7253944954348353,0,0.07117970352677574,0.0,187.6835255135207,489.08866304775864,0.13052907441589578,1736.3786269497389,1.3061970356957424,-4.983997343591556e-05
147,2020-12-27 16:15:00,0.0,1.4,48.0,6.7,0.0,7.995,0,3.2,776.707,0,0.35,0,0.656,211.499,0.0,0.0,-3.1347167471292163,0.02059960223099583,45.71813068017308,0.049856194852969556,-0.06992239945128566,0.06992239945128566,1.195908902570594,0.0,-19.63607934820002,5155.222753830934,-72.96677954667828,5.196750000000001,-88.37553883563893,28.840766235393524,-136.80643793410994,0.0,-18.628756946432862,6.913013239583164,1.6173621053741218,0.09326134531779771,0.7144871419270585,0,0.0,0.0,-209.77321748078822,0.0,0.13052907441589578,1736.4498066532656,6.136150669705606,-0.001390629642297642
148,2020-12-27 16:30:00,0.0,1.75,48.55,7.95,0.0,5.33,0,3.4,776.308,0,0.35,0,0.662,214.39,0.0,-19.63607934820002,-2.851872888015596,0.02059960223099584,45.648208280721796,0.049779943599478516,0.0,0.0,1.2658313020218797,2.3357136187680547,19.63607934820002,5155.222753830934,617.6345058302302,3.4645,-8.11615080370592,522.4913452571772,128.62600407932072,0.0,99.79481137675899,6.913013239583164,1.615712596610042,0.09321377568289238,0.7141227048457554,0,0.06567429407946483,0.0,209.77321748078828,536.4872924287627,0.13052907441589578,1736.4498066532656,1.073472155682837,-4.714544333496921e-05
149,2020-12-27 16:45:00,0.0,1.7,48.1,7.7,0.0,2.665,0,3.3,775.908,0,0.35,0,0.659,213.328,0.0,0.0,-4.3678492012877825,0.02059960223099583,43.37816895603321,0.047304437247582556,-0.07494958977122682,0.07494958977122682,1.2658313020218797,0.0,-20.864163997968117,5155.222753830934,-71.02326443787874,1.73225,-86.54653883563893,40.20653184138446,-151.86964276061457,0.0,-26.415507443624264,9.248726858351219,1.5616933618445095,0.09164228860641667,0.7020833405622963,0,0.0,0.0,-222.8929071984933,0.0,0.13052907441589578,1736.515480947345,6.136134687073159,-0.0015321452324441006
150,2020-12-27 17:00:00,0.0,1.4,57.3,10.55,0.0,0.0,0,3.85,775.508,0,0.35,0,0.674,217.161,0.0,-20.864163997968117,-3.9596918854694882,0.02059960223099583,43.30321936626198,0.04722270378000216,0.0,0.0,1.3407808917931066,3.412696006753797,20.864163997968117,5155.222753830934,822.3214833547818,0.0,-1.064877608002547,721.0939820213629,212.47879565579117,0.0,102.29237894142143,9.248726858351219,1.5598939619481489,0.09158947777419824,0.7016787499953688,0,0.10474015145608669,0.0,222.8929071984934,811.9073718120795,0.13052907441589578,1736.515480947345,0.95392541939439,-5.2336437854781534e-05
151,2020-12-27 17:15:00,0.0,1.1,55.9,11.8,0.0,0.0,0,3.7,775.314,0,0.35,0,0.67,215.023,0.0,0.0,-5.541166589620988,0.02059960223099584,39.995263510964264,0.043615336435075536,-0.09345971068777482,0.09345971068777482,1.3407808917931066,0.0,-26.14929230750417,5155.222753830934,-79.44416955565993,0.0,-84.85153883563893,39.83814018529785,-199.91002763002254,0.0,-34.430770905318845,12.661422865105017,1.4794058395742955,0.08919524619714532,0.6833362344465008,0,0.0,0.0,-279.35419718568244,0.0,0.13052907441589578,1736.620221098801,6.136122804315168,-0.0023125721574185623
152,2020-12-27 17:30:00,0.0,0.75,62.65,13.15,0.0,0.0,0,4.05,775.119,0,0.35,0,0.679,216.747,0.0,-26.14929230750417,-4.99456663440519,0.020599602230995835,39.90180380027649,0.04351341744850217,0.0,0.0,1.4342406024808814,5.064424653495685,26.14929230750417,5155.222753830934,1233.1709228517352,0.0,16.24091186691402,1085.379779842954,318.58455857526917,0.0,131.55023114186736,12.661422865105017,1.4771002541214278,0.0891257157674211,0.6828035528961615,0,0.0,0.14870898847880046,279.3541971856823,1272.401284241322,0.13052907441589578,1736.620221098801,0.5662612865669181,-6.88918374167643e-05
153,2020-12-27 17:45:00,0.0,1.1,53.8,12.9,0.0,0.0,0,3.6,774.925,0,0.35,0,0.668,214.183,0.0,0.0,-7.084599611102107,0.020599602230995835,34.837379146780805,0.03799059885145126,-0.09701223564893678,0.09701223564893678,1.4342406024808814,0.0,-29.558227464555763,5155.222753830934,-88.25596544363061,0.0,-85.69153883563894,43.53001374466477,-227.51605647159187,0.0,-46.09444035265645,17.874556507079504,1.3493106152740681,0.0851832121591845,0.6525995265068003,0,0.0,0.0,-315.77202191522247,0.0,0.13052907441589578,1736.7689300872798,6.136115022138009,-0.0037389598855196576
154,2020-12-27 18:00:00,0.0,1.7,48.9,11.55,0.0,0.0,0,3.35,774.73,0,0.35,0,0.661,213.786,0.0,-29.558227464555763,-6.318369724838648,0.02059960223099583,34.740366911131865,0.03788480579185591,0.0,0.0,1.531252838129818,4.369151810899331,29.558227464555763,5155.222753830934,1282.7119329836514,0.0,24.12185557984529,1107.2442708635544,236.97706434065503,0.0,151.3458065402516,17.874556507079504,1.3468044859198183,0.08510406827468456,0.6519931950449854,0,0.10085870645459735,0.0,315.77202191522247,1203.916975409084,0.13052907441589578,1736.7689300872798,0.3996676842929069,-7.840526739935454e-05
155,2020-12-27 18:15:00,0.0,1.8,41.8,10.8,0.0,0.0,0,2.9,774.458,0,0.35,0,0.647,209.72,0.0,0.0,-8.836537282053651,0.02059960223099583,30.472073806687128,0.03323017863324659,-0.09478770282092902,0.09478770282092902,1.531252838129818,0.0,-31.23869405718244,5155.222753830934,-90.67216862785367,0.0,-90.15453883563893,59.59926003959136,-243.05236191972915,0.0,-60.11688983180609,22.243708317978836,1.2340979417941305,0.08146533697204199,0.6241164072953939,0,0.0,0.0,-333.72453054758284,0.0,0.13052907441589578,1736.8697887937344,6.13610567913573,-0.003456052609915659
156,2020-12-27 18:30:00,0.0,1.65,43.75,8.75,0.0,0.0,0,3.0,774.186,0,0.35,0,0.65,210.295,0.0,-31.23869405718244,-7.791604872255256,0.020599602230995828,30.377286103866197,0.03312681145459782,0.0,0.0,1.626040540950747,2.97294334150565,31.23869405718244,5155.222753830934,1067.44771253524,0.0,25.810689417299386,881.9556205173288,162.14268189111914,0.0,159.68140260061193,22.243708317978836,1.231537388822567,0.08138077941106385,0.6234686009629233,0,0.06310263257218725,0.0,333.72453054758284,895.8658638787763,0.13052907441589578,1736.8697887937344,0.335376189167921,-8.375929911891956e-05
157,2020-12-27 18:45:00,0.0,1.4,41.0,8.7,0.0,0.0,0,2.8,773.914,0,0.35,0,0.644,207.503,0.0,0.0,-10.570019440341536,0.020599602230995835,27.46744539493273,0.029953593669501344,-0.07345263069176355,0.07345263069176355,1.626040540950747,0.0,-31.015489883741882,5155.222753830934,-129.49826665332805,0.0,-92.37153883563894,37.31528201554395,-201.8417625491807,0.0,-74.44200983323304,25.216651659484487,1.1515791686853964,0.07869460219648704,0.6028894523970028,0,0.0,0.0,-331.34002920250873,0.0,0.13052907441589578,1736.9328914263067,6.136094795102861,-0.0025766313015719976
158,2020-12-27 19:00:00,0.0,1.35,43.5,9.5,0.0,0.0,0,2.95,773.642,0,0.35,0,0.649,208.909,0.0,-31.015489883741882,-9.230534919284363,0.020599602230995828,27.393992764240966,0.029873492654570302,0.0,0.0,1.6994931716425106,2.9731094711667376,31.015489883741882,5155.222753830934,1118.9625084051818,0.0,23.742874352492123,941.6566245535514,172.2119993952854,0.0,153.5630094991383,25.216651659484487,1.1495252399260945,0.0786243919814104,0.6023515629237891,0,0.06255822890825706,0.0,331.34002920250873,959.8344785979584,0.13052907441589578,1736.9328914263067,0.34332786761981365,-6.955754073120344e-05
159,2020-12-27 19:15:00,0.0,1.4,38.8,8.2,0.0,0.0,0,2.6,773.434,0,0.35,0,0.637,205.318,0.0,0.0,-11.996163587773292,0.020599602230995835,24.48344152198249,0.02669950002397218,-0.06796558942579904,0.06796558942579904,1.6994931716425106,0.0,-32.65372846634818,5155.222753830934,-147.19524902063978,0.0,-94.55653883563892,35.14891185143768,-201.64616487178122,0.0,-87.78762203643855,28.189761130651224,1.0665877628201776,0.07573494991981924,0.5802151762641801,0,0.0,0.0,-348.841413892421,0.0,0.13052907441589578,1736.995449655215,6.136085191064887,-0.0027611334839435
160,2020-12-27 19:30:00,0.0,1.1,45.0,10.05,0.0,0.0,0,2.95,773.226,0,0.35,0,0.649,208.176,0.0,-32.65372846634818,-10.35481246619471,0.02059960223099583,24.41547593255669,0.026625382696354078,0.0,0.0,1.7674587610683097,3.0603510945825114,32.65372846634818,5155.222753830934,1229.6480140399312,0.0,27.97044893450473,1038.3433835852456,185.99451410566957,0.0,163.33418152018086,28.189761130651224,1.0646129629286103,0.07566480535744402,0.5796777897647422,0,0.06257407081301043,0.0,348.84141389242086,1066.80111425318,0.13052907441589578,1736.995449655215,0.28878061393595994,-6.949013499097997e-05
161,2020-12-27 19:45:00,0.0,0.9,42.2,8.2,0.0,0.0,0,2.8,773.018,0,0.35,0,0.644,206.049,0.0,0.0,-13.411476557538013,0.02059960223099583,21.417698908787187,0.023356269257128887,-0.05865017512471307,0.05865017512471307,1.7674587610683097,0.0,-34.08231587210718,5155.222753830934,-173.86244566746717,0.0,-93.82553883563892,22.58357568548391,-190.24063891004752,0.0,-102.62048251731217,31.250112225233735,0.9755813579182101,0.07243188551646879,0.554909975732181,0,0.0,0.0,-364.10308457751466,0.0,0.13052907441589578,1737.058023726028,6.136076867200966,-0.0030707060246874043
162,2020-12-27 20:00:00,0.0,0.5,44.65,9.8,0.0,0.0,0,2.85,772.81,0,0.35,0,0.646,205.41,0.0,-34.08231587210718,-11.4053015520867,0.02059960223099583,21.359048733662473,0.02329231050562974,0.0,0.0,1.8261089361930227,2.763539953581697,34.08231587210718,5155.222753830934,1239.9355011076823,0.0,29.448250322076944,1036.8110543820662,177.34162717336565,0.0,173.67619640353908,31.250112225233735,0.9737995243095368,0.07236570930710044,0.5544029912946948,0,0.05457362112483582,0.0,364.10308457751466,1053.1740437035332,0.13052907441589578,1737.058023726028,0.2478566455307365,-6.555962860506397e-05
163,2020-12-27 20:15:00,0.0,0.1,47.6,10.8,0.0,0.0,0,2.9,772.703,0,0.35,0,0.648,204.762,0.0,0.0,-14.803682260170909,0.020599602230995835,18.65008240120561,0.02033814874722531,-0.06832816873106878,0.06832816873106878,1.8261089361930227,0.0,-42.4484290966465,5155.222753830934,-210.42896591013633,0.0,-95.11253883563893,3.303566783362785,-243.04972455079312,0.0,-118.61999385786018,34.013652178815434,0.8896150544491027,0.0691670265585092,0.5298974720231837,0,0.0,0.0,-453.47869046092944,0.0,0.13052907441589578,1737.1125973471528,6.136070564049727,-0.003033644692421727
164,2020-12-27 20:30:00,0.0,-0.4,57.1,12.35,0.0,0.0,0,3.4,772.596,0,0.35,0,0.663,207.994,0.0,-42.4484290966465,-12.375264810860298,0.020599602230995828,18.58175423247454,0.020263636022327745,0.0,0.0,1.8944371049240916,4.10124904404381,42.4484290966465,5155.222753830934,1884.9068050430258,0.0,55.400167528665975,1588.2392527040638,283.6372299655296,0.0,241.2673848102962,34.013652178815434,0.8874408747848238,0.06908245428439438,0.5292495529714838,0,0.07954359000489412,0.0,453.47869046092956,1715.065344547626,0.13052907441589578,1737.1125973471528,0.09749956827431053,-8.37583902440917e-05
165,2020-12-27 20:45:00,0.0,-0.6,62.8,12.9,0.0,0.0,0,3.7,772.489,0,0.35,0,0.671,209.927,0.0,0.0,-17.320596347252053,0.02059960223099583,14.560048778435627,0.015877915788915623,0.0,0.0590109965202596,1.8944371049240916,0.0,-45.20094132183344,5155.222753830934,-264.34327867768116,0.0,-89.94753883563894,-23.66900500348879,-218.54063751053164,0.0,-150.72673483855343,38.05589022633899,0.7542642205631657,0.06368832068963261,0.4879244028553126,0,0.0,0.0,-482.88391618821277,0.0,0.13052907441589578,1737.1921409371578,6.136066281797921,-0.004941985835930219
166,2020-12-27 21:00:00,0.0,-0.6,58.85,13.65,0.0,0.0,0,3.4,772.382,0,0.35,0,0.663,207.406,0.0,-45.20094132183344,-13.96943724537918,0.02059960223099583,14.560048778435627,0.015877915788915623,0.0,0.0,1.9534481014443512,4.122562995849645,45.20094132183344,5155.222753830934,2195.215002003038,0.0,61.96528994993636,1861.4679246848068,316.04158825024257,0.0,271.7817873682949,38.05589022633899,0.7542642205631657,0.06368832068963261,0.4879244028553126,0,0.0753303988779504,0.0,482.88391618821265,2028.372674065068,0.13052907441589578,1737.1921409371578,0.07065968577029458,0.0
167,2020-12-27 21:15:00,0.0,-0.5,55.1,12.9,0.0,0.0,0,3.2,772.114,0,0.35,0,0.657,205.909,0.0,0.0,-20.012054777286174,0.020599602230995835,10.512816181463933,0.011464357886002108,-0.0505286904175762,0.0505286904175762,1.9534481014443512,0.0,-53.467304538481585,5155.222753830934,-307.79869122864005,0.0,-93.96553883563894,-19.714595859686177,-263.39519652118565,0.0,-194.11855653331494,42.17845322218864,0.6070544785507939,0.057136269060989404,0.4377282939963249,0,0.0,0.0,-571.1938877498258,0.0,0.13052907441589578,1737.2674713360357,6.136058777635239,-0.005851474566323942
168,2020-12-27 21:30:00,0.0,-0.45,49.4,12.05,0.0,0.0,0,2.9,771.845,0,0.35,0,0.648,203.177,0.0,-53.467304538481585,-15.201227896812657,0.02059960223099583,10.462287491046357,0.01140925571542678,0.0,0.0,2.0039767918619273,3.377122629157105,53.467304538481585,5155.222753830934,2401.5016101065066,0.0,77.71327769394483,1952.0076836399126,240.87334779609756,0.0,371.78064877264916,42.17845322218864,0.6051077567894741,0.05704458228636093,0.4370258698426353,0,0.04606000633417861,0.0,571.193887749826,2071.1810701527784,0.13052907441589578,1737.2674713360357,0.025592700076063363,-9.076972911372388e-05
169,2020-12-27 21:45:00,0.0,-0.5,49.8,11.8,0.0,0.0,0,2.9,771.577,0,0.35,0,0.648,203.034,0.0,0.0,-24.429851436280117,0.02059960223099583,7.1312248682234305,0.007776690150734384,-0.0393287907506003,0.0393287907506003,2.0039767918619273,0.0,-60.85473016957319,5155.222753830934,-384.561645524978,0.0,-96.84053883563894,-18.020964110113955,-265.5524796130809,0.0,-269.70014257922514,45.55557585134574,0.46865980531904133,0.05020267955862916,0.38460917449450244,0,0.0,0.0,-650.1141251380589,0.0,0.13052907441589578,1737.3135313423697,6.136048031192961,-0.00600317137556744
170,2020-12-27 22:00:00,0.0,-0.65,54.85,13.35,0.0,0.0,0,3.15,771.309,0,0.35,0,0.656,205.011,0.0,-60.85473016957319,-16.82275658222766,0.02059960223099583,7.09189607747283,0.00773380161120265,0.0,0.0,2.0433055826125277,3.3696037639273917,60.85473016957319,5155.222753830934,3036.661705609568,0.0,95.59116776493516,2454.070392033841,291.54917326205174,0.0,487.0001458107917,45.55557585134574,0.4669351079612587,0.05011021991760121,0.3839008293120847,0,0.043020045724655426,0.0,650.1141251380591,2678.0967537335605,0.13052907441589578,1737.3135313423697,0.009656508914847652,-9.151315953485228e-05
171,2020-12-27 22:15:00,0.0,-0.7,60.0,13.9,0.0,0.0,0,3.5,771.203,0,0.35,0,0.666,207.973,0.0,0.0,-30.58430606891651,0.02059960223099583,3.765312359270094,0.004106120348168042,0.0,0.0279284270960688,2.0433055826125277,0.0,-74.3388549225582,5155.222753830934,-539.353466789561,0.0,-91.90153883563892,-29.704913183918045,-254.81223729087435,0.0,-417.747014770004,48.897251188177066,0.3061603602105053,0.040576307616945285,0.3108603029518144,0,0.0,0.0,-794.1657040804354,0.0,0.13052907441589578,1737.3565513880944,6.136040546370751,-0.007769133657295256
172,2020-12-27 22:30:00,0.0,-0.9,57.0,13.4,0.0,0.0,0,3.25,771.098,0,0.35,0,0.659,205.2,0.0,-74.3388549225582,-16.00605637686826,0.02059960223099583,3.765312359270094,0.004106120348168042,0.0,0.0,2.0712340097085966,2.8299229603126164,74.3388549225582,5155.222753830934,3921.712219346504,0.0,121.04155925302321,3003.9106355000804,302.7337909054026,0.0,796.7600245934003,48.897251188177066,0.3061603602105053,0.040576307616945285,0.3108603029518144,0,0.029289528730456767,0.0,794.1657040804353,3430.280306171471,0.13052907441589578,1737.3565513880944,0.0013516310631449023,0.0
173,2020-12-27 22:45:00,0.0,-0.8,55.9,12.9,0.0,0.0,0,3.2,770.992,0,0.35,0,0.657,205.037,0.0,0.0,-43.81084294023864,0.020599602230995835,0.9646789276879342,0.0010519944685800809,-0.01027962334379174,0.01027962334379174,2.0712340097085966,0.0,-124.67528168897427,5155.222753830934,-1068.5190858945539,0.0,-94.83753883563892,-31.4975160477363,-263.39318215284266,0.0,-942.1840310111787,51.72717414848968,0.1235009073331556,0.02577110962801804,0.19743578006157717,0,0.0,0.0,-1331.9122680473965,0.0,0.13052907441589578,1737.385840916825,6.136036323528509,-0.009975575797885947
